{"type":"FeatureCollection","features":[{"type":"Feature","geometry":{"type":"Polygon","coordinates":[[[50.3200524,53.5042435],[50.3200373,53.5041771],[50.3202233,53.5041621],[50.3202419,53.504244],[50.3201831,53.5042488],[50.3201868,53.504265],[50.3201051,53.5042716],[50.3200979,53.5042398],[50.3200524,53.5042435]]]},"properties":{"id":"dbc0c1b0-a81a-405c-9976-e0e4ac1082db","source_type":"osm"}},{"type":"Feature","geometry":{"type":"Polygon","coordinates":[[[50.3208309,53.527382],[50.3206792,53.5274202],[50.3206349,53.5273579],[50.3207865,53.5273197],[50.3208309,53.527382]]]},"properties":{"id":"20c99c3e-07d9-43ce-850c-be5819fc0986","source_type":"osm"}},{"type":"Feature","geometry":{"type":"Polygon","coordinates":[[[50.3206456,53.5278705],[50.32047,53.5279144],[50.3204232,53.5278483],[50.3205988,53.5278044],[50.3206456,53.5278705]]]},"properties":{"id":"01de4017-07b8-4087-a1e1-9400bec2b4ad","source_type":"osm"}},{"type":"Feature","geometry":{"type":"Polygon","coordinates":[[[50.3207401,53.5294202],[50.3206336,53.529445],[50.3205648,53.5293407],[50.3206712,53.5293159],[50.3207401,53.5294202]]]},"properties":{"id":"5af33b25-1f17-4889-833d-61d9c099f299","source_type":"osm"}},{"type":"Feature","geometry":{"type":"Polygon","coordinates":[[[50.3501494,53.5300469],[50.3501726,53.5300868],[50.3501008,53.5301016],[50.3500776,53.5300617],[50.3501494,53.5300469]]]},"properties":{"id":"bfaaf58f-e088-4a6a-8891-1a512975213b","source_type":"ml"}},{"type":"Feature","geometry":{"type":"Polygon","coordinates":[[[50.3512689,53.5282144],[50.3510054,53.5281532],[50.3510452,53.5280926],[50.3513087,53.5281538],[50.3512689,53.5282144]]]},"properties":{"id":"444c8eaf-d110-48de-9b0a-7ea4336c32f2","source_type":"osm"}},{"type":"Feature","geometry":{"type":"Polygon","coordinates":[[[50.3512673,53.5262408],[50.351146,53.5262313],[50.3511651,53.5261451],[50.3512864,53.5261546],[50.3512673,53.5262408]]]},"properties":{"id":"b2fd963b-2246-492f-a9e9-6a68ae9fb1af","source_type":"ml"}},{"type":"Feature","geometry":{"type":"Polygon","coordinates":[[[50.351172,53.5266551],[50.3510413,53.5266223],[50.3511094,53.5265263],[50.3512402,53.5265591],[50.351172,53.5266551]]]},"properties":{"id":"1fb1af94-2450-4c4d-9fac-dcaa99ce3561","source_type":"osm"}},{"type":"Feature","geometry":{"type":"Polygon","coordinates":[[[50.3505514,53.5273173],[50.3503553,53.5272711],[50.3504291,53.5271604],[50.3506252,53.5272066],[50.3505514,53.5273173]]]},"properties":{"id":"6182b65d-806c-4422-9353-11343dceffa9","source_type":"osm"}},{"type":"Feature","geometry":{"type":"Polygon","coordinates":[[[50.3503447,53.5276292],[50.3501549,53.5275832],[50.3502265,53.5274788],[50.3502711,53.5274896],[50.3502929,53.5274578],[50.3503854,53.5274803],[50.3503674,53.5275066],[50.3504107,53.5275171],[50.3504255,53.5274956],[50.3505372,53.5275226],[50.3504247,53.5276867],[50.3505953,53.527728],[50.3506912,53.5275881],[50.3508484,53.5276262],[50.3507286,53.5278009],[50.3503936,53.5277197],[50.3502996,53.5278567],[50.3502044,53.5278336],[50.3503447,53.5276292]]]},"properties":{"id":"546568fc-5a10-4df0-bfe6-c4277c77fe8e","source_type":"osm"}},{"type":"Feature","geometry":{"type":"Polygon","coordinates":[[[50.3491792,53.5274657],[50.3492527,53.5274848],[50.34919,53.5275699],[50.3491165,53.5275508],[50.3491792,53.5274657]]]},"properties":{"id":"6702800b-bb5f-45b7-8506-247c435ca556","source_type":"ml"}},{"type":"Feature","geometry":{"type":"Polygon","coordinates":[[[50.3489541,53.5272856],[50.3488832,53.5272663],[50.3489515,53.5271776],[50.3490549,53.5272057],[50.3490916,53.527158],[50.3491708,53.5271796],[50.3490846,53.5272916],[50.3491456,53.5273082],[50.3492361,53.5271907],[50.3493657,53.5272259],[50.3492087,53.5274299],[50.3490895,53.5273975],[50.3491073,53.5273744],[50.3489241,53.5273245],[50.3489541,53.5272856]]]},"properties":{"id":"6c13075b-da5a-4e20-a89d-bd9cc57d6683","source_type":"osm"}},{"type":"Feature","geometry":{"type":"Polygon","coordinates":[[[50.3492344,53.5250169],[50.3493046,53.5249424],[50.3493731,53.5249652],[50.3493029,53.5250397],[50.3492344,53.5250169]]]},"properties":{"id":"77c68907-83c2-47eb-a35b-9a39de6f38f7","source_type":"ml"}},{"type":"Feature","geometry":{"type":"Polygon","coordinates":[[[50.3482423,53.5302394],[50.3483007,53.5301741],[50.3484335,53.530216],[50.3483751,53.5302814],[50.3482423,53.5302394]]]},"properties":{"id":"63dea481-aa8e-416c-9502-c82600c0a3c5","source_type":"ml"}},{"type":"Feature","geometry":{"type":"Polygon","coordinates":[[[50.3451218,53.5269227],[50.3450158,53.5269069],[50.345055,53.5268139],[50.345161,53.5268297],[50.3451218,53.5269227]]]},"properties":{"id":"9ea8d478-5791-4c26-8c9c-8e110f746b18","source_type":"ml"}},{"type":"Feature","geometry":{"type":"Polygon","coordinates":[[[50.344831,53.5285615],[50.3448425,53.5285642],[50.3447965,53.5286312],[50.3447115,53.5286106],[50.3447575,53.5285436],[50.3447644,53.5285453],[50.3447878,53.5285111],[50.3448545,53.5285273],[50.344831,53.5285615]]]},"properties":{"id":"cdf91985-f1f0-4eb1-bd2c-19b24a25cb18","source_type":"ml"}},{"type":"Feature","geometry":{"type":"Polygon","coordinates":[[[50.3426185,53.5291488],[50.3425802,53.5291905],[50.3424615,53.529152],[50.3424999,53.5291102],[50.3426185,53.5291488]]]},"properties":{"id":"0dfe2bf6-2d6b-4f6f-bea2-3f3daf4fcd5c","source_type":"ml"}},{"type":"Feature","geometry":{"type":"Polygon","coordinates":[[[50.3428029,53.5263706],[50.3426675,53.526335],[50.342715,53.5262712],[50.3428503,53.5263068],[50.3428029,53.5263706]]]},"properties":{"id":"776d4042-e383-4430-82e4-be448d0693f1","source_type":"osm"}},{"type":"Feature","geometry":{"type":"Polygon","coordinates":[[[50.3428067,53.5260651],[50.3428259,53.5260421],[50.3428797,53.5260579],[50.3428605,53.526081],[50.3428067,53.5260651]]]},"properties":{"id":"d0076f1f-7ce3-447c-ab63-f2a91dbefa95","source_type":"ml"}},{"type":"Feature","geometry":{"type":"Polygon","coordinates":[[[50.3422605,53.5266707],[50.3422873,53.5266111],[50.3423524,53.5266215],[50.3423256,53.526681],[50.3422605,53.5266707]]]},"properties":{"id":"8871bc16-191d-468e-ac49-13ba3c687107","source_type":"ml"}},{"type":"Feature","geometry":{"type":"Polygon","coordinates":[[[50.3404122,53.5286439],[50.3403449,53.5286303],[50.3403988,53.528536],[50.3404661,53.5285496],[50.3404122,53.5286439]]]},"properties":{"id":"adf8a34b-dbcb-418b-b705-27f380506ba8","source_type":"ml"}},{"type":"Feature","geometry":{"type":"Polygon","coordinates":[[[50.3393286,53.5304853],[50.3392304,53.530462],[50.3392726,53.5303993],[50.3393709,53.5304226],[50.3393286,53.5304853]]]},"properties":{"id":"ca77a6ae-5505-4971-b97e-e3ecaaa9d571","source_type":"ml"}},{"type":"Feature","geometry":{"type":"Polygon","coordinates":[[[50.339851,53.5305376],[50.3398326,53.5305771],[50.3397504,53.5305635],[50.3397688,53.5305241],[50.339851,53.5305376]]]},"properties":{"id":"d8060e97-93f9-432c-8445-8a874aed418f","source_type":"ml"}},{"type":"Feature","geometry":{"type":"Polygon","coordinates":[[[50.3379648,53.5283735],[50.3380539,53.5282742],[50.3381821,53.5283149],[50.338093,53.5284142],[50.3379648,53.5283735]]]},"properties":{"id":"57333203-63a0-4631-ae3b-993cbb3a1a78","source_type":"ml"}},{"type":"Feature","geometry":{"type":"Polygon","coordinates":[[[50.3378277,53.5285869],[50.3377532,53.5286733],[50.3376172,53.5286319],[50.3376917,53.5285455],[50.3378277,53.5285869]]]},"properties":{"id":"0be9b694-abba-41b0-bc02-9fbc6ec059fd","source_type":"ml"}},{"type":"Feature","geometry":{"type":"Polygon","coordinates":[[[50.3361306,53.5147771],[50.3360305,53.5148277],[50.3359009,53.5147371],[50.336001,53.5146865],[50.3361306,53.5147771]]]},"properties":{"id":"75aa978b-4831-43b2-a85d-234d07dce01a","source_type":"osm"}},{"type":"Feature","geometry":{"type":"Polygon","coordinates":[[[50.3358215,53.5145454],[50.3357333,53.5145904],[50.3356335,53.5145212],[50.3357217,53.5144762],[50.3358215,53.5145454]]]},"properties":{"id":"5a759c03-8ec1-40c6-946b-ec08f63169ef","source_type":"osm"}},{"type":"Feature","geometry":{"type":"Polygon","coordinates":[[[50.3281442,53.5041261],[50.3282554,53.5041241],[50.3282599,53.5042134],[50.3281487,53.5042154],[50.3281442,53.5041261]]]},"properties":{"id":"979aa418-b086-4ebd-87ca-c45ebf4459ea","source_type":"ml"}},{"type":"Feature","geometry":{"type":"Polygon","coordinates":[[[50.3249381,53.5026228],[50.3249361,53.5025861],[50.3250958,53.502583],[50.3250978,53.5026197],[50.3249381,53.5026228]]]},"properties":{"id":"20596509-2f66-4a52-ad05-07d29c9d1260","source_type":"ml"}},{"type":"Feature","geometry":{"type":"Polygon","coordinates":[[[50.3254238,53.5039425],[50.325492,53.5039406],[50.3254938,53.5039629],[50.3254256,53.5039648],[50.3254238,53.5039425]]]},"properties":{"id":"e07a8d53-e4b4-41a8-be65-d75bbcbba447","source_type":"ml"}},{"type":"Feature","geometry":{"type":"Polygon","coordinates":[[[50.3266083,53.5036704],[50.3266131,53.5037702],[50.3265019,53.5037721],[50.326497,53.5036723],[50.3266083,53.5036704]]]},"properties":{"id":"1da64ba3-16eb-487b-a94b-442f2696301c","source_type":"ml"}},{"type":"Feature","geometry":{"type":"Polygon","coordinates":[[[50.3255721,53.5047252],[50.3255595,53.5046042],[50.3257559,53.5045969],[50.3257685,53.504718],[50.3255721,53.5047252]]]},"properties":{"id":"a59d1b47-4870-44be-89af-618b2360a135","source_type":"osm"}},{"type":"Feature","geometry":{"type":"Polygon","coordinates":[[[50.3234115,53.5034726],[50.3234893,53.5034716],[50.3234905,53.5035043],[50.3234127,53.5035053],[50.3234115,53.5034726]]]},"properties":{"id":"646a83c6-c243-4bd9-8c10-da2d8825c87b","source_type":"ml"}},{"type":"Feature","geometry":{"type":"Polygon","coordinates":[[[50.3235548,53.5029452],[50.3236078,53.5029394],[50.3235644,53.502799],[50.323624,53.5027925],[50.3236312,53.5028156],[50.3236857,53.5028097],[50.3237272,53.5029439],[50.3236701,53.5029501],[50.3236916,53.5030196],[50.3236568,53.5030234],[50.3236472,53.5029925],[50.323572,53.5030008],[50.3235548,53.5029452]]]},"properties":{"id":"f1602934-7019-4edc-95cf-ea6cabd325f3","source_type":"ml"}},{"type":"Feature","geometry":{"type":"Polygon","coordinates":[[[50.3230589,53.5031712],[50.3231446,53.5031687],[50.3231488,53.5032196],[50.3230632,53.5032222],[50.3230589,53.5031712]]]},"properties":{"id":"22d2183c-1326-4fba-8525-e38edd09b57d","source_type":"ml"}},{"type":"Feature","geometry":{"type":"Polygon","coordinates":[[[50.3228422,53.5029771],[50.3229119,53.5029758],[50.3229172,53.5030746],[50.3228475,53.5030759],[50.3228422,53.5029771]]]},"properties":{"id":"f2a8335e-2325-430d-bacd-0dcc2db4b8d0","source_type":"ml"}},{"type":"Feature","geometry":{"type":"Polygon","coordinates":[[[50.3219937,53.5033008],[50.3219898,53.5032378],[50.3220701,53.503236],[50.3220741,53.503299],[50.3219937,53.5033008]]]},"properties":{"id":"40fa9452-f908-415e-9c56-534d64c60a6e","source_type":"ml"}},{"type":"Feature","geometry":{"type":"Polygon","coordinates":[[[50.3224758,53.5030739],[50.3224771,53.5031441],[50.322394,53.5031446],[50.3223927,53.5030744],[50.3224758,53.5030739]]]},"properties":{"id":"9f2108bd-8381-4ada-a0b7-3c95ec9758f8","source_type":"ml"}},{"type":"Feature","geometry":{"type":"Polygon","coordinates":[[[50.3293546,53.5030898],[50.3293446,53.5030492],[50.3294274,53.5030419],[50.3294375,53.5030825],[50.3293546,53.5030898]]]},"properties":{"id":"48e853c5-7582-468e-8bdd-e6bf9d330662","source_type":"ml"}},{"type":"Feature","geometry":{"type":"Polygon","coordinates":[[[50.3307576,53.5037051],[50.3307582,53.5035903],[50.3308442,53.5035905],[50.3308439,53.5036294],[50.330895,53.5036295],[50.3308945,53.5037193],[50.3307808,53.5037191],[50.3307808,53.5037052],[50.3307576,53.5037051]]]},"properties":{"id":"d83cf730-062f-4fe7-800c-8445d1266bcb","source_type":"osm"}},{"type":"Feature","geometry":{"type":"Polygon","coordinates":[[[50.3320805,53.5034721],[50.3320759,53.503571],[50.3319273,53.5035685],[50.3319318,53.5034697],[50.3320805,53.5034721]]]},"properties":{"id":"8182a37b-2701-4e4c-bc1f-661fbe7f9c5c","source_type":"ml"}},{"type":"Feature","geometry":{"type":"Polygon","coordinates":[[[50.3315384,53.5034261],[50.331378,53.5034253],[50.3313789,53.5033583],[50.3315394,53.5033591],[50.3315384,53.5034261]]]},"properties":{"id":"1ec1f8c1-02dc-4e1d-b3c7-453f5c68511b","source_type":"osm"}},{"type":"Feature","geometry":{"type":"Polygon","coordinates":[[[50.3322959,53.5022366],[50.3323548,53.5022379],[50.3323524,53.5022777],[50.3322934,53.5022764],[50.3322959,53.5022366]]]},"properties":{"id":"45066e73-e206-4739-8be4-8fd3246df600","source_type":"ml"}},{"type":"Feature","geometry":{"type":"Polygon","coordinates":[[[50.3334514,53.5032788],[50.3335881,53.5032777],[50.33359,53.5033607],[50.3334532,53.5033618],[50.3334514,53.5032788]]]},"properties":{"id":"8f9f43b1-968e-409c-ade0-b57cebfc8df6","source_type":"ml"}},{"type":"Feature","geometry":{"type":"Polygon","coordinates":[[[50.3340475,53.5027866],[50.3340398,53.502693],[50.3341353,53.5026902],[50.334143,53.5027838],[50.3340475,53.5027866]]]},"properties":{"id":"9ec96813-16dc-4d6b-a1ef-68910a6debfe","source_type":"osm"}},{"type":"Feature","geometry":{"type":"Polygon","coordinates":[[[50.3347112,53.502761],[50.334707,53.502631],[50.3347526,53.5026305],[50.3347535,53.50266],[50.3348259,53.5026592],[50.3348292,53.5027597],[50.3347112,53.502761]]]},"properties":{"id":"a8758853-ea35-48e6-93a0-b353a825e321","source_type":"ml"}},{"type":"Feature","geometry":{"type":"Polygon","coordinates":[[[50.3403319,53.5001103],[50.3404835,53.5001074],[50.3404871,53.500176],[50.3403355,53.5001788],[50.3403319,53.5001103]]]},"properties":{"id":"2acfc8ad-d329-4a45-b108-84d063afb884","source_type":"ml"}},{"type":"Feature","geometry":{"type":"Polygon","coordinates":[[[50.3409425,53.5001175],[50.3410055,53.5001231],[50.3409988,53.5001496],[50.3409359,53.5001441],[50.3409425,53.5001175]]]},"properties":{"id":"8c866fd5-e517-434e-93b2-fcb4ab838b67","source_type":"ml"}},{"type":"Feature","geometry":{"type":"Polygon","coordinates":[[[50.3425714,53.500809],[50.3424098,53.5008064],[50.3424156,53.5006772],[50.3425772,53.5006798],[50.3425714,53.500809]]]},"properties":{"id":"a8ad5331-8181-40d8-8676-4e99abff0df3","source_type":"osm"}},{"type":"Feature","geometry":{"type":"Polygon","coordinates":[[[50.3422554,53.5026013],[50.342257,53.5026411],[50.3421095,53.5026432],[50.342108,53.5026033],[50.3422554,53.5026013]]]},"properties":{"id":"85ee57fb-9493-4f98-b750-a0ad7c9945ef","source_type":"ml"}},{"type":"Feature","geometry":{"type":"Polygon","coordinates":[[[50.3435789,53.5026448],[50.3434306,53.5026432],[50.3434329,53.5025688],[50.3435813,53.5025705],[50.3435789,53.5026448]]]},"properties":{"id":"76fbc6b8-4c9c-4d84-90b1-8f6597acf385","source_type":"osm"}},{"type":"Feature","geometry":{"type":"Polygon","coordinates":[[[50.3408599,53.5033625],[50.3406719,53.5033595],[50.3406792,53.5031945],[50.3408673,53.5031975],[50.3408599,53.5033625]]]},"properties":{"id":"8642e557-3b80-4333-bc10-164bd01fbfbf","source_type":"osm"}},{"type":"Feature","geometry":{"type":"Polygon","coordinates":[[[50.3405282,53.5034448],[50.3404719,53.5034449],[50.3404706,53.5032401],[50.3405269,53.50324],[50.3405282,53.5034448]]]},"properties":{"id":"261019e7-acd9-4c2d-b2fb-f3c5c4fef80e","source_type":"ml"}},{"type":"Feature","geometry":{"type":"Polygon","coordinates":[[[50.3385773,53.5046844],[50.3386376,53.5046831],[50.3386395,53.5047144],[50.3385792,53.5047157],[50.3385773,53.5046844]]]},"properties":{"id":"007caaf4-573b-4fb2-9340-dade798e4892","source_type":"ml"}},{"type":"Feature","geometry":{"type":"Polygon","coordinates":[[[50.3386016,53.5034376],[50.3384998,53.5034361],[50.3385079,53.5032305],[50.3386098,53.5032319],[50.3386016,53.5034376]]]},"properties":{"id":"748d38e6-ba21-4b1c-adc4-18be49e21545","source_type":"ml"}},{"type":"Feature","geometry":{"type":"Polygon","coordinates":[[[50.3398338,53.5033155],[50.3398316,53.5032307],[50.3401051,53.5032283],[50.3401072,53.503313],[50.3398338,53.5033155]]]},"properties":{"id":"a2e2a77e-f4fb-4b7f-aa92-55d3d7a6e2ab","source_type":"osm"}},{"type":"Feature","geometry":{"type":"Polygon","coordinates":[[[50.3399565,53.5009887],[50.3399614,53.5006494],[50.3401275,53.5006503],[50.3401226,53.5009896],[50.3399565,53.5009887]]]},"properties":{"id":"6d1960c0-0039-4647-aa71-b0b0dfb99c3c","source_type":"osm"}},{"type":"Feature","geometry":{"type":"Polygon","coordinates":[[[50.3421633,53.5114893],[50.3422565,53.5115427],[50.3421962,53.5115799],[50.342103,53.5115265],[50.3421633,53.5114893]]]},"properties":{"id":"448e27a6-152e-4594-a7ad-86edec37d825","source_type":"ml"}},{"type":"Feature","geometry":{"type":"Polygon","coordinates":[[[50.3418832,53.5120346],[50.3418586,53.5119502],[50.3420298,53.5119325],[50.3420544,53.512017],[50.3418832,53.5120346]]]},"properties":{"id":"a917f3c6-e72e-4d7d-b31e-93e47e613b0b","source_type":"osm"}},{"type":"Feature","geometry":{"type":"Polygon","coordinates":[[[50.3512751,53.5242347],[50.3513092,53.524203],[50.3514855,53.5242699],[50.3514514,53.5243016],[50.3512751,53.5242347]]]},"properties":{"id":"5a99ce00-7de2-4977-a7f0-c6d227a59042","source_type":"ml"}},{"type":"Feature","geometry":{"type":"Polygon","coordinates":[[[50.3447778,53.5026069],[50.3447751,53.5026323],[50.3447137,53.50263],[50.3447164,53.5026046],[50.3447778,53.5026069]]]},"properties":{"id":"35071607-24ca-4e5d-aee1-ba33dbfc6013","source_type":"ml"}},{"type":"Feature","geometry":{"type":"Polygon","coordinates":[[[50.3447213,53.5024863],[50.344724,53.5024529],[50.3448177,53.5024555],[50.344815,53.5024889],[50.3447213,53.5024863]]]},"properties":{"id":"e57fa9a1-fa14-44d8-9287-af44186cfed7","source_type":"ml"}},{"type":"Feature","geometry":{"type":"Polygon","coordinates":[[[50.3620436,53.4959063],[50.3619713,53.4958909],[50.3620039,53.4958366],[50.3620763,53.495852],[50.3620436,53.4959063]]]},"properties":{"id":"9d34717d-44e7-4140-bb77-ee2874945a23","source_type":"ml"}},{"type":"Feature","geometry":{"type":"Polygon","coordinates":[[[50.3545678,53.5052873],[50.3545319,53.5053445],[50.3543856,53.505312],[50.3544215,53.5052548],[50.3545678,53.5052873]]]},"properties":{"id":"7d9822cd-de39-48f7-8253-30a4ed680e56","source_type":"osm"}},{"type":"Feature","geometry":{"type":"Polygon","coordinates":[[[50.3533846,53.5028578],[50.3532693,53.5028757],[50.353221,53.5027655],[50.3533363,53.5027476],[50.3533846,53.5028578]]]},"properties":{"id":"ef7f1065-6906-43ba-b9c4-4e9a78078f01","source_type":"osm"}},{"type":"Feature","geometry":{"type":"Polygon","coordinates":[[[50.3534442,53.5039876],[50.3533707,53.5040451],[50.3532377,53.5039849],[50.3533111,53.5039274],[50.3534442,53.5039876]]]},"properties":{"id":"846ac678-e55b-45fe-9c77-6f90fffa5486","source_type":"osm"}},{"type":"Feature","geometry":{"type":"Polygon","coordinates":[[[50.35426,53.5048482],[50.354146,53.5048677],[50.354102,53.5047765],[50.3542159,53.5047571],[50.35426,53.5048482]]]},"properties":{"id":"a59feb5a-3857-4a82-a298-6931243bced9","source_type":"osm"}},{"type":"Feature","geometry":{"type":"Polygon","coordinates":[[[50.3526783,53.5052188],[50.3525691,53.5053026],[50.3524747,53.5052591],[50.352584,53.5051753],[50.3526783,53.5052188]]]},"properties":{"id":"4264534e-fe9f-4689-9055-81ea6461b0cb","source_type":"osm"}},{"type":"Feature","geometry":{"type":"Polygon","coordinates":[[[50.3529162,53.5038624],[50.3527923,53.5038137],[50.3528405,53.5037704],[50.3529644,53.5038191],[50.3529162,53.5038624]]]},"properties":{"id":"db4c7b0b-9261-4cfc-b794-ac269dacbb5d","source_type":"osm"}},{"type":"Feature","geometry":{"type":"Polygon","coordinates":[[[50.3521614,53.504134],[50.3519756,53.5041161],[50.3519939,53.5040492],[50.3521797,53.5040671],[50.3521614,53.504134]]]},"properties":{"id":"9ce29e2a-7261-47e3-9696-3457bcb78a8d","source_type":"osm"}},{"type":"Feature","geometry":{"type":"Polygon","coordinates":[[[50.3546788,53.5078896],[50.3544949,53.5079747],[50.3544061,53.5079068],[50.35459,53.5078217],[50.3546788,53.5078896]]]},"properties":{"id":"a4f3e06a-e85e-4f40-9f45-4908cfdffb09","source_type":"osm"}},{"type":"Feature","geometry":{"type":"Polygon","coordinates":[[[50.3555117,53.5075479],[50.3553706,53.5076132],[50.3553052,53.5075632],[50.3554463,53.5074979],[50.3555117,53.5075479]]]},"properties":{"id":"32dc8175-357b-4b54-a272-9acada745476","source_type":"osm"}},{"type":"Feature","geometry":{"type":"Polygon","coordinates":[[[50.3567464,53.5090947],[50.3566532,53.5091378],[50.3565424,53.5090531],[50.3566356,53.50901],[50.3567464,53.5090947]]]},"properties":{"id":"a313760a-e93b-4171-b292-3d8a23010364","source_type":"osm"}},{"type":"Feature","geometry":{"type":"Polygon","coordinates":[[[50.3566893,53.5094471],[50.3565943,53.5093776],[50.3566675,53.5093422],[50.3567625,53.5094117],[50.3566893,53.5094471]]]},"properties":{"id":"14827fb7-6085-4764-ac21-fdc6dc424934","source_type":"osm"}},{"type":"Feature","geometry":{"type":"Polygon","coordinates":[[[50.3554807,53.5092438],[50.355416,53.5091905],[50.3555317,53.5091408],[50.3555965,53.5091941],[50.3554807,53.5092438]]]},"properties":{"id":"65653635-4b35-494e-9f42-673df7bb1670","source_type":"osm"}},{"type":"Feature","geometry":{"type":"Polygon","coordinates":[[[50.3558894,53.5084389],[50.3557899,53.508485],[50.3556692,53.5083927],[50.3557688,53.5083467],[50.3558894,53.5084389]]]},"properties":{"id":"99028bb2-635d-42d4-a76c-e6cf4c2364e3","source_type":"osm"}},{"type":"Feature","geometry":{"type":"Polygon","coordinates":[[[50.3554201,53.5086644],[50.3553163,53.50859],[50.355396,53.5085507],[50.3554998,53.5086251],[50.3554201,53.5086644]]]},"properties":{"id":"1c9292d9-6bc0-4130-9ac2-c5b96e40fc9a","source_type":"osm"}},{"type":"Feature","geometry":{"type":"Polygon","coordinates":[[[50.353737,53.5231175],[50.3538076,53.5231332],[50.3537372,53.5232451],[50.3536666,53.5232294],[50.353737,53.5231175]]]},"properties":{"id":"b69d49e2-b1af-4a8d-80e5-27bd45d8b663","source_type":"ml"}},{"type":"Feature","geometry":{"type":"Polygon","coordinates":[[[50.3563828,53.5222474],[50.3564456,53.5222741],[50.3564164,53.5222984],[50.3563536,53.5222716],[50.3563828,53.5222474]]]},"properties":{"id":"f1cdae9a-5344-4217-bd52-2da0f998997f","source_type":"ml"}},{"type":"Feature","geometry":{"type":"Polygon","coordinates":[[[50.3584452,53.5180205],[50.3584832,53.5181307],[50.3584111,53.5181395],[50.3583731,53.5180293],[50.3584452,53.5180205]]]},"properties":{"id":"5d62aefb-aa99-4ae8-94a4-678bfe22727a","source_type":"ml"}},{"type":"Feature","geometry":{"type":"Polygon","coordinates":[[[50.3577155,53.5216869],[50.3577754,53.5216052],[50.3578205,53.5216169],[50.3577989,53.5216463],[50.3578778,53.5216668],[50.3578395,53.5217191],[50.3577155,53.5216869]]]},"properties":{"id":"060c0ce3-dcc6-4f27-a000-cd4d51aa61c6","source_type":"ml"}},{"type":"Feature","geometry":{"type":"Polygon","coordinates":[[[50.3577817,53.5226559],[50.3578521,53.5226801],[50.3577935,53.5227404],[50.3577231,53.5227163],[50.3577817,53.5226559]]]},"properties":{"id":"42876943-822c-4278-bbe9-2d9247abf8c6","source_type":"ml"}},{"type":"Feature","geometry":{"type":"Polygon","coordinates":[[[50.359096,53.5227895],[50.3590225,53.5227725],[50.359037,53.5227504],[50.3591105,53.5227674],[50.359096,53.5227895]]]},"properties":{"id":"92d0feb9-cd83-4be9-883c-5fa1c0d0aa7f","source_type":"ml"}},{"type":"Feature","geometry":{"type":"Polygon","coordinates":[[[50.3594806,53.5230595],[50.3595235,53.5230674],[50.3594919,53.5231279],[50.359449,53.5231199],[50.3594806,53.5230595]]]},"properties":{"id":"72ebc727-563c-4c63-b777-4182051ca7d7","source_type":"ml"}},{"type":"Feature","geometry":{"type":"Polygon","coordinates":[[[50.3599766,53.5218741],[50.3598585,53.5218638],[50.3598687,53.5218222],[50.3599869,53.5218326],[50.3599766,53.5218741]]]},"properties":{"id":"7d4e6aa7-2373-492a-ada6-99e9762482ce","source_type":"ml"}},{"type":"Feature","geometry":{"type":"Polygon","coordinates":[[[50.3602862,53.5213604],[50.3603131,53.5213868],[50.3602082,53.5214247],[50.3601813,53.5213984],[50.3602862,53.5213604]]]},"properties":{"id":"8bbf28b7-9d99-406f-94f8-cd421f2610c4","source_type":"ml"}},{"type":"Feature","geometry":{"type":"Polygon","coordinates":[[[50.3613245,53.5223909],[50.361326,53.52241],[50.3613715,53.5224087],[50.361374,53.5224405],[50.3612697,53.5224435],[50.3612656,53.5223926],[50.3613245,53.5223909]]]},"properties":{"id":"c0e18b14-a1f1-4685-b448-7976f3fb8813","source_type":"ml"}},{"type":"Feature","geometry":{"type":"Polygon","coordinates":[[[50.3606708,53.5180002],[50.3605776,53.5178974],[50.3607929,53.5178283],[50.3608862,53.5179312],[50.3606708,53.5180002]]]},"properties":{"id":"037e6ffe-9db3-4b4d-a341-bb65b7b8edb9","source_type":"osm"}},{"type":"Feature","geometry":{"type":"Polygon","coordinates":[[[50.3616252,53.5153463],[50.3616886,53.5152703],[50.3617945,53.5153015],[50.3617312,53.5153775],[50.3616252,53.5153463]]]},"properties":{"id":"a2476dac-5801-488b-8564-97da609a1dc9","source_type":"osm"}},{"type":"Feature","geometry":{"type":"Polygon","coordinates":[[[50.3617027,53.5152665],[50.3616542,53.5152617],[50.3616636,53.5152276],[50.3617122,53.5152323],[50.3617027,53.5152665]]]},"properties":{"id":"ec644d10-5164-4b90-81e4-683ba217af96","source_type":"ml"}},{"type":"Feature","geometry":{"type":"Polygon","coordinates":[[[50.3590266,53.5119815],[50.358905,53.5120464],[50.3588148,53.5119867],[50.3589364,53.5119218],[50.3590266,53.5119815]]]},"properties":{"id":"ec6c959a-e8e8-4c90-87c4-99ce348c9686","source_type":"osm"}},{"type":"Feature","geometry":{"type":"Polygon","coordinates":[[[50.3588896,53.5093241],[50.3587953,53.5092634],[50.358868,53.5092235],[50.3589623,53.5092842],[50.3588896,53.5093241]]]},"properties":{"id":"15b70094-1687-4f7c-8038-3fd7155ace5f","source_type":"osm"}},{"type":"Feature","geometry":{"type":"Polygon","coordinates":[[[50.3579371,53.5094962],[50.3578273,53.5094121],[50.357908,53.5093748],[50.3580178,53.509459],[50.3579371,53.5094962]]]},"properties":{"id":"68127c46-6b31-48b0-ae71-ac479d371f8e","source_type":"osm"}},{"type":"Feature","geometry":{"type":"Polygon","coordinates":[[[50.3682296,53.5122264],[50.3682197,53.5122075],[50.3681562,53.5122193],[50.3681202,53.512151],[50.3682546,53.512126],[50.3683005,53.5122132],[50.3682296,53.5122264]]]},"properties":{"id":"5929b7e1-bda0-4a37-867f-a53e879e2aa5","source_type":"ml"}},{"type":"Feature","geometry":{"type":"Polygon","coordinates":[[[50.3682171,53.5125302],[50.3682148,53.5124585],[50.3682524,53.512458],[50.368253,53.5124772],[50.3683066,53.5124766],[50.3683082,53.5125292],[50.3682171,53.5125302]]]},"properties":{"id":"09bfa7fd-d102-4ab2-9416-a4a345e2c679","source_type":"ml"}},{"type":"Feature","geometry":{"type":"Polygon","coordinates":[[[50.3665019,53.5127261],[50.3664378,53.5126839],[50.3664689,53.5126672],[50.3665329,53.5127094],[50.3665019,53.5127261]]]},"properties":{"id":"865b9f7c-cb3e-422c-8192-f03731ba8077","source_type":"ml"}},{"type":"Feature","geometry":{"type":"Polygon","coordinates":[[[50.3656861,53.5140979],[50.3655789,53.5141504],[50.3655486,53.5141285],[50.3656558,53.5140761],[50.3656861,53.5140979]]]},"properties":{"id":"5cce799c-e5db-4e81-a87d-268a065f258d","source_type":"ml"}},{"type":"Feature","geometry":{"type":"Polygon","coordinates":[[[50.3657893,53.5140219],[50.3657626,53.5140077],[50.3658187,53.5139707],[50.3658453,53.513985],[50.3657893,53.5140219]]]},"properties":{"id":"be62f89a-be91-4f3f-817a-89401dfde44f","source_type":"ml"}},{"type":"Feature","geometry":{"type":"Polygon","coordinates":[[[50.3653266,53.5145381],[50.3653956,53.5145017],[50.3654568,53.5145427],[50.3653878,53.5145792],[50.3653266,53.5145381]]]},"properties":{"id":"5da5b461-d4b7-404e-8b11-65001aab9900","source_type":"ml"}},{"type":"Feature","geometry":{"type":"Polygon","coordinates":[[[50.3647538,53.513162],[50.3646677,53.513102],[50.3648004,53.5130348],[50.3648865,53.5130948],[50.3647538,53.513162]]]},"properties":{"id":"7f75d190-9ad9-491f-b606-384ee7610898","source_type":"osm"}},{"type":"Feature","geometry":{"type":"Polygon","coordinates":[[[50.3636886,53.5153396],[50.3637657,53.5153572],[50.3637478,53.515385],[50.3636706,53.5153674],[50.3636886,53.5153396]]]},"properties":{"id":"3af61caf-f373-44fc-bbe0-ce6e03d19460","source_type":"ml"}},{"type":"Feature","geometry":{"type":"Polygon","coordinates":[[[50.3641651,53.51498],[50.3640232,53.514893],[50.3641492,53.5148203],[50.3642912,53.5149073],[50.3641651,53.51498]]]},"properties":{"id":"6dadd56b-dcda-4b13-a840-48af4b2b8e4a","source_type":"osm"}},{"type":"Feature","geometry":{"type":"Polygon","coordinates":[[[50.3644128,53.5164706],[50.3642049,53.5164101],[50.3642573,53.5163463],[50.3644653,53.5164068],[50.3644128,53.5164706]]]},"properties":{"id":"b1c7d355-c603-4689-bb92-1d9c96c22057","source_type":"osm"}},{"type":"Feature","geometry":{"type":"Polygon","coordinates":[[[50.367632,53.5149438],[50.3675274,53.5149455],[50.3675257,53.5149072],[50.3676303,53.5149056],[50.367632,53.5149438]]]},"properties":{"id":"5fe3a410-82f7-4205-ac45-ab4dcb8fb617","source_type":"ml"}},{"type":"Feature","geometry":{"type":"Polygon","coordinates":[[[50.3797549,53.4960144],[50.3797424,53.495976],[50.3798019,53.4959692],[50.3798143,53.4960076],[50.3797549,53.4960144]]]},"properties":{"id":"66d213e4-98de-4a5a-ae59-77b94129cdbc","source_type":"ml"}},{"type":"Feature","geometry":{"type":"Polygon","coordinates":[[[50.3805158,53.5073344],[50.3805651,53.5074154],[50.380411,53.5074486],[50.3803617,53.5073676],[50.3805158,53.5073344]]]},"properties":{"id":"1beb4ffc-ac13-435a-b7cf-6d865be2a69e","source_type":"ml"}},{"type":"Feature","geometry":{"type":"Polygon","coordinates":[[[50.3794896,53.5070558],[50.3794629,53.5070206],[50.3795238,53.5070042],[50.3795506,53.5070393],[50.3794896,53.5070558]]]},"properties":{"id":"1be0627e-0511-46e9-a4ae-2932b3fd1bcc","source_type":"ml"}},{"type":"Feature","geometry":{"type":"Polygon","coordinates":[[[50.3800412,53.5099979],[50.3800294,53.5099762],[50.380113,53.5099601],[50.3801248,53.5099817],[50.3800412,53.5099979]]]},"properties":{"id":"e41d12dd-a90a-491b-bd60-fb4c0c77d83c","source_type":"ml"}},{"type":"Feature","geometry":{"type":"Polygon","coordinates":[[[50.3795644,53.5095575],[50.3794945,53.5094425],[50.3798102,53.5093746],[50.3798802,53.5094897],[50.3795644,53.5095575]]]},"properties":{"id":"ad73244f-e336-4b11-bfae-09c9538833d1","source_type":"osm"}},{"type":"Feature","geometry":{"type":"Polygon","coordinates":[[[50.3805807,53.5107658],[50.3805955,53.5108136],[50.3804788,53.5108264],[50.380464,53.5107786],[50.3805807,53.5107658]]]},"properties":{"id":"e960516a-1dd8-494e-bdb8-fd3cbef1540a","source_type":"ml"}},{"type":"Feature","geometry":{"type":"Polygon","coordinates":[[[50.3787407,53.5076928],[50.3788596,53.507679],[50.3788747,53.5077251],[50.3787559,53.5077389],[50.3787407,53.5076928]]]},"properties":{"id":"e4b36d41-2350-43c0-9cae-026cf179d454","source_type":"ml"}},{"type":"Feature","geometry":{"type":"Polygon","coordinates":[[[50.3788943,53.5076725],[50.3789933,53.5076699],[50.3789973,53.5077241],[50.3788983,53.5077266],[50.3788943,53.5076725]]]},"properties":{"id":"72ad8de3-c37b-4855-a0b1-05db8bb8b900","source_type":"ml"}},{"type":"Feature","geometry":{"type":"Polygon","coordinates":[[[50.3793018,53.5070784],[50.3792815,53.5070463],[50.3793237,53.5070368],[50.3793441,53.5070689],[50.3793018,53.5070784]]]},"properties":{"id":"a8e0a452-bb3d-4e95-9c05-757597c082be","source_type":"ml"}},{"type":"Feature","geometry":{"type":"Polygon","coordinates":[[[50.3771553,53.5289507],[50.3770469,53.5289495],[50.3770475,53.5289327],[50.3771559,53.5289339],[50.3771553,53.5289507]]]},"properties":{"id":"afe1244f-6aba-4989-9008-cf76de19fe7f","source_type":"ml"}},{"type":"Feature","geometry":{"type":"Polygon","coordinates":[[[50.3786283,53.530235],[50.3786283,53.5301251],[50.3787247,53.5301251],[50.3787247,53.530235],[50.3786283,53.530235]]]},"properties":{"id":"b71c232f-5e78-4cbf-8eda-620207d331a0","source_type":"osm"}},{"type":"Feature","geometry":{"type":"Polygon","coordinates":[[[50.3598359,53.523862],[50.3597106,53.5238143],[50.359764,53.5237647],[50.3598894,53.5238125],[50.3598359,53.523862]]]},"properties":{"id":"9adb50c9-47b7-4ab0-931e-baf714a1973d","source_type":"osm"}},{"type":"Feature","geometry":{"type":"Polygon","coordinates":[[[50.3572986,53.5260746],[50.3571009,53.5260417],[50.3571472,53.5259434],[50.3573449,53.5259762],[50.3572986,53.5260746]]]},"properties":{"id":"48b30b83-2dcc-4cf0-a721-f2ac32df9f30","source_type":"osm"}},{"type":"Feature","geometry":{"type":"Polygon","coordinates":[[[50.3543929,53.5289988],[50.354327,53.5289865],[50.3543362,53.5289691],[50.354407,53.5289823],[50.3544449,53.5289105],[50.3545304,53.5289265],[50.3544901,53.5290026],[50.3543998,53.5289857],[50.3543929,53.5289988]]]},"properties":{"id":"94cf08e6-6fe2-46f3-9e23-ad14d7cb1bb2","source_type":"ml"}},{"type":"Feature","geometry":{"type":"Polygon","coordinates":[[[50.3559993,53.5278561],[50.3558874,53.5278255],[50.3559671,53.5277223],[50.356079,53.5277529],[50.3559993,53.5278561]]]},"properties":{"id":"11953df8-e7f1-42d0-8707-2e31c4d8d22a","source_type":"osm"}},{"type":"Feature","geometry":{"type":"Polygon","coordinates":[[[50.3561669,53.5269297],[50.3562581,53.5269504],[50.3562406,53.5269776],[50.3561494,53.5269568],[50.3561669,53.5269297]]]},"properties":{"id":"c7748aff-0d9f-485a-8353-5ef169364214","source_type":"ml"}},{"type":"Feature","geometry":{"type":"Polygon","coordinates":[[[50.3566373,53.5259067],[50.3567212,53.5259169],[50.3567003,53.5259781],[50.3566164,53.525968],[50.3566373,53.5259067]]]},"properties":{"id":"823f0fd9-e28e-4f64-a6d8-108464f926f5","source_type":"ml"}},{"type":"Feature","geometry":{"type":"Polygon","coordinates":[[[50.3555506,53.525959],[50.3556161,53.5259751],[50.3555909,53.5260112],[50.3555255,53.5259951],[50.3555506,53.525959]]]},"properties":{"id":"d4bfb854-5185-41bf-ad0e-17255b0e8f8c","source_type":"ml"}},{"type":"Feature","geometry":{"type":"Polygon","coordinates":[[[50.3555487,53.5248712],[50.355391,53.5248315],[50.3554608,53.5247334],[50.3555826,53.5247641],[50.3555614,53.5247938],[50.3555974,53.5248029],[50.3555487,53.5248712]]]},"properties":{"id":"21c94b77-4226-42e2-a9b3-28aba2d7c72f","source_type":"osm"}},{"type":"Feature","geometry":{"type":"Polygon","coordinates":[[[50.3544471,53.5248961],[50.3545128,53.5249217],[50.3544894,53.5249429],[50.3544238,53.5249173],[50.3544471,53.5248961]]]},"properties":{"id":"4a5776f1-6dcb-4421-8480-f63f3b0744b9","source_type":"ml"}},{"type":"Feature","geometry":{"type":"Polygon","coordinates":[[[50.3555964,53.5260425],[50.3556414,53.5259858],[50.3557028,53.5260031],[50.3556578,53.5260598],[50.3555964,53.5260425]]]},"properties":{"id":"5c73ddd1-c6dc-4a47-b191-7ab1d46db76e","source_type":"ml"}},{"type":"Feature","geometry":{"type":"Polygon","coordinates":[[[50.3543805,53.5282127],[50.3541919,53.5281669],[50.3542555,53.5280744],[50.3544441,53.5281202],[50.3543805,53.5282127]]]},"properties":{"id":"763d3a31-84c2-43c9-abd7-490bd7ef1b62","source_type":"osm"}},{"type":"Feature","geometry":{"type":"Polygon","coordinates":[[[50.3535045,53.5275061],[50.3534338,53.5274905],[50.3535121,53.5273652],[50.3535828,53.5273808],[50.3535045,53.5275061]]]},"properties":{"id":"3d8265b6-0566-4ae2-b0b0-805e50cd2bc7","source_type":"ml"}},{"type":"Feature","geometry":{"type":"Polygon","coordinates":[[[50.351716,53.5254365],[50.3516307,53.5254292],[50.3516505,53.525348],[50.3516175,53.5253451],[50.3516312,53.5252889],[50.3517495,53.5252991],[50.351716,53.5254365]]]},"properties":{"id":"dfbd45b5-548c-432b-8c1e-e7c9fe86aad9","source_type":"ml"}},{"type":"Feature","geometry":{"type":"Polygon","coordinates":[[[50.3517431,53.5267289],[50.3516063,53.5266937],[50.3517234,53.5265328],[50.3518864,53.5265747],[50.3518321,53.5266494],[50.3518058,53.5266427],[50.3517431,53.5267289]]]},"properties":{"id":"ffbe8c94-05e4-4c11-b749-27bfbc50afb9","source_type":"osm"}},{"type":"Feature","geometry":{"type":"Polygon","coordinates":[[[50.3520491,53.5270522],[50.3518324,53.5269953],[50.3519435,53.5268458],[50.3521602,53.5269027],[50.3520491,53.5270522]]]},"properties":{"id":"2e73c1a2-16d0-43ab-bc2f-19e395e36e17","source_type":"osm"}},{"type":"Feature","geometry":{"type":"Polygon","coordinates":[[[50.3527135,53.5277915],[50.3524891,53.5277332],[50.3525288,53.5276792],[50.3525478,53.5276841],[50.3525766,53.5276449],[50.352782,53.5276983],[50.3527135,53.5277915]]]},"properties":{"id":"d4c90fd1-0290-4c42-9654-9d2f81f0c3c5","source_type":"osm"}},{"type":"Feature","geometry":{"type":"Polygon","coordinates":[[[50.3541017,53.5287007],[50.3541752,53.5287178],[50.354113,53.5288126],[50.3540395,53.5287956],[50.3541017,53.5287007]]]},"properties":{"id":"0af326e5-e4d0-4b5f-bdb6-c2956b295859","source_type":"ml"}},{"type":"Feature","geometry":{"type":"Polygon","coordinates":[[[50.3203594,53.5274266],[50.3201938,53.527468],[50.3201542,53.5274121],[50.3203198,53.5273707],[50.3203594,53.5274266]]]},"properties":{"id":"d0833bc6-7eff-476f-a484-ba4ef3a07299","source_type":"osm"}},{"type":"Feature","geometry":{"type":"Polygon","coordinates":[[[50.3202833,53.5283028],[50.3201562,53.5283353],[50.3200747,53.5282228],[50.3202018,53.5281903],[50.3202833,53.5283028]]]},"properties":{"id":"adbc7858-a94c-4540-bfba-ed1d4e97a09f","source_type":"osm"}},{"type":"Feature","geometry":{"type":"Polygon","coordinates":[[[50.3514396,53.5278888],[50.351225,53.5278316],[50.3513065,53.5277236],[50.3513836,53.5277442],[50.351396,53.5277277],[50.3514641,53.5277459],[50.351454,53.5277593],[50.3515234,53.5277778],[50.3514396,53.5278888]]]},"properties":{"id":"32bf7331-a349-41af-a95d-940a9aefc2e8","source_type":"osm"}},{"type":"Feature","geometry":{"type":"Polygon","coordinates":[[[50.3511413,53.527444],[50.3509549,53.5273961],[50.3510487,53.527267],[50.3512351,53.5273148],[50.3512015,53.527361],[50.3512271,53.5273676],[50.3512006,53.5274042],[50.351175,53.5273976],[50.3511413,53.527444]]]},"properties":{"id":"f1bf1499-468a-4cf5-9c66-0d2c2e5a7591","source_type":"osm"}},{"type":"Feature","geometry":{"type":"Polygon","coordinates":[[[50.3508261,53.525924],[50.3508224,53.5259983],[50.3507474,53.525997],[50.350751,53.5259227],[50.3508261,53.525924]]]},"properties":{"id":"7f639ff7-ee74-4628-8dea-798cfd81795f","source_type":"ml"}},{"type":"Feature","geometry":{"type":"Polygon","coordinates":[[[50.3500678,53.5276882],[50.3500231,53.5276797],[50.3500628,53.5276059],[50.3501504,53.5276226],[50.3501229,53.5276737],[50.35008,53.5276656],[50.3500678,53.5276882]]]},"properties":{"id":"78e72941-142a-4b8d-965d-239e0406ce52","source_type":"ml"}},{"type":"Feature","geometry":{"type":"Polygon","coordinates":[[[50.3504493,53.5282721],[50.3503465,53.5282559],[50.350405,53.5281248],[50.3505077,53.528141],[50.3504493,53.5282721]]]},"properties":{"id":"e3a2e906-23d2-400e-80a2-3454298b2a2d","source_type":"ml"}},{"type":"Feature","geometry":{"type":"Polygon","coordinates":[[[50.3498318,53.5278173],[50.3497936,53.5278773],[50.3496294,53.5278403],[50.3496676,53.5277804],[50.3498318,53.5278173]]]},"properties":{"id":"3c6c37e4-e557-4100-9679-3e913b3be1bd","source_type":"ml"}},{"type":"Feature","geometry":{"type":"Polygon","coordinates":[[[50.3494916,53.5268529],[50.349538,53.5268616],[50.3495196,53.5268964],[50.3494732,53.5268877],[50.3494916,53.5268529]]]},"properties":{"id":"4174598f-30a3-4660-ba16-11b5a08f84e0","source_type":"ml"}},{"type":"Feature","geometry":{"type":"Polygon","coordinates":[[[50.348351,53.5271177],[50.3484523,53.5269649],[50.3485868,53.5269963],[50.348509,53.5271137],[50.348534,53.5271196],[50.3485467,53.5271005],[50.3487087,53.5271385],[50.348649,53.5272286],[50.3484682,53.5271862],[50.3484918,53.5271506],[50.348351,53.5271177]]]},"properties":{"id":"97279b76-6ae4-4964-a78e-0bd65d32558c","source_type":"osm"}},{"type":"Feature","geometry":{"type":"Polygon","coordinates":[[[50.3470156,53.5271208],[50.3471121,53.5271384],[50.347097,53.5271675],[50.3470005,53.5271499],[50.3470156,53.5271208]]]},"properties":{"id":"762912c8-339a-416d-8eda-45be73c78841","source_type":"ml"}},{"type":"Feature","geometry":{"type":"Polygon","coordinates":[[[50.3473979,53.5269555],[50.3472811,53.5269223],[50.3474039,53.5267698],[50.3475207,53.526803],[50.3473979,53.5269555]]]},"properties":{"id":"549d4f4a-e1f8-403a-a301-588b873f72d5","source_type":"osm"}},{"type":"Feature","geometry":{"type":"Polygon","coordinates":[[[50.3458284,53.5273462],[50.3458544,53.5272438],[50.3459732,53.5272545],[50.3459611,53.5273024],[50.3460437,53.5273098],[50.3460298,53.5273643],[50.3458284,53.5273462]]]},"properties":{"id":"f33f1a08-bac7-4e44-a677-c517f0015b6b","source_type":"osm"}},{"type":"Feature","geometry":{"type":"Polygon","coordinates":[[[50.3451328,53.5284657],[50.3451637,53.5284168],[50.3452389,53.5284336],[50.345208,53.5284825],[50.3451328,53.5284657]]]},"properties":{"id":"00dcef0f-9e76-4523-9544-55512d7a6527","source_type":"ml"}},{"type":"Feature","geometry":{"type":"Polygon","coordinates":[[[50.3457122,53.5314024],[50.3457765,53.5314159],[50.3457622,53.53144],[50.3456978,53.5314265],[50.3457122,53.5314024]]]},"properties":{"id":"bc1616dd-3248-41bd-8677-cb9771adcd39","source_type":"ml"}},{"type":"Feature","geometry":{"type":"Polygon","coordinates":[[[50.3428216,53.5316089],[50.3426695,53.5315575],[50.3427573,53.5314658],[50.3429094,53.5315172],[50.3428216,53.5316089]]]},"properties":{"id":"2294d45e-606f-4272-99a5-622a35a5c0af","source_type":"osm"}},{"type":"Feature","geometry":{"type":"Polygon","coordinates":[[[50.3422616,53.5261894],[50.3421403,53.5261076],[50.3422591,53.5260454],[50.3423804,53.5261272],[50.3422616,53.5261894]]]},"properties":{"id":"4ed862f0-468c-4ad4-b1bd-4d3088f6af67","source_type":"osm"}},{"type":"Feature","geometry":{"type":"Polygon","coordinates":[[[50.3396059,53.5312084],[50.3396623,53.5311355],[50.3397253,53.5311527],[50.3396689,53.5312256],[50.3396059,53.5312084]]]},"properties":{"id":"b9c27f4b-5aa5-4c4c-a99a-cd475f81d53b","source_type":"ml"}},{"type":"Feature","geometry":{"type":"Polygon","coordinates":[[[50.3397308,53.5302814],[50.3398322,53.5303037],[50.339843,53.5302864],[50.3399173,53.5303028],[50.3398753,53.53037],[50.3396996,53.5303313],[50.3397308,53.5302814]]]},"properties":{"id":"4e4e4b31-1b59-467d-91c3-62080d59bda7","source_type":"ml"}},{"type":"Feature","geometry":{"type":"Polygon","coordinates":[[[50.3383248,53.5285889],[50.3383569,53.5285437],[50.3384388,53.5285643],[50.3384067,53.5286095],[50.3383248,53.5285889]]]},"properties":{"id":"343dfc96-ed94-4703-b755-4293dcb6b8e1","source_type":"ml"}},{"type":"Feature","geometry":{"type":"Polygon","coordinates":[[[50.3228586,53.5309585],[50.3230058,53.5309209],[50.3230535,53.5309868],[50.3230082,53.5309984],[50.3230296,53.531028],[50.3229277,53.531054],[50.3228586,53.5309585]]]},"properties":{"id":"1a6d2241-36df-44e5-910f-295da199ef80","source_type":"ml"}},{"type":"Feature","geometry":{"type":"Polygon","coordinates":[[[50.3216919,53.530521],[50.3216163,53.5304093],[50.3216943,53.5303906],[50.3217056,53.5304074],[50.321813,53.5303816],[50.3218583,53.5304485],[50.3217582,53.5304725],[50.3217772,53.5305006],[50.3216919,53.530521]]]},"properties":{"id":"cdc7be47-b4c0-4848-b5a9-8fcfe7777076","source_type":"osm"}},{"type":"Feature","geometry":{"type":"Polygon","coordinates":[[[50.3352008,53.5148425],[50.3350985,53.5148929],[50.3349679,53.5147993],[50.3350703,53.5147489],[50.3352008,53.5148425]]]},"properties":{"id":"85d38c87-4dfb-4eb9-8496-026e4538809e","source_type":"osm"}},{"type":"Feature","geometry":{"type":"Polygon","coordinates":[[[50.3279279,53.5050709],[50.3278288,53.5050683],[50.3278321,53.5050253],[50.3279311,53.5050279],[50.3279279,53.5050709]]]},"properties":{"id":"d01121ca-9ed4-4166-bdcf-aaa73da09bef","source_type":"ml"}},{"type":"Feature","geometry":{"type":"Polygon","coordinates":[[[50.3281113,53.5037119],[50.3281048,53.503687],[50.3281793,53.5036801],[50.3281859,53.503705],[50.3281113,53.5037119]]]},"properties":{"id":"419fe066-6dcb-4e79-a865-0713a852d503","source_type":"ml"}},{"type":"Feature","geometry":{"type":"Polygon","coordinates":[[[50.3254371,53.5031321],[50.3254459,53.5031582],[50.3253762,53.5031664],[50.3253675,53.5031403],[50.3254371,53.5031321]]]},"properties":{"id":"d71ca62e-2f92-4911-b13b-7e378155513c","source_type":"ml"}},{"type":"Feature","geometry":{"type":"Polygon","coordinates":[[[50.3267141,53.5041132],[50.3264455,53.5041231],[50.3264323,53.5039961],[50.326701,53.5039862],[50.3267141,53.5041132]]]},"properties":{"id":"b3811bf4-cbdd-4cf3-8291-1514344e5d19","source_type":"osm"}},{"type":"Feature","geometry":{"type":"Polygon","coordinates":[[[50.3260479,53.5041387],[50.326042,53.5040088],[50.326233,53.5040057],[50.326239,53.5041356],[50.3260479,53.5041387]]]},"properties":{"id":"ad69a2fc-d199-4176-a245-b7029ce68cbf","source_type":"osm"}},{"type":"Feature","geometry":{"type":"Polygon","coordinates":[[[50.325093,53.5058769],[50.3250529,53.5058706],[50.3250787,53.5058124],[50.3251188,53.5058187],[50.325093,53.5058769]]]},"properties":{"id":"a343ec73-ca46-476a-8722-4bc4812d2be6","source_type":"ml"}},{"type":"Feature","geometry":{"type":"Polygon","coordinates":[[[50.3231088,53.5030987],[50.3231187,53.5031328],[50.3230587,53.5031389],[50.3230489,53.5031048],[50.3231088,53.5030987]]]},"properties":{"id":"a55ad5fc-bd5e-41c1-9d5a-294f1f2d2b9c","source_type":"ml"}},{"type":"Feature","geometry":{"type":"Polygon","coordinates":[[[50.322916,53.503379],[50.3230934,53.5033669],[50.3230846,53.5033214],[50.3231761,53.5033151],[50.3231995,53.5034368],[50.3229306,53.5034551],[50.322916,53.503379]]]},"properties":{"id":"09f5c8db-8aac-46c7-a780-5492407fa5eb","source_type":"osm"}},{"type":"Feature","geometry":{"type":"Polygon","coordinates":[[[50.3210796,53.5040998],[50.3210858,53.5041905],[50.3209894,53.5041929],[50.3209832,53.5041021],[50.3210796,53.5040998]]]},"properties":{"id":"cf2b3001-f454-4879-adcd-07e0f765292d","source_type":"ml"}},{"type":"Feature","geometry":{"type":"Polygon","coordinates":[[[50.3208764,53.5041811],[50.3207852,53.5041821],[50.3207831,53.5041176],[50.3208743,53.5041166],[50.3208764,53.5041811]]]},"properties":{"id":"0292ef17-20af-4cee-95f9-31b083b55ecf","source_type":"ml"}},{"type":"Feature","geometry":{"type":"Polygon","coordinates":[[[50.3225369,53.5039553],[50.3225417,53.5040198],[50.3224614,53.5040219],[50.3224566,53.5039574],[50.3225369,53.5039553]]]},"properties":{"id":"3446913f-03c4-4ef5-bed9-3da4444395fb","source_type":"ml"}},{"type":"Feature","geometry":{"type":"Polygon","coordinates":[[[50.3223346,53.5022307],[50.3223264,53.5021161],[50.3224014,53.5021142],[50.3224095,53.5022288],[50.3223346,53.5022307]]]},"properties":{"id":"429e9347-3b5d-411d-b76e-aeaa78005fc6","source_type":"ml"}},{"type":"Feature","geometry":{"type":"Polygon","coordinates":[[[50.3291466,53.502898],[50.3292994,53.5029006],[50.3292972,53.5029462],[50.3291444,53.5029436],[50.3291466,53.502898]]]},"properties":{"id":"14cee0b2-e8a5-499f-a08a-da4623d095e6","source_type":"ml"}},{"type":"Feature","geometry":{"type":"Polygon","coordinates":[[[50.3300498,53.5042468],[50.3300559,53.5043775],[50.3299675,53.5043789],[50.3299614,53.5042482],[50.3300498,53.5042468]]]},"properties":{"id":"1bd1925e-3f51-40c0-8106-9e09d2f9ef14","source_type":"ml"}},{"type":"Feature","geometry":{"type":"Polygon","coordinates":[[[50.3315189,53.5027778],[50.3315132,53.5027389],[50.331576,53.5027357],[50.3315817,53.5027745],[50.3315189,53.5027778]]]},"properties":{"id":"00a27819-9d57-42d2-9079-9c712f2737f1","source_type":"ml"}},{"type":"Feature","geometry":{"type":"Polygon","coordinates":[[[50.3319419,53.5025281],[50.3319405,53.5024962],[50.3320638,53.5024943],[50.3320652,53.5025262],[50.3319419,53.5025281]]]},"properties":{"id":"ec57db35-1d71-4701-acad-f089598240ac","source_type":"ml"}},{"type":"Feature","geometry":{"type":"Polygon","coordinates":[[[50.3333869,53.5038828],[50.3333853,53.5038445],[50.3335273,53.5038423],[50.333529,53.5038806],[50.3333869,53.5038828]]]},"properties":{"id":"49106999-66a3-4d8b-b7ad-d4db2ccfa693","source_type":"ml"}},{"type":"Feature","geometry":{"type":"Polygon","coordinates":[[[50.3345977,53.503431],[50.3344568,53.5034306],[50.3344578,53.5033133],[50.33447,53.5033134],[50.3344705,53.5032583],[50.3345349,53.5032585],[50.3345344,53.5033096],[50.3345371,53.5033096],[50.3345362,53.5034101],[50.3345979,53.5034103],[50.3345977,53.503431]]]},"properties":{"id":"cdd8477a-7975-436e-8c38-26f36ae70bdd","source_type":"ml"}},{"type":"Feature","geometry":{"type":"Polygon","coordinates":[[[50.3356027,53.5007384],[50.3356005,53.5006706],[50.3356501,53.5006701],[50.3356496,53.5006538],[50.3357887,53.5006522],[50.335792,53.5007546],[50.3356509,53.5007562],[50.3356503,53.5007379],[50.3356027,53.5007384]]]},"properties":{"id":"1c8009b7-1f8d-470d-a68e-eca0b3474714","source_type":"osm"}},{"type":"Feature","geometry":{"type":"Polygon","coordinates":[[[50.3431207,53.5007986],[50.3431231,53.500679],[50.3432533,53.5006799],[50.3432508,53.5007995],[50.3431207,53.5007986]]]},"properties":{"id":"ec980a21-48f0-4ca2-ac9e-251c1bcd2d35","source_type":"osm"}},{"type":"Feature","geometry":{"type":"Polygon","coordinates":[[[50.3436061,53.5035032],[50.3436065,53.5035263],[50.343518,53.5035269],[50.3435176,53.5035039],[50.3436061,53.5035032]]]},"properties":{"id":"3ff70bfb-8562-46b5-b565-a75e176453ca","source_type":"ml"}},{"type":"Feature","geometry":{"type":"Polygon","coordinates":[[[50.3404522,53.5034478],[50.3403664,53.5034463],[50.3403692,53.5033905],[50.3404549,53.503392],[50.3404522,53.5034478]]]},"properties":{"id":"21708634-8792-440f-b1dd-90401e2d757a","source_type":"ml"}},{"type":"Feature","geometry":{"type":"Polygon","coordinates":[[[50.339164,53.5007942],[50.33917,53.5006636],[50.3393672,53.5006668],[50.3393612,53.5007974],[50.339164,53.5007942]]]},"properties":{"id":"45a2429c-2454-4745-b8dd-3e73e8991773","source_type":"osm"}},{"type":"Feature","geometry":{"type":"Polygon","coordinates":[[[50.3397403,53.5007438],[50.3395875,53.500743],[50.3395887,53.500659],[50.3397415,53.5006597],[50.3397403,53.5007438]]]},"properties":{"id":"1f016de7-d0a8-4dc8-a75f-c624720f8c45","source_type":"osm"}},{"type":"Feature","geometry":{"type":"Polygon","coordinates":[[[50.3380502,53.5018039],[50.3380675,53.5016865],[50.3383081,53.5016991],[50.3382908,53.5018164],[50.3380502,53.5018039]]]},"properties":{"id":"75e6a467-eb5b-44fd-806f-1a12b00af27e","source_type":"osm"}},{"type":"Feature","geometry":{"type":"Polygon","coordinates":[[[50.3371659,53.5024696],[50.3371606,53.5023517],[50.3373065,53.5023494],[50.3373117,53.5024673],[50.3371659,53.5024696]]]},"properties":{"id":"c4dc4264-e174-4ec1-bb4c-cfde8c9536e0","source_type":"ml"}},{"type":"Feature","geometry":{"type":"Polygon","coordinates":[[[50.3382041,53.5032304],[50.3382003,53.5034547],[50.3381574,53.5034545],[50.3381589,53.5033673],[50.3380987,53.503367],[50.3380997,53.5033048],[50.3380514,53.5033045],[50.3380527,53.5032295],[50.3382041,53.5032304]]]},"properties":{"id":"382b3b59-6111-4634-853d-cc27e8ac7055","source_type":"ml"}},{"type":"Feature","geometry":{"type":"Polygon","coordinates":[[[50.3363432,53.5145324],[50.3364305,53.5144884],[50.3365257,53.5145552],[50.3364384,53.5145992],[50.3363432,53.5145324]]]},"properties":{"id":"aa0beaa5-18ab-4a36-9864-a56a2eec49a2","source_type":"osm"}},{"type":"Feature","geometry":{"type":"Polygon","coordinates":[[[50.3441296,53.5045489],[50.3440522,53.5045438],[50.34407,53.5044484],[50.3441475,53.5044535],[50.3441296,53.5045489]]]},"properties":{"id":"5fc36b99-4be8-41e4-bb7b-3bf5fa19a88a","source_type":"osm"}},{"type":"Feature","geometry":{"type":"Polygon","coordinates":[[[50.3443899,53.5025767],[50.3443877,53.5026309],[50.3442939,53.5026296],[50.3442961,53.5025754],[50.3443899,53.5025767]]]},"properties":{"id":"fabf2ba6-07de-4263-9930-5e1ed11172ad","source_type":"ml"}},{"type":"Feature","geometry":{"type":"Polygon","coordinates":[[[50.3448942,53.5023801],[50.3449017,53.5024228],[50.3448592,53.5024254],[50.3448518,53.5023828],[50.3448942,53.5023801]]]},"properties":{"id":"e847e9d6-6fa1-4355-91dd-200b4e594c62","source_type":"ml"}},{"type":"Feature","geometry":{"type":"Polygon","coordinates":[[[50.3450216,53.5024627],[50.3450233,53.5024946],[50.3448732,53.5024974],[50.3448715,53.5024655],[50.3450216,53.5024627]]]},"properties":{"id":"eb9b665b-7b00-4359-9659-37872e2bab5d","source_type":"ml"}},{"type":"Feature","geometry":{"type":"Polygon","coordinates":[[[50.355619,53.5037684],[50.3554305,53.5037841],[50.3554126,53.5037084],[50.3556011,53.5036927],[50.355619,53.5037684]]]},"properties":{"id":"86e9dbda-c71e-4221-81ed-a7efc965e8b2","source_type":"osm"}},{"type":"Feature","geometry":{"type":"Polygon","coordinates":[[[50.3545891,53.5035506],[50.3545198,53.5035163],[50.3546146,53.5034486],[50.3546838,53.5034829],[50.3545891,53.5035506]]]},"properties":{"id":"7c57d2c5-6d8a-44cf-b1ef-a2ed920fe628","source_type":"osm"}},{"type":"Feature","geometry":{"type":"Polygon","coordinates":[[[50.3532725,53.5036759],[50.3531787,53.5037181],[50.3530642,53.503628],[50.353158,53.5035858],[50.3532725,53.5036759]]]},"properties":{"id":"d681d643-785e-4616-8108-1fdc3e4eaea8","source_type":"osm"}},{"type":"Feature","geometry":{"type":"Polygon","coordinates":[[[50.3533972,53.5044915],[50.3532967,53.5045816],[50.3531977,53.5045426],[50.3532981,53.5044525],[50.3533972,53.5044915]]]},"properties":{"id":"05dc270a-af8e-42ee-bdb4-13b47f65a335","source_type":"osm"}},{"type":"Feature","geometry":{"type":"Polygon","coordinates":[[[50.3539096,53.5038299],[50.3538588,53.5039246],[50.3537393,53.5039019],[50.3537901,53.5038072],[50.3539096,53.5038299]]]},"properties":{"id":"3100df67-afec-4464-a5a7-2a449fdf2702","source_type":"osm"}},{"type":"Feature","geometry":{"type":"Polygon","coordinates":[[[50.3543918,53.50434],[50.354324,53.5043993],[50.3541856,53.5043433],[50.3542535,53.504284],[50.3543918,53.50434]]]},"properties":{"id":"4f050a01-3ff1-4899-ae09-a6e9d601e2a8","source_type":"osm"}},{"type":"Feature","geometry":{"type":"Polygon","coordinates":[[[50.3548176,53.5076507],[50.3546834,53.5077127],[50.3546056,53.5076532],[50.3547398,53.5075912],[50.3548176,53.5076507]]]},"properties":{"id":"5f752bd8-317d-49b9-b9e3-1bb37529d3c4","source_type":"osm"}},{"type":"Feature","geometry":{"type":"Polygon","coordinates":[[[50.3560963,53.507508],[50.3559731,53.507565],[50.355901,53.5075098],[50.3560242,53.5074529],[50.3560963,53.507508]]]},"properties":{"id":"bb2c4566-630f-4c65-8e54-0f3ebe076ecd","source_type":"osm"}},{"type":"Feature","geometry":{"type":"Polygon","coordinates":[[[50.3532299,53.5231259],[50.353173,53.5231098],[50.3532035,53.5230715],[50.3532605,53.5230875],[50.3532299,53.5231259]]]},"properties":{"id":"c44bf8d0-f503-442f-8148-c75095763cad","source_type":"ml"}},{"type":"Feature","geometry":{"type":"Polygon","coordinates":[[[50.3554593,53.5236749],[50.3553867,53.523774],[50.3551323,53.523708],[50.355205,53.523609],[50.3554593,53.5236749]]]},"properties":{"id":"0d85a17d-622a-433d-bdc0-cdb160255444","source_type":"osm"}},{"type":"Feature","geometry":{"type":"Polygon","coordinates":[[[50.3567032,53.5213432],[50.3567765,53.5213201],[50.3568486,53.5214011],[50.3567752,53.5214242],[50.3567032,53.5213432]]]},"properties":{"id":"a6c99fac-fcc4-4f69-a1dc-d63dde03f4f2","source_type":"ml"}},{"type":"Feature","geometry":{"type":"Polygon","coordinates":[[[50.3591973,53.517184],[50.3593166,53.517159],[50.3593494,53.5172144],[50.3592301,53.5172394],[50.3591973,53.517184]]]},"properties":{"id":"91e0c80a-3f9b-4b26-a7b7-e2b59bc0626d","source_type":"ml"}},{"type":"Feature","geometry":{"type":"Polygon","coordinates":[[[50.3599306,53.5181612],[50.3598655,53.5180523],[50.3600073,53.5180223],[50.3600724,53.5181312],[50.3599306,53.5181612]]]},"properties":{"id":"46482156-1870-4c9e-b594-01edcfb7edc9","source_type":"osm"}},{"type":"Feature","geometry":{"type":"Polygon","coordinates":[[[50.3574434,53.5214075],[50.3575256,53.5213247],[50.357588,53.5213466],[50.3575058,53.5214294],[50.3574434,53.5214075]]]},"properties":{"id":"edc13c8e-7dee-47a9-8851-d0e0f134d969","source_type":"ml"}},{"type":"Feature","geometry":{"type":"Polygon","coordinates":[[[50.3583016,53.523155],[50.3583478,53.5231024],[50.3584132,53.5231227],[50.358367,53.5231753],[50.3583016,53.523155]]]},"properties":{"id":"6f838351-7781-4976-8aca-dbe4db2328e6","source_type":"ml"}},{"type":"Feature","geometry":{"type":"Polygon","coordinates":[[[50.3583161,53.5228858],[50.3583842,53.5227838],[50.3585533,53.5228238],[50.3584852,53.5229257],[50.3583161,53.5228858]]]},"properties":{"id":"f5bd8315-8154-478e-af2c-832f4116ae9b","source_type":"ml"}},{"type":"Feature","geometry":{"type":"Polygon","coordinates":[[[50.3589822,53.522786],[50.3589225,53.5227714],[50.3589461,53.5227373],[50.3590058,53.5227519],[50.3589822,53.522786]]]},"properties":{"id":"33d98ea8-bb06-4efb-a679-b959a58e5b29","source_type":"ml"}},{"type":"Feature","geometry":{"type":"Polygon","coordinates":[[[50.3604466,53.5232079],[50.3603459,53.5233306],[50.3602165,53.5232931],[50.3602915,53.5232017],[50.3602699,53.5231955],[50.3603391,53.5231112],[50.3605382,53.5231689],[50.3604948,53.5232219],[50.3604466,53.5232079]]]},"properties":{"id":"bf9538ba-6a4a-49a6-b6e7-fc417bc5e568","source_type":"osm"}},{"type":"Feature","geometry":{"type":"Polygon","coordinates":[[[50.360797,53.5228686],[50.3608988,53.5228857],[50.3608819,53.5229212],[50.3607801,53.5229041],[50.360797,53.5228686]]]},"properties":{"id":"5d14670b-cc96-46a8-8ba1-d0a68c09e4c3","source_type":"ml"}},{"type":"Feature","geometry":{"type":"Polygon","coordinates":[[[50.3614432,53.5225738],[50.3614357,53.5226018],[50.3613561,53.5225942],[50.3613636,53.5225662],[50.3614432,53.5225738]]]},"properties":{"id":"8c138183-0296-4789-a3cd-05e8b4d47d08","source_type":"ml"}},{"type":"Feature","geometry":{"type":"Polygon","coordinates":[[[50.3602643,53.5177428],[50.3603153,53.5178145],[50.3602152,53.5178397],[50.3601642,53.517768],[50.3602643,53.5177428]]]},"properties":{"id":"95f000eb-fa70-4840-b0a3-bc592f7a1cfb","source_type":"ml"}},{"type":"Feature","geometry":{"type":"Polygon","coordinates":[[[50.3604471,53.5176194],[50.360436,53.517584],[50.3605294,53.5175737],[50.3605404,53.5176092],[50.3604471,53.5176194]]]},"properties":{"id":"94eb5bdf-59f8-4f3c-8575-e33dac8dc10f","source_type":"ml"}},{"type":"Feature","geometry":{"type":"Polygon","coordinates":[[[50.3618912,53.515274],[50.3617723,53.5152366],[50.3618324,53.515169],[50.3619513,53.5152064],[50.3618912,53.515274]]]},"properties":{"id":"9c1c2a2f-e1ac-4297-868b-7fd18f5e1252","source_type":"osm"}},{"type":"Feature","geometry":{"type":"Polygon","coordinates":[[[50.3618404,53.5164545],[50.3617041,53.5164342],[50.3617277,53.5163782],[50.361864,53.5163985],[50.3618404,53.5164545]]]},"properties":{"id":"63bae10e-450b-4e90-a839-d063fd6125b6","source_type":"ml"}},{"type":"Feature","geometry":{"type":"Polygon","coordinates":[[[50.3622333,53.5154112],[50.3620765,53.515365],[50.3621722,53.51525],[50.3623291,53.5152961],[50.3622333,53.5154112]]]},"properties":{"id":"869e31f6-04b3-4745-948e-6bf0b778ba65","source_type":"osm"}},{"type":"Feature","geometry":{"type":"Polygon","coordinates":[[[50.3625359,53.5148912],[50.3625941,53.5148996],[50.3625725,53.5149523],[50.3625143,53.5149438],[50.3625359,53.5148912]]]},"properties":{"id":"a9fd5b4a-8940-4e95-a106-5b964dd74e1c","source_type":"ml"}},{"type":"Feature","geometry":{"type":"Polygon","coordinates":[[[50.3625335,53.5146314],[50.3625617,53.5145943],[50.3626232,53.5146108],[50.362595,53.5146479],[50.3625335,53.5146314]]]},"properties":{"id":"afc61f12-46ed-4476-a11e-24a53ee6ea32","source_type":"ml"}},{"type":"Feature","geometry":{"type":"Polygon","coordinates":[[[50.3622209,53.5143345],[50.3621887,53.5142743],[50.3623314,53.5142473],[50.3623636,53.5143075],[50.3622209,53.5143345]]]},"properties":{"id":"32bde416-d865-4708-8200-3d00faab1a2f","source_type":"osm"}},{"type":"Feature","geometry":{"type":"Polygon","coordinates":[[[50.3620505,53.5143915],[50.3621322,53.5143657],[50.3621566,53.5143931],[50.3620749,53.5144189],[50.3620505,53.5143915]]]},"properties":{"id":"129cda59-bd4d-45f2-8e64-8c1d89444e85","source_type":"ml"}},{"type":"Feature","geometry":{"type":"Polygon","coordinates":[[[50.3593692,53.5133098],[50.3594097,53.5133337],[50.3593266,53.5133835],[50.3592861,53.5133596],[50.3593692,53.5133098]]]},"properties":{"id":"e9073490-45b0-4b6a-90f7-5db35c959ac0","source_type":"ml"}},{"type":"Feature","geometry":{"type":"Polygon","coordinates":[[[50.3591658,53.5107493],[50.3590513,53.5108153],[50.3589683,53.5107644],[50.3590828,53.5106984],[50.3591658,53.5107493]]]},"properties":{"id":"23349a9d-e4e9-4391-bf01-828e70d71af9","source_type":"osm"}},{"type":"Feature","geometry":{"type":"Polygon","coordinates":[[[50.3584448,53.5091422],[50.3583779,53.5091049],[50.3584701,53.5090464],[50.358537,53.5090837],[50.3584448,53.5091422]]]},"properties":{"id":"b2779e0d-d26a-449c-8163-3b7dd35373dd","source_type":"osm"}},{"type":"Feature","geometry":{"type":"Polygon","coordinates":[[[50.3660386,53.5125845],[50.3659128,53.5125177],[50.3659965,53.512462],[50.3661223,53.5125288],[50.3660386,53.5125845]]]},"properties":{"id":"6cf552fc-77c2-483b-8ed0-1c7ee6f9698e","source_type":"osm"}},{"type":"Feature","geometry":{"type":"Polygon","coordinates":[[[50.3655956,53.512719],[50.3656446,53.5126924],[50.3656727,53.5127108],[50.3656236,53.5127373],[50.3655956,53.512719]]]},"properties":{"id":"66cd633b-73bc-48f6-8dcd-37aa7c6e86db","source_type":"ml"}},{"type":"Feature","geometry":{"type":"Polygon","coordinates":[[[50.364696,53.5131778],[50.3647321,53.5132009],[50.3646823,53.5132284],[50.3646462,53.5132053],[50.364696,53.5131778]]]},"properties":{"id":"c10673ca-6204-4f1b-8c4e-974774262f98","source_type":"ml"}},{"type":"Feature","geometry":{"type":"Polygon","coordinates":[[[50.3630032,53.5134672],[50.3630997,53.5134349],[50.3631295,53.5134664],[50.363033,53.5134987],[50.3630032,53.5134672]]]},"properties":{"id":"e6835364-68de-4e26-8a8b-3381bc48282a","source_type":"ml"}},{"type":"Feature","geometry":{"type":"Polygon","coordinates":[[[50.3641207,53.5138001],[50.3639863,53.5137187],[50.3640719,53.5136687],[50.3642063,53.5137501],[50.3641207,53.5138001]]]},"properties":{"id":"2766460d-8510-43d7-a23f-67aa8658a984","source_type":"osm"}},{"type":"Feature","geometry":{"type":"Polygon","coordinates":[[[50.3638652,53.5144543],[50.3638245,53.5143769],[50.3640196,53.5143406],[50.3640603,53.514418],[50.3638652,53.5144543]]]},"properties":{"id":"ceb74299-d63a-4e04-b89a-d2e49bab911f","source_type":"osm"}},{"type":"Feature","geometry":{"type":"Polygon","coordinates":[[[50.3629541,53.5164082],[50.36306,53.5162995],[50.3631454,53.516329],[50.3630395,53.5164376],[50.3629541,53.5164082]]]},"properties":{"id":"18e6a7f0-130a-4e12-be07-69673c4df8b2","source_type":"ml"}},{"type":"Feature","geometry":{"type":"Polygon","coordinates":[[[50.3631116,53.5171613],[50.3630193,53.5171375],[50.3631067,53.5170177],[50.363199,53.5170415],[50.3631116,53.5171613]]]},"properties":{"id":"1fbb4075-0d16-4d64-b1cf-56451e2e9dc3","source_type":"osm"}},{"type":"Feature","geometry":{"type":"Polygon","coordinates":[[[50.3632174,53.5171173],[50.3632591,53.5170183],[50.3633613,53.5170335],[50.3633196,53.5171326],[50.3632174,53.5171173]]]},"properties":{"id":"1510ceac-e875-4ad0-9a8f-17df0c724d53","source_type":"ml"}},{"type":"Feature","geometry":{"type":"Polygon","coordinates":[[[50.3647812,53.5161141],[50.3647147,53.5160329],[50.3647927,53.5160103],[50.3648592,53.5160915],[50.3647812,53.5161141]]]},"properties":{"id":"b1bd447a-2236-44ef-84b4-27556b642e86","source_type":"ml"}},{"type":"Feature","geometry":{"type":"Polygon","coordinates":[[[50.3642306,53.517398],[50.3641912,53.5172696],[50.3643342,53.5172541],[50.3643736,53.5173825],[50.3642306,53.517398]]]},"properties":{"id":"1cf42b71-f673-45c4-a358-da32b9001b1b","source_type":"osm"}},{"type":"Feature","geometry":{"type":"Polygon","coordinates":[[[50.3637735,53.5177404],[50.3637564,53.5176835],[50.3638784,53.5176705],[50.3638955,53.5177274],[50.3637735,53.5177404]]]},"properties":{"id":"b9f1b584-23ec-479f-a20a-77f452b15a12","source_type":"osm"}},{"type":"Feature","geometry":{"type":"Polygon","coordinates":[[[50.3660312,53.5168784],[50.3660327,53.5169167],[50.3659656,53.5169176],[50.3659642,53.5168793],[50.3660312,53.5168784]]]},"properties":{"id":"2cca8ab2-fa2d-45f3-b2f7-257ef490f02a","source_type":"ml"}},{"type":"Feature","geometry":{"type":"Polygon","coordinates":[[[50.3666434,53.5159223],[50.3665734,53.5158259],[50.3666753,53.5157997],[50.3667453,53.5158962],[50.3666434,53.5159223]]]},"properties":{"id":"f0a1e9a2-0b21-49b9-8b6f-34f91b3676ab","source_type":"osm"}},{"type":"Feature","geometry":{"type":"Polygon","coordinates":[[[50.3668292,53.5155851],[50.3668241,53.515636],[50.3667883,53.5156347],[50.3667933,53.5155838],[50.3668292,53.5155851]]]},"properties":{"id":"79e50018-049b-48fa-ab88-25c018c73901","source_type":"ml"}},{"type":"Feature","geometry":{"type":"Polygon","coordinates":[[[50.3672995,53.5159977],[50.3672599,53.5159197],[50.3673543,53.5159028],[50.367394,53.5159807],[50.3672995,53.5159977]]]},"properties":{"id":"10d0cb02-14fb-4bae-bc01-8dfecd7406ad","source_type":"osm"}},{"type":"Feature","geometry":{"type":"Polygon","coordinates":[[[50.380476,53.5077037],[50.3804881,53.507727],[50.3804295,53.5077379],[50.3804173,53.5077146],[50.380476,53.5077037]]]},"properties":{"id":"db218172-f5f3-43ba-ad06-24a75b416c20","source_type":"ml"}},{"type":"Feature","geometry":{"type":"Polygon","coordinates":[[[50.3806552,53.5071521],[50.3807752,53.5071254],[50.3808047,53.5071721],[50.3806847,53.5071988],[50.3806552,53.5071521]]]},"properties":{"id":"def56b34-2778-424b-bafa-287dee7363a8","source_type":"ml"}},{"type":"Feature","geometry":{"type":"Polygon","coordinates":[[[50.3807782,53.5067721],[50.3808744,53.5067466],[50.3809063,53.5067892],[50.3808101,53.5068147],[50.3807782,53.5067721]]]},"properties":{"id":"eef2239c-9525-4eef-8e48-3e82c760501c","source_type":"ml"}},{"type":"Feature","geometry":{"type":"Polygon","coordinates":[[[50.3795751,53.5062115],[50.3795196,53.5061212],[50.3796336,53.5060964],[50.3796891,53.5061867],[50.3795751,53.5062115]]]},"properties":{"id":"49d0760d-f8e2-4a09-aaa7-31b8df341cbb","source_type":"osm"}},{"type":"Feature","geometry":{"type":"Polygon","coordinates":[[[50.380143,53.5075014],[50.3801224,53.5074773],[50.3801693,53.5074631],[50.3801899,53.5074872],[50.380143,53.5075014]]]},"properties":{"id":"a7c4740c-881f-4fc0-9b05-0c4fd25dd232","source_type":"ml"}},{"type":"Feature","geometry":{"type":"Polygon","coordinates":[[[50.3796454,53.5077508],[50.3796286,53.5077216],[50.3799062,53.5076651],[50.379923,53.5076943],[50.3796454,53.5077508]]]},"properties":{"id":"da672cfa-90ab-4752-ae6b-182bf0588727","source_type":"ml"}},{"type":"Feature","geometry":{"type":"Polygon","coordinates":[[[50.3795665,53.5086694],[50.3796097,53.5087264],[50.3795339,53.5087467],[50.3794907,53.5086897],[50.3795665,53.5086694]]]},"properties":{"id":"50a8c651-5505-46c4-a169-df7ebd90080b","source_type":"ml"}},{"type":"Feature","geometry":{"type":"Polygon","coordinates":[[[50.3808823,53.508762],[50.3807216,53.5086251],[50.3809119,53.5085461],[50.3810274,53.5086444],[50.3809172,53.5086901],[50.3809625,53.5087287],[50.3808823,53.508762]]]},"properties":{"id":"8634abbf-b81f-49c9-bc19-b4063f87a90c","source_type":"osm"}},{"type":"Feature","geometry":{"type":"Polygon","coordinates":[[[50.3796286,53.5099624],[50.3795967,53.5098456],[50.379732,53.5098325],[50.3797511,53.5099023],[50.3797697,53.5099005],[50.3797825,53.5099475],[50.3796286,53.5099624]]]},"properties":{"id":"e66b6035-76ac-4914-a800-9846467e6eb1","source_type":"osm"}},{"type":"Feature","geometry":{"type":"Polygon","coordinates":[[[50.3800521,53.5111345],[50.3799911,53.5110045],[50.3802192,53.5109666],[50.3802803,53.5110966],[50.3800521,53.5111345]]]},"properties":{"id":"38314318-e8a6-4b99-891b-8b44760f6d19","source_type":"osm"}},{"type":"Feature","geometry":{"type":"Polygon","coordinates":[[[50.3789991,53.5110194],[50.3791819,53.5109957],[50.3792083,53.5110674],[50.3791436,53.5110758],[50.379158,53.5111149],[50.3790398,53.5111303],[50.3789991,53.5110194]]]},"properties":{"id":"4e20876e-1f41-412b-8ab3-851a49129fb8","source_type":"osm"}},{"type":"Feature","geometry":{"type":"Polygon","coordinates":[[[50.3790237,53.5071526],[50.3790478,53.5072045],[50.3789905,53.5072139],[50.3789664,53.507162],[50.3790237,53.5071526]]]},"properties":{"id":"ce0eb626-df31-48dd-a9c2-03e7706fc19b","source_type":"ml"}},{"type":"Feature","geometry":{"type":"Polygon","coordinates":[[[50.3790048,53.5071033],[50.3789008,53.5070054],[50.3792323,53.5068808],[50.3792605,53.5069074],[50.3794157,53.5068491],[50.3795431,53.506969],[50.3794076,53.5070199],[50.3793561,53.5069714],[50.3790048,53.5071033]]]},"properties":{"id":"b6b65eb7-a792-425f-83eb-28b0b8ad9aca","source_type":"osm"}},{"type":"Feature","geometry":{"type":"Polygon","coordinates":[[[50.3788317,53.5063064],[50.3790029,53.5062902],[50.3790386,53.5064233],[50.3788674,53.5064395],[50.3788317,53.5063064]]]},"properties":{"id":"7863b453-d82c-4dfe-862d-9289eb63b1e8","source_type":"osm"}},{"type":"Feature","geometry":{"type":"Polygon","coordinates":[[[50.3768991,53.5297616],[50.3768972,53.5297027],[50.3770044,53.5297014],[50.3770064,53.5297604],[50.3768991,53.5297616]]]},"properties":{"id":"a4fb06c6-f29f-4970-9236-d41ca009114f","source_type":"ml"}},{"type":"Feature","geometry":{"type":"Polygon","coordinates":[[[50.3775022,53.5287929],[50.3774801,53.5288333],[50.3773782,53.5288136],[50.3774003,53.5287733],[50.3775022,53.5287929]]]},"properties":{"id":"3602d4f7-5f08-462a-ae58-743aae60d151","source_type":"ml"}},{"type":"Feature","geometry":{"type":"Polygon","coordinates":[[[50.3774684,53.5314802],[50.3774689,53.5314137],[50.3775675,53.531414],[50.377567,53.5314804],[50.3774684,53.5314802]]]},"properties":{"id":"626062fb-ab23-4f84-b841-3b46a901c213","source_type":"osm"}},{"type":"Feature","geometry":{"type":"Polygon","coordinates":[[[50.3798388,53.5307755],[50.3798403,53.530714],[50.3799252,53.5307147],[50.3799238,53.5307762],[50.3798388,53.5307755]]]},"properties":{"id":"743dc511-bcc9-4370-bd64-2bf1373af09d","source_type":"osm"}},{"type":"Feature","geometry":{"type":"Polygon","coordinates":[[[50.3802255,53.5313022],[50.3802278,53.5312736],[50.3803188,53.5312762],[50.3803165,53.5313048],[50.3802255,53.5313022]]]},"properties":{"id":"25c646bb-0211-47f2-be21-efd0ef639cdb","source_type":"ml"}},{"type":"Feature","geometry":{"type":"Polygon","coordinates":[[[50.3807457,53.5300557],[50.3807445,53.5299634],[50.3808765,53.5299628],[50.3808769,53.5299952],[50.380931,53.529995],[50.3809318,53.5300548],[50.3807457,53.5300557]]]},"properties":{"id":"18872758-c846-4ef2-99a8-0383feac1bfc","source_type":"osm"}},{"type":"Feature","geometry":{"type":"Polygon","coordinates":[[[50.3598947,53.524012],[50.3598013,53.5239868],[50.3598417,53.5239339],[50.3599351,53.5239591],[50.3598947,53.524012]]]},"properties":{"id":"079b8b42-13d8-4c4a-b2a3-30e436369d93","source_type":"ml"}},{"type":"Feature","geometry":{"type":"Polygon","coordinates":[[[50.3574569,53.5247973],[50.3574216,53.5247921],[50.3574745,53.5246662],[50.3576393,53.5246906],[50.3575864,53.5248166],[50.3574569,53.5247973]]]},"properties":{"id":"5b580010-5884-4609-81ce-fc854766d1df","source_type":"osm"}},{"type":"Feature","geometry":{"type":"Polygon","coordinates":[[[50.3578328,53.5263065],[50.3576969,53.5262779],[50.3577567,53.5261773],[50.3578926,53.5262058],[50.3578328,53.5263065]]]},"properties":{"id":"80aabfce-addc-4ab7-b985-28a38980ca1a","source_type":"ml"}},{"type":"Feature","geometry":{"type":"Polygon","coordinates":[[[50.3562457,53.5276196],[50.3561245,53.5275921],[50.3561776,53.5275095],[50.3562988,53.527537],[50.3562457,53.5276196]]]},"properties":{"id":"da47fea4-769d-4676-bd54-ebe7a765c8c4","source_type":"osm"}},{"type":"Feature","geometry":{"type":"Polygon","coordinates":[[[50.3565004,53.5270231],[50.3563614,53.5269885],[50.3564514,53.5268608],[50.3565904,53.5268954],[50.3565004,53.5270231]]]},"properties":{"id":"5e0729f2-1fbb-4e40-9374-04cb1b48ead6","source_type":"osm"}},{"type":"Feature","geometry":{"type":"Polygon","coordinates":[[[50.3564419,53.5257773],[50.3564643,53.5257407],[50.3565983,53.5257696],[50.3565372,53.5258697],[50.3564662,53.5258543],[50.3565049,53.5257909],[50.3564419,53.5257773]]]},"properties":{"id":"e8a44dd0-94f3-4d1d-a6dc-83c184790d17","source_type":"ml"}},{"type":"Feature","geometry":{"type":"Polygon","coordinates":[[[50.3561656,53.5255761],[50.3560615,53.5255479],[50.356148,53.525435],[50.3562521,53.5254632],[50.3561656,53.5255761]]]},"properties":{"id":"2294ec1b-2f23-46af-a11a-90880003f658","source_type":"osm"}},{"type":"Feature","geometry":{"type":"Polygon","coordinates":[[[50.3548023,53.5255598],[50.3548255,53.5255274],[50.3549005,53.5255463],[50.3548773,53.5255787],[50.3548023,53.5255598]]]},"properties":{"id":"70b92176-478d-4710-b11b-c4ea9312679b","source_type":"ml"}},{"type":"Feature","geometry":{"type":"Polygon","coordinates":[[[50.3536651,53.5277663],[50.353695,53.5277264],[50.3538002,53.5277543],[50.3537703,53.5277942],[50.3536651,53.5277663]]]},"properties":{"id":"2b73540e-3c50-4c4c-9d43-0e256e5fdbd7","source_type":"ml"}},{"type":"Feature","geometry":{"type":"Polygon","coordinates":[[[50.3527801,53.52409],[50.3527129,53.5241595],[50.3525196,53.5240934],[50.3525868,53.5240239],[50.3527801,53.52409]]]},"properties":{"id":"c86cffbf-b367-416a-8798-f779a64aa56f","source_type":"osm"}},{"type":"Feature","geometry":{"type":"Polygon","coordinates":[[[50.352086,53.525832],[50.3520888,53.5257986],[50.352168,53.525801],[50.3521652,53.5258344],[50.352086,53.525832]]]},"properties":{"id":"9434f8c5-fdaf-4692-8edc-f48e69a5d1d3","source_type":"ml"}},{"type":"Feature","geometry":{"type":"Polygon","coordinates":[[[50.3518892,53.5286409],[50.3519947,53.5286634],[50.3519666,53.52871],[50.351861,53.5286875],[50.3518892,53.5286409]]]},"properties":{"id":"b24f91cd-5a8f-4279-aefa-f594d8e4b97b","source_type":"ml"}},{"type":"Feature","geometry":{"type":"Polygon","coordinates":[[[50.354238,53.5285452],[50.3542963,53.5285595],[50.354228,53.5286584],[50.3541696,53.5286442],[50.354238,53.5285452]]]},"properties":{"id":"1d37824c-f21e-471f-8966-36ece37b5bc5","source_type":"ml"}},{"type":"Feature","geometry":{"type":"Polygon","coordinates":[[[50.320444,53.5024349],[50.3204093,53.5023158],[50.3207921,53.5022764],[50.3208174,53.5023631],[50.3206804,53.5023772],[50.3206898,53.5024096],[50.320444,53.5024349]]]},"properties":{"id":"21776969-f743-42a4-ad3f-060318f8966a","source_type":"osm"}},{"type":"Feature","geometry":{"type":"Polygon","coordinates":[[[50.3507436,53.5273956],[50.3506331,53.5273677],[50.3507014,53.5272723],[50.3508119,53.5273003],[50.3507436,53.5273956]]]},"properties":{"id":"a22391ed-99cc-4149-8299-a359e64d46ed","source_type":"osm"}},{"type":"Feature","geometry":{"type":"Polygon","coordinates":[[[50.3500975,53.5258663],[50.3501142,53.5257589],[50.3502379,53.5257657],[50.3502211,53.5258731],[50.3500975,53.5258663]]]},"properties":{"id":"7af91aa2-4257-4e86-a3a0-400b4cb58869","source_type":"osm"}},{"type":"Feature","geometry":{"type":"Polygon","coordinates":[[[50.3495165,53.5249922],[50.3493264,53.5249012],[50.349439,53.5248181],[50.3496291,53.524909],[50.3495165,53.5249922]]]},"properties":{"id":"3d418cf6-4229-4922-b8f5-f16c36177b68","source_type":"osm"}},{"type":"Feature","geometry":{"type":"Polygon","coordinates":[[[50.3491526,53.5255924],[50.3491796,53.5255578],[50.349237,53.5255736],[50.34921,53.5256082],[50.3491526,53.5255924]]]},"properties":{"id":"b7dcba79-36ce-409f-8814-be2db5112288","source_type":"ml"}},{"type":"Feature","geometry":{"type":"Polygon","coordinates":[[[50.3473966,53.5295493],[50.3471985,53.5294905],[50.3472963,53.5293742],[50.3474944,53.529433],[50.3473966,53.5295493]]]},"properties":{"id":"58c4d1df-447b-4220-ba6e-9b2211a58226","source_type":"osm"}},{"type":"Feature","geometry":{"type":"Polygon","coordinates":[[[50.3448861,53.5285873],[50.3449585,53.5286135],[50.3449245,53.5286466],[50.3448521,53.5286204],[50.3448861,53.5285873]]]},"properties":{"id":"221a3b1d-38f4-40d0-aa46-5abe88e15571","source_type":"ml"}},{"type":"Feature","geometry":{"type":"Polygon","coordinates":[[[50.3456637,53.5273038],[50.3454572,53.5272688],[50.3455438,53.5270881],[50.3457504,53.5271231],[50.3456637,53.5273038]]]},"properties":{"id":"f543168a-411c-4206-a252-dd94afd51f50","source_type":"osm"}},{"type":"Feature","geometry":{"type":"Polygon","coordinates":[[[50.3443575,53.5271578],[50.3442497,53.5271439],[50.3442894,53.527035],[50.3443973,53.5270489],[50.3443575,53.5271578]]]},"properties":{"id":"d170dbc8-908c-4614-95a0-fa5c5c68db4f","source_type":"osm"}},{"type":"Feature","geometry":{"type":"Polygon","coordinates":[[[50.3440176,53.531337],[50.343956,53.5313191],[50.3439761,53.5312947],[50.3440377,53.5313126],[50.3440176,53.531337]]]},"properties":{"id":"7f62f7ae-f4f8-418e-83e0-764d02e76b5f","source_type":"ml"}},{"type":"Feature","geometry":{"type":"Polygon","coordinates":[[[50.3436961,53.5307987],[50.3437636,53.5308133],[50.343721,53.5308831],[50.3436534,53.5308684],[50.3436961,53.5307987]]]},"properties":{"id":"ffe76db1-6396-48f0-874b-4b6cca7c4a2b","source_type":"ml"}},{"type":"Feature","geometry":{"type":"Polygon","coordinates":[[[50.343454,53.5270556],[50.3434246,53.5270543],[50.3434303,53.5270067],[50.3434596,53.527008],[50.343454,53.5270556]]]},"properties":{"id":"6bf8562f-4d11-4132-aac5-a9e38e4973c1","source_type":"ml"}},{"type":"Feature","geometry":{"type":"Polygon","coordinates":[[[50.3424554,53.5258975],[50.3425156,53.5258589],[50.3425985,53.5259047],[50.3425383,53.5259433],[50.3424554,53.5258975]]]},"properties":{"id":"0fcce399-f893-494f-a685-0ba3a1f39e69","source_type":"ml"}},{"type":"Feature","geometry":{"type":"Polygon","coordinates":[[[50.3425804,53.5283199],[50.3425058,53.5282989],[50.3425648,53.5282246],[50.3426394,53.5282455],[50.3425804,53.5283199]]]},"properties":{"id":"18c4809d-fc14-4fd4-9e09-9ac591f1aab4","source_type":"ml"}},{"type":"Feature","geometry":{"type":"Polygon","coordinates":[[[50.3410225,53.5262248],[50.3409381,53.5262095],[50.3409532,53.5261803],[50.3410375,53.5261957],[50.3410225,53.5262248]]]},"properties":{"id":"8102056d-3859-4eae-b9e9-8446401bdace","source_type":"ml"}},{"type":"Feature","geometry":{"type":"Polygon","coordinates":[[[50.3407021,53.526224],[50.340767,53.5262423],[50.3407432,53.5262722],[50.3406783,53.526254],[50.3407021,53.526224]]]},"properties":{"id":"2d025df3-e2d9-4440-8b45-3c6103e60c8b","source_type":"ml"}},{"type":"Feature","geometry":{"type":"Polygon","coordinates":[[[50.3410322,53.5300073],[50.3410963,53.5299223],[50.341236,53.5299595],[50.3412065,53.5299985],[50.3411272,53.5299774],[50.3410926,53.5300233],[50.3410322,53.5300073]]]},"properties":{"id":"4f8a19da-7431-4715-b433-b527bb7128cc","source_type":"ml"}},{"type":"Feature","geometry":{"type":"Polygon","coordinates":[[[50.3416016,53.5312152],[50.3414725,53.5311758],[50.3415644,53.5310693],[50.3416935,53.5311086],[50.3416016,53.5312152]]]},"properties":{"id":"b92e4af2-906a-4163-a8f8-195ddf8607ce","source_type":"osm"}},{"type":"Feature","geometry":{"type":"Polygon","coordinates":[[[50.3397059,53.5312352],[50.3397482,53.5312465],[50.3397247,53.5312775],[50.3396824,53.5312661],[50.3397059,53.5312352]]]},"properties":{"id":"8d0618aa-b2dc-45a1-9593-53370def0edc","source_type":"ml"}},{"type":"Feature","geometry":{"type":"Polygon","coordinates":[[[50.3385065,53.5279423],[50.3384658,53.5279339],[50.3384848,53.5279012],[50.3385255,53.5279095],[50.3385065,53.5279423]]]},"properties":{"id":"dcf44e64-b111-4255-b074-1b8d020c2a53","source_type":"ml"}},{"type":"Feature","geometry":{"type":"Polygon","coordinates":[[[50.3231459,53.5309061],[50.3231175,53.5308455],[50.3232482,53.5308238],[50.3232767,53.5308845],[50.3231459,53.5309061]]]},"properties":{"id":"bc8af964-3c38-4e94-be11-3703dc61ec62","source_type":"ml"}},{"type":"Feature","geometry":{"type":"Polygon","coordinates":[[[50.3217283,53.5316372],[50.3218626,53.5315932],[50.3219902,53.5317306],[50.3218559,53.5317746],[50.3217283,53.5316372]]]},"properties":{"id":"d7fbc931-6426-417a-b8a0-5cd3491fe3c2","source_type":"osm"}},{"type":"Feature","geometry":{"type":"Polygon","coordinates":[[[50.320946,53.5314797],[50.3210931,53.53143],[50.3211557,53.5314954],[50.3210086,53.5315451],[50.320946,53.5314797]]]},"properties":{"id":"bee215cc-989b-4292-9ee7-2739a496dc6f","source_type":"osm"}},{"type":"Feature","geometry":{"type":"Polygon","coordinates":[[[50.3220349,53.5296016],[50.3218031,53.5296571],[50.3217402,53.5295643],[50.3219721,53.5295088],[50.3220349,53.5296016]]]},"properties":{"id":"76482ce3-3d7c-4aff-ab18-ac9eb2e7e5e7","source_type":"osm"}},{"type":"Feature","geometry":{"type":"Polygon","coordinates":[[[50.3261048,53.5028659],[50.3261116,53.5030222],[50.3260097,53.5030238],[50.3260029,53.5028675],[50.3261048,53.5028659]]]},"properties":{"id":"d5ef75fc-2f76-4066-870c-6f59cc0cc943","source_type":"ml"}},{"type":"Feature","geometry":{"type":"Polygon","coordinates":[[[50.3212901,53.505017],[50.321319,53.5051513],[50.3212623,53.5051556],[50.3212334,53.5050214],[50.3212901,53.505017]]]},"properties":{"id":"9e75018a-ba5d-48ed-8964-01c50d7b38b7","source_type":"ml"}},{"type":"Feature","geometry":{"type":"Polygon","coordinates":[[[50.321634,53.5034208],[50.3217332,53.5034194],[50.3217352,53.503468],[50.321636,53.5034694],[50.321634,53.5034208]]]},"properties":{"id":"e0935b7a-594c-4572-8d28-3ab3c92fb28b","source_type":"ml"}},{"type":"Feature","geometry":{"type":"Polygon","coordinates":[[[50.3224105,53.5021161],[50.3224759,53.5021146],[50.3224781,53.502148],[50.3224127,53.5021495],[50.3224105,53.5021161]]]},"properties":{"id":"51b22576-3a60-4df8-b139-91470ea49ffc","source_type":"ml"}},{"type":"Feature","geometry":{"type":"Polygon","coordinates":[[[50.3303425,53.5041633],[50.3303411,53.5042159],[50.3303035,53.5042156],[50.330305,53.5041629],[50.3303425,53.5041633]]]},"properties":{"id":"4ad80677-1b11-4647-8012-f05b30fd83bc","source_type":"ml"}},{"type":"Feature","geometry":{"type":"Polygon","coordinates":[[[50.3307295,53.5034638],[50.3307234,53.5033671],[50.3308586,53.5033641],[50.3308647,53.5034608],[50.3307295,53.5034638]]]},"properties":{"id":"37e8531b-5780-4470-88b0-d278fbe9f9cb","source_type":"osm"}},{"type":"Feature","geometry":{"type":"Polygon","coordinates":[[[50.3305715,53.5043172],[50.3305565,53.504219],[50.3307629,53.5042079],[50.3307779,53.5043061],[50.3305715,53.5043172]]]},"properties":{"id":"6c3b1b75-c667-49ff-9fc3-abbf3f6bddc2","source_type":"osm"}},{"type":"Feature","geometry":{"type":"Polygon","coordinates":[[[50.3320569,53.5035792],[50.3320578,53.5036222],[50.3319559,53.503623],[50.331955,53.50358],[50.3320569,53.5035792]]]},"properties":{"id":"64f76800-64d4-47a1-8890-afb4699c96b3","source_type":"ml"}},{"type":"Feature","geometry":{"type":"Polygon","coordinates":[[[50.3316425,53.5027882],[50.331711,53.5027897],[50.3317078,53.5028407],[50.3316393,53.5028392],[50.3316425,53.5027882]]]},"properties":{"id":"43692151-3ab9-400a-9581-46f09e6dfd12","source_type":"ml"}},{"type":"Feature","geometry":{"type":"Polygon","coordinates":[[[50.3318695,53.5026653],[50.3318278,53.5026644],[50.3318303,53.5026221],[50.3318721,53.502623],[50.3318695,53.5026653]]]},"properties":{"id":"fa471cdd-a199-489b-87eb-84fd10178978","source_type":"ml"}},{"type":"Feature","geometry":{"type":"Polygon","coordinates":[[[50.3340533,53.5004109],[50.3339648,53.5004099],[50.3339708,53.5002248],[50.3340593,53.5002259],[50.3340533,53.5004109]]]},"properties":{"id":"0701a0ee-10e8-4622-8892-29c6290f51c4","source_type":"ml"}},{"type":"Feature","geometry":{"type":"Polygon","coordinates":[[[50.3326386,53.5034014],[50.3326419,53.5034603],[50.3325749,53.5034617],[50.3325716,53.5034027],[50.3326386,53.5034014]]]},"properties":{"id":"7bcae346-32e3-4a44-b4aa-447fe4cc6ac1","source_type":"ml"}},{"type":"Feature","geometry":{"type":"Polygon","coordinates":[[[50.3340643,53.5054699],[50.3340187,53.5054708],[50.334017,53.5054405],[50.3340626,53.5054396],[50.3340643,53.5054699]]]},"properties":{"id":"6055f98f-b672-46ff-a4b2-9a005f1a558e","source_type":"ml"}},{"type":"Feature","geometry":{"type":"Polygon","coordinates":[[[50.3341767,53.5033433],[50.3343269,53.5033418],[50.3343295,53.5034311],[50.3341793,53.5034326],[50.3341767,53.5033433]]]},"properties":{"id":"5c58a271-61b0-4c94-b0dd-362ae55355bc","source_type":"ml"}},{"type":"Feature","geometry":{"type":"Polygon","coordinates":[[[50.3337654,53.5035292],[50.3337778,53.503463],[50.3338376,53.5034669],[50.3338251,53.5035331],[50.3337654,53.5035292]]]},"properties":{"id":"0e18a268-637a-45b2-81a4-1080f49233bf","source_type":"ml"}},{"type":"Feature","geometry":{"type":"Polygon","coordinates":[[[50.3347813,53.5025345],[50.3345894,53.5025189],[50.3346155,53.5024049],[50.3348074,53.5024205],[50.3347813,53.5025345]]]},"properties":{"id":"fe289ed1-d73d-475a-ab51-83ab3712590d","source_type":"osm"}},{"type":"Feature","geometry":{"type":"Polygon","coordinates":[[[50.3347812,53.5033278],[50.3345954,53.5033243],[50.3345996,53.5032464],[50.3347854,53.50325],[50.3347812,53.5033278]]]},"properties":{"id":"ec7e9d45-90ee-4b74-a7b1-6ded9a563f3c","source_type":"osm"}},{"type":"Feature","geometry":{"type":"Polygon","coordinates":[[[50.3358374,53.5027194],[50.3358173,53.5026272],[50.3359412,53.5026177],[50.3359613,53.5027099],[50.3358374,53.5027194]]]},"properties":{"id":"3a609816-4d42-4492-8aeb-70254bfb1033","source_type":"osm"}},{"type":"Feature","geometry":{"type":"Polygon","coordinates":[[[50.3356483,53.5003682],[50.3354925,53.5003666],[50.3354961,53.5002492],[50.3356519,53.5002509],[50.3356483,53.5003682]]]},"properties":{"id":"d9ca7b59-7260-4b56-a193-bf0d49d6c968","source_type":"osm"}},{"type":"Feature","geometry":{"type":"Polygon","coordinates":[[[50.3343537,53.5006544],[50.3343514,53.5005803],[50.3344452,53.5005792],[50.3344476,53.5006534],[50.3343537,53.5006544]]]},"properties":{"id":"4683263b-6316-4252-96a1-0865386b3eb6","source_type":"ml"}},{"type":"Feature","geometry":{"type":"Polygon","coordinates":[[[50.3344474,53.5005685],[50.334369,53.5005718],[50.3343629,53.5005202],[50.3344413,53.5005169],[50.3344474,53.5005685]]]},"properties":{"id":"177088a5-3bb1-4cec-9a0f-a30b9438909c","source_type":"ml"}},{"type":"Feature","geometry":{"type":"Polygon","coordinates":[[[50.3402457,53.5000827],[50.3402526,53.5002517],[50.3401384,53.5002534],[50.3401315,53.5000843],[50.3402457,53.5000827]]]},"properties":{"id":"df091c6f-6999-4a24-bf57-6abd6d0eeb37","source_type":"ml"}},{"type":"Feature","geometry":{"type":"Polygon","coordinates":[[[50.3422021,53.5034448],[50.3422039,53.5034123],[50.3422669,53.5034135],[50.3422651,53.5034461],[50.3422021,53.5034448]]]},"properties":{"id":"df5b2b03-4ec5-49d8-bcd1-a896d63c1850","source_type":"ml"}},{"type":"Feature","geometry":{"type":"Polygon","coordinates":[[[50.3425534,53.5024452],[50.3425608,53.5026157],[50.3424884,53.5026169],[50.342485,53.5025371],[50.3424823,53.5025372],[50.3424784,53.5024463],[50.3425534,53.5024452]]]},"properties":{"id":"ff95864e-5fcf-4059-bc01-690f8486d97b","source_type":"ml"}},{"type":"Feature","geometry":{"type":"Polygon","coordinates":[[[50.3436488,53.5025095],[50.3435067,53.5025072],[50.3435091,53.5024546],[50.3436512,53.5024569],[50.3436488,53.5025095]]]},"properties":{"id":"b364bcbc-08fd-4de4-bb7d-bae7f756b5c7","source_type":"ml"}},{"type":"Feature","geometry":{"type":"Polygon","coordinates":[[[50.3416305,53.5022691],[50.3416345,53.5022284],[50.341696,53.5022306],[50.341692,53.5022712],[50.3416305,53.5022691]]]},"properties":{"id":"fd470998-dc0a-45cc-8bf3-fc8fe888bee4","source_type":"ml"}},{"type":"Feature","geometry":{"type":"Polygon","coordinates":[[[50.3414555,53.5022659],[50.3414579,53.5021798],[50.3415801,53.502181],[50.3415777,53.5022671],[50.3414555,53.5022659]]]},"properties":{"id":"1282e2df-3761-473d-b987-c8b68da9c71b","source_type":"ml"}},{"type":"Feature","geometry":{"type":"Polygon","coordinates":[[[50.3406383,53.5038155],[50.3406447,53.5037685],[50.3406886,53.5037706],[50.3406822,53.5038176],[50.3406383,53.5038155]]]},"properties":{"id":"599e9e8c-939f-4dc7-895e-c567484ce8d9","source_type":"ml"}},{"type":"Feature","geometry":{"type":"Polygon","coordinates":[[[50.3405918,53.5032675],[50.3405221,53.5032689],[50.3405184,53.5032035],[50.3405881,53.5032021],[50.3405918,53.5032675]]]},"properties":{"id":"39b15f49-4bf5-4a19-aa0f-a5115235b9ed","source_type":"ml"}},{"type":"Feature","geometry":{"type":"Polygon","coordinates":[[[50.3401561,53.5033146],[50.3401543,53.5032233],[50.3402599,53.5032226],[50.3402617,53.5033138],[50.3401561,53.5033146]]]},"properties":{"id":"d61449b3-592b-40b8-8dd6-31dbf6f8baff","source_type":"osm"}},{"type":"Feature","geometry":{"type":"Polygon","coordinates":[[[50.3390606,53.5033616],[50.3390663,53.5032149],[50.3391762,53.5032164],[50.3391734,53.5032882],[50.3391466,53.5032878],[50.3391438,53.5033627],[50.3390606,53.5033616]]]},"properties":{"id":"3ce536fd-40bf-4fa1-a44d-fd580fff4fdf","source_type":"ml"}},{"type":"Feature","geometry":{"type":"Polygon","coordinates":[[[50.3384122,53.5041252],[50.3384728,53.50413],[50.3384615,53.5041802],[50.3384009,53.5041753],[50.3384122,53.5041252]]]},"properties":{"id":"3aa56073-bd8b-46de-9f73-1154344910e5","source_type":"ml"}},{"type":"Feature","geometry":{"type":"Polygon","coordinates":[[[50.3383789,53.5041135],[50.3383833,53.504045],[50.3384878,53.5040474],[50.3384834,53.5041159],[50.3383789,53.5041135]]]},"properties":{"id":"04bda680-961b-4761-9e25-7564f1a6dffd","source_type":"ml"}},{"type":"Feature","geometry":{"type":"Polygon","coordinates":[[[50.3380051,53.5004336],[50.3380067,53.5003427],[50.3380792,53.5003432],[50.3380775,53.5004341],[50.3380051,53.5004336]]]},"properties":{"id":"ce9ed3f0-d3e0-4f89-86f9-ee53deb46aea","source_type":"ml"}},{"type":"Feature","geometry":{"type":"Polygon","coordinates":[[[50.3363974,53.5016962],[50.336381,53.5017453],[50.3363371,53.5017401],[50.3363536,53.501691],[50.3363974,53.5016962]]]},"properties":{"id":"f90b933a-7f43-46b7-a51e-3175051fa2ed","source_type":"ml"}},{"type":"Feature","geometry":{"type":"Polygon","coordinates":[[[50.3366048,53.5033503],[50.3366033,53.5032306],[50.3369202,53.5032291],[50.3369219,53.5033633],[50.3368569,53.5033636],[50.3368567,53.5033491],[50.3366048,53.5033503]]]},"properties":{"id":"f796cf61-3237-4e7d-b1ed-2f190886e5ab","source_type":"osm"}},{"type":"Feature","geometry":{"type":"Polygon","coordinates":[[[50.3368581,53.5033672],[50.3368605,53.5034103],[50.3366274,53.5034147],[50.336625,53.5033717],[50.3368581,53.5033672]]]},"properties":{"id":"08e632cd-d0bc-4fbc-a0e1-960aa5db2dff","source_type":"ml"}},{"type":"Feature","geometry":{"type":"Polygon","coordinates":[[[50.3380157,53.5033635],[50.338013,53.5034343],[50.3379004,53.5034328],[50.3379031,53.503362],[50.3380157,53.5033635]]]},"properties":{"id":"530c4736-090e-41f3-a830-0f990c804c5c","source_type":"ml"}},{"type":"Feature","geometry":{"type":"Polygon","coordinates":[[[50.3373911,53.5033315],[50.3373146,53.5033304],[50.3373177,53.5032532],[50.3373406,53.5032535],[50.337343,53.5031968],[50.3373966,53.5031975],[50.3373911,53.5033315]]]},"properties":{"id":"332b72c2-314b-4763-93f1-f934cec1465c","source_type":"ml"}},{"type":"Feature","geometry":{"type":"Polygon","coordinates":[[[50.3441885,53.5033418],[50.3441806,53.5031494],[50.3443818,53.5031465],[50.3443897,53.5033388],[50.3441885,53.5033418]]]},"properties":{"id":"9007cecf-5d5d-4809-a922-420029a78e57","source_type":"osm"}},{"type":"Feature","geometry":{"type":"Polygon","coordinates":[[[50.3444312,53.5024865],[50.3444333,53.5024515],[50.3444854,53.5024526],[50.3444832,53.5024876],[50.3444312,53.5024865]]]},"properties":{"id":"3b2824a1-4696-49a3-a81b-bc9f51c029b3","source_type":"ml"}},{"type":"Feature","geometry":{"type":"Polygon","coordinates":[[[50.3448971,53.5032621],[50.3448971,53.5031656],[50.3451428,53.5031656],[50.3451428,53.5032912],[50.3450557,53.5032912],[50.3450557,53.5032621],[50.3448971,53.5032621]]]},"properties":{"id":"49b56be4-c57a-4976-9a57-afd0ee65daa7","source_type":"osm"}},{"type":"Feature","geometry":{"type":"Polygon","coordinates":[[[50.3522147,53.5033155],[50.3521259,53.5033477],[50.3520354,53.5032593],[50.3521242,53.5032271],[50.3522147,53.5033155]]]},"properties":{"id":"c188db1d-9765-414d-a7aa-93fd5c06e2ce","source_type":"osm"}},{"type":"Feature","geometry":{"type":"Polygon","coordinates":[[[50.3524983,53.503653],[50.3523859,53.5035949],[50.3524468,53.5035533],[50.3525591,53.5036113],[50.3524983,53.503653]]]},"properties":{"id":"a385cfb3-a05c-41ce-b0dd-1ec06bb498b8","source_type":"osm"}},{"type":"Feature","geometry":{"type":"Polygon","coordinates":[[[50.3532774,53.5042044],[50.3531241,53.5042033],[50.3531253,53.5041396],[50.3532786,53.5041406],[50.3532774,53.5042044]]]},"properties":{"id":"215f1dc5-ff38-4022-a78f-7ec33d4d9866","source_type":"osm"}},{"type":"Feature","geometry":{"type":"Polygon","coordinates":[[[50.3541143,53.5038543],[50.3540614,53.5039529],[50.3539386,53.5039295],[50.3539914,53.503831],[50.3541143,53.5038543]]]},"properties":{"id":"4cc64c97-c5b3-43fb-90e9-333681d3d305","source_type":"osm"}},{"type":"Feature","geometry":{"type":"Polygon","coordinates":[[[50.3559387,53.5073523],[50.3557846,53.5074235],[50.3556887,53.5073502],[50.3558428,53.5072789],[50.3559387,53.5073523]]]},"properties":{"id":"b35850b6-3905-4f65-ac65-f76b701d1c62","source_type":"osm"}},{"type":"Feature","geometry":{"type":"Polygon","coordinates":[[[50.3569769,53.5079485],[50.3568524,53.5080061],[50.3567084,53.5078961],[50.356833,53.5078385],[50.3569769,53.5079485]]]},"properties":{"id":"2b6ad8cf-4944-42e0-9a15-fe779ba8ba95","source_type":"osm"}},{"type":"Feature","geometry":{"type":"Polygon","coordinates":[[[50.3569418,53.5093697],[50.3568205,53.5092769],[50.3569069,53.509237],[50.3570281,53.5093299],[50.3569418,53.5093697]]]},"properties":{"id":"9cb87580-92ca-48a8-8766-65f1287e76a5","source_type":"osm"}},{"type":"Feature","geometry":{"type":"Polygon","coordinates":[[[50.3562385,53.50966],[50.3560905,53.5097297],[50.3560211,53.5096776],[50.3561691,53.5096079],[50.3562385,53.50966]]]},"properties":{"id":"bd894994-4ff1-48ac-9ba1-81f27aad1e98","source_type":"osm"}},{"type":"Feature","geometry":{"type":"Polygon","coordinates":[[[50.3556666,53.5085676],[50.3555802,53.5086076],[50.3554762,53.5085281],[50.3555626,53.5084881],[50.3556666,53.5085676]]]},"properties":{"id":"a02cf8e1-bf4c-421e-a205-7f8bcd29487a","source_type":"osm"}},{"type":"Feature","geometry":{"type":"Polygon","coordinates":[[[50.352661,53.5234437],[50.3525103,53.5235547],[50.3524323,53.5235173],[50.3525831,53.5234063],[50.352661,53.5234437]]]},"properties":{"id":"11c69167-7e36-4a7c-981c-9803cce08195","source_type":"ml"}},{"type":"Feature","geometry":{"type":"Polygon","coordinates":[[[50.3556626,53.5232539],[50.356021,53.5233564],[50.3559445,53.5234509],[50.355804,53.5234108],[50.3558207,53.52339],[50.3556835,53.5233508],[50.3557202,53.5233055],[50.3556396,53.5232824],[50.3556626,53.5232539]]]},"properties":{"id":"b5cdc144-dfe1-43c4-8ae5-e3a2f8a029ce","source_type":"ml"}},{"type":"Feature","geometry":{"type":"Polygon","coordinates":[[[50.3564775,53.5237492],[50.3563569,53.5237229],[50.3563954,53.5236603],[50.356516,53.5236866],[50.3564775,53.5237492]]]},"properties":{"id":"cfd628d0-7d83-4ce6-b12a-1aba5f13e21b","source_type":"ml"}},{"type":"Feature","geometry":{"type":"Polygon","coordinates":[[[50.3572085,53.5215994],[50.357075,53.5215545],[50.3571816,53.5214423],[50.3573151,53.5214872],[50.3572085,53.5215994]]]},"properties":{"id":"88e3d3f9-572d-407a-8301-fc55f519af46","source_type":"osm"}},{"type":"Feature","geometry":{"type":"Polygon","coordinates":[[[50.3597777,53.5166583],[50.3598226,53.5166709],[50.3597963,53.516704],[50.3597514,53.5166914],[50.3597777,53.5166583]]]},"properties":{"id":"40cb60c6-26b6-4f56-8dba-192116f63de0","source_type":"ml"}},{"type":"Feature","geometry":{"type":"Polygon","coordinates":[[[50.3599219,53.5171918],[50.3597732,53.5171435],[50.359837,53.517074],[50.3599856,53.5171222],[50.3599219,53.5171918]]]},"properties":{"id":"417e0725-6f6b-4499-8f74-21ee293c78c1","source_type":"osm"}},{"type":"Feature","geometry":{"type":"Polygon","coordinates":[[[50.3596952,53.5181324],[50.3597366,53.5181235],[50.359719,53.5180947],[50.3597701,53.5180837],[50.3598212,53.5181674],[50.3597288,53.5181874],[50.3596952,53.5181324]]]},"properties":{"id":"28938515-dcaf-4d0f-a8e6-c7d1330e595f","source_type":"ml"}},{"type":"Feature","geometry":{"type":"Polygon","coordinates":[[[50.3599553,53.518282],[50.3599423,53.5182504],[50.3599879,53.5182437],[50.3600008,53.5182754],[50.3599553,53.518282]]]},"properties":{"id":"64c77948-b9d1-4465-9f27-19564bfa4125","source_type":"ml"}},{"type":"Feature","geometry":{"type":"Polygon","coordinates":[[[50.3577628,53.5213936],[50.357783,53.5213596],[50.3580309,53.5214117],[50.3580107,53.5214457],[50.3577628,53.5213936]]]},"properties":{"id":"f0ac7a76-da4c-469e-8307-c9fb49e7bf0b","source_type":"ml"}},{"type":"Feature","geometry":{"type":"Polygon","coordinates":[[[50.3576087,53.5217453],[50.3576649,53.52176],[50.3576491,53.5217814],[50.3575929,53.5217667],[50.3576087,53.5217453]]]},"properties":{"id":"546beecf-9868-47cd-a1e5-45ff04c5eab1","source_type":"ml"}},{"type":"Feature","geometry":{"type":"Polygon","coordinates":[[[50.3577701,53.5217765],[50.3577956,53.5217359],[50.3578474,53.5217474],[50.3578219,53.521788],[50.3577701,53.5217765]]]},"properties":{"id":"f4429791-7923-4b9f-a9bc-23e3419f426b","source_type":"ml"}},{"type":"Feature","geometry":{"type":"Polygon","coordinates":[[[50.3576532,53.5230847],[50.3577177,53.5231037],[50.3576637,53.5231682],[50.3575992,53.5231492],[50.3576532,53.5230847]]]},"properties":{"id":"b6c0bf16-cc3d-4a8c-96f8-2d4a75ee7563","source_type":"ml"}},{"type":"Feature","geometry":{"type":"Polygon","coordinates":[[[50.3579938,53.5227185],[50.3578712,53.5226744],[50.3579666,53.5225806],[50.3580892,53.5226247],[50.3579938,53.5227185]]]},"properties":{"id":"5f3ce68b-ee55-4e0e-866d-55f4a1f17c2f","source_type":"osm"}},{"type":"Feature","geometry":{"type":"Polygon","coordinates":[[[50.3580982,53.5217853],[50.3581867,53.5217983],[50.3581732,53.5218305],[50.3580848,53.5218175],[50.3580982,53.5217853]]]},"properties":{"id":"9416230d-d05f-4e94-9702-f9929ddbf9d9","source_type":"ml"}},{"type":"Feature","geometry":{"type":"Polygon","coordinates":[[[50.3583025,53.5219619],[50.3581834,53.5219394],[50.3582387,53.5218358],[50.3583579,53.5218583],[50.3583025,53.5219619]]]},"properties":{"id":"3c351d95-17a9-4b84-9cd6-7ef547cf3028","source_type":"osm"}},{"type":"Feature","geometry":{"type":"Polygon","coordinates":[[[50.3587553,53.5220196],[50.3587239,53.5220119],[50.3587497,53.5219747],[50.3587808,53.5219823],[50.3587854,53.5219756],[50.358888,53.5220007],[50.3588336,53.5220793],[50.3587313,53.5220543],[50.3587553,53.5220196]]]},"properties":{"id":"1cf96af8-e150-4c9c-9c35-cec01207ad07","source_type":"osm"}},{"type":"Feature","geometry":{"type":"Polygon","coordinates":[[[50.358905,53.5229967],[50.3587256,53.5229491],[50.3587796,53.5228772],[50.358959,53.5229248],[50.358905,53.5229967]]]},"properties":{"id":"1416ddce-4d24-4bfe-bcd3-49be46e88a49","source_type":"osm"}},{"type":"Feature","geometry":{"type":"Polygon","coordinates":[[[50.3595965,53.5230353],[50.3595273,53.5230168],[50.3596088,53.5229087],[50.3596781,53.5229272],[50.3595965,53.5230353]]]},"properties":{"id":"d005d2e4-e48a-46b8-86c3-96ba21fe9758","source_type":"ml"}},{"type":"Feature","geometry":{"type":"Polygon","coordinates":[[[50.3607011,53.5220553],[50.3606487,53.5220504],[50.3606723,53.5219607],[50.3607246,53.5219656],[50.3607011,53.5220553]]]},"properties":{"id":"bc1b4af9-fa02-404d-89ae-fbec2ae18ddd","source_type":"ml"}},{"type":"Feature","geometry":{"type":"Polygon","coordinates":[[[50.362008,53.5179283],[50.3620269,53.5179774],[50.3619236,53.5179914],[50.3619048,53.5179424],[50.362008,53.5179283]]]},"properties":{"id":"8ab3cff1-76e9-4197-af24-b01894124e90","source_type":"ml"}},{"type":"Feature","geometry":{"type":"Polygon","coordinates":[[[50.3613035,53.5165047],[50.361159,53.5164435],[50.3612445,53.5163722],[50.3613889,53.5164334],[50.3613035,53.5165047]]]},"properties":{"id":"fa36281e-0657-4f4b-a9b3-a4a43c94b09b","source_type":"osm"}},{"type":"Feature","geometry":{"type":"Polygon","coordinates":[[[50.361923,53.5157934],[50.3617232,53.5157412],[50.3617787,53.515666],[50.3619785,53.5157182],[50.361923,53.5157934]]]},"properties":{"id":"bb4f6ebc-cc85-4e47-bab6-ac801acfbe5d","source_type":"osm"}},{"type":"Feature","geometry":{"type":"Polygon","coordinates":[[[50.3625156,53.51509],[50.3623843,53.5150621],[50.3624369,53.5149746],[50.3625683,53.5150025],[50.3625156,53.51509]]]},"properties":{"id":"034e8b8b-99b3-4631-89a5-efcab6f33c04","source_type":"osm"}},{"type":"Feature","geometry":{"type":"Polygon","coordinates":[[[50.3624219,53.5146888],[50.3624656,53.5146243],[50.3625233,53.5146381],[50.3624796,53.5147026],[50.3624219,53.5146888]]]},"properties":{"id":"4c8354e1-5ef8-45cf-920d-17cbff0259fb","source_type":"ml"}},{"type":"Feature","geometry":{"type":"Polygon","coordinates":[[[50.3626205,53.514813],[50.3624429,53.5147782],[50.3624811,53.5147092],[50.362482,53.5147093],[50.3625123,53.5146546],[50.3626333,53.5146783],[50.3625935,53.5147503],[50.3626492,53.5147611],[50.3626205,53.514813]]]},"properties":{"id":"90d1ae3f-f89a-42ae-8ed5-87c3c546266b","source_type":"ml"}},{"type":"Feature","geometry":{"type":"Polygon","coordinates":[[[50.3621342,53.5146346],[50.3621527,53.5146589],[50.3620606,53.5146837],[50.3620421,53.5146594],[50.3621342,53.5146346]]]},"properties":{"id":"d6495297-29ec-4cb9-909e-1d85454a691d","source_type":"ml"}},{"type":"Feature","geometry":{"type":"Polygon","coordinates":[[[50.3625927,53.5136714],[50.36263,53.5136621],[50.3626626,53.5137081],[50.3626253,53.5137175],[50.3625927,53.5136714]]]},"properties":{"id":"f2ed3841-09d8-43c8-ae20-7d7593a8b325","source_type":"ml"}},{"type":"Feature","geometry":{"type":"Polygon","coordinates":[[[50.3609671,53.511628],[50.3608579,53.5116403],[50.360826,53.5115402],[50.3609351,53.5115278],[50.3609671,53.511628]]]},"properties":{"id":"ec350090-54d8-4454-8848-5fadec512160","source_type":"osm"}},{"type":"Feature","geometry":{"type":"Polygon","coordinates":[[[50.3583283,53.5097461],[50.358193,53.5096678],[50.3582711,53.5096202],[50.3584063,53.5096985],[50.3583283,53.5097461]]]},"properties":{"id":"7afd57f9-7d44-4a7c-a439-22c76cab2b4f","source_type":"osm"}},{"type":"Feature","geometry":{"type":"Polygon","coordinates":[[[50.3658776,53.5126947],[50.3657435,53.512615],[50.3658265,53.5125656],[50.3659606,53.5126454],[50.3658776,53.5126947]]]},"properties":{"id":"0a6f202b-3800-44a6-82a9-4e77e05d928c","source_type":"osm"}},{"type":"Feature","geometry":{"type":"Polygon","coordinates":[[[50.3668456,53.5125374],[50.366889,53.5125659],[50.366783,53.512623],[50.3667396,53.5125945],[50.3668456,53.5125374]]]},"properties":{"id":"eeac1e36-fe80-4a64-96b9-0fb70a107d32","source_type":"ml"}},{"type":"Feature","geometry":{"type":"Polygon","coordinates":[[[50.367021,53.5136312],[50.367035,53.5136616],[50.3669162,53.513681],[50.3669022,53.5136506],[50.367021,53.5136312]]]},"properties":{"id":"de793588-ffec-4d9d-8310-e82c5bfb674d","source_type":"ml"}},{"type":"Feature","geometry":{"type":"Polygon","coordinates":[[[50.3681922,53.5137836],[50.3681717,53.5137289],[50.368227,53.5137216],[50.3682475,53.5137763],[50.3681922,53.5137836]]]},"properties":{"id":"8c49f537-b8bd-48d4-b673-6f003fb2e348","source_type":"ml"}},{"type":"Feature","geometry":{"type":"Polygon","coordinates":[[[50.3633933,53.513805],[50.3632683,53.51371],[50.3633365,53.5136783],[50.3634615,53.5137733],[50.3633933,53.513805]]]},"properties":{"id":"2f5b44f6-a880-4474-a796-282173aa619c","source_type":"ml"}},{"type":"Feature","geometry":{"type":"Polygon","coordinates":[[[50.3652283,53.5159792],[50.3650451,53.5158551],[50.3651433,53.5158039],[50.3653265,53.515928],[50.3652283,53.5159792]]]},"properties":{"id":"3fb24df0-b65e-478a-917e-fae66d4336fc","source_type":"osm"}},{"type":"Feature","geometry":{"type":"Polygon","coordinates":[[[50.3654334,53.5162407],[50.3653834,53.5161388],[50.3655753,53.5161056],[50.3656252,53.5162075],[50.3654334,53.5162407]]]},"properties":{"id":"91ae6eeb-ba44-4e6a-b6c7-8a7277e756c3","source_type":"osm"}},{"type":"Feature","geometry":{"type":"Polygon","coordinates":[[[50.3653559,53.5167102],[50.3654017,53.5167038],[50.3654214,53.5167536],[50.3653757,53.51676],[50.3653559,53.5167102]]]},"properties":{"id":"1fe05653-c469-409c-a641-05848926d618","source_type":"ml"}},{"type":"Feature","geometry":{"type":"Polygon","coordinates":[[[50.3630457,53.5173786],[50.3630255,53.5172902],[50.3631308,53.5172817],[50.363151,53.5173701],[50.3630457,53.5173786]]]},"properties":{"id":"0a0a5e4e-9b62-4c3f-86f4-ead0d44327e9","source_type":"ml"}},{"type":"Feature","geometry":{"type":"Polygon","coordinates":[[[50.3628185,53.5174638],[50.3629204,53.5174627],[50.362923,53.5175434],[50.3628211,53.5175445],[50.3628185,53.5174638]]]},"properties":{"id":"909defba-12e9-4d32-b239-77481eeff6fc","source_type":"ml"}},{"type":"Feature","geometry":{"type":"Polygon","coordinates":[[[50.3630618,53.5179209],[50.3630251,53.5178261],[50.3631798,53.5178049],[50.3632228,53.5179161],[50.3631503,53.5179261],[50.3631439,53.5179097],[50.3630618,53.5179209]]]},"properties":{"id":"00927fa6-15a3-4300-8e53-a1d732f24fd9","source_type":"osm"}},{"type":"Feature","geometry":{"type":"Polygon","coordinates":[[[50.3665725,53.5157582],[50.3665248,53.5156834],[50.366615,53.5156631],[50.3666626,53.5157378],[50.3665725,53.5157582]]]},"properties":{"id":"50d307d1-fd0e-4a9c-966a-5a503600b874","source_type":"osm"}},{"type":"Feature","geometry":{"type":"Polygon","coordinates":[[[50.3807111,53.508237],[50.3805035,53.5080156],[50.3806304,53.5079735],[50.3807666,53.5081187],[50.3808051,53.5081059],[50.3808765,53.5081822],[50.3807111,53.508237]]]},"properties":{"id":"9637e5b4-b66e-4c35-83ae-dda774799f72","source_type":"osm"}},{"type":"Feature","geometry":{"type":"Polygon","coordinates":[[[50.3804636,53.5078935],[50.3804025,53.5078121],[50.3805326,53.5077776],[50.3806073,53.5078771],[50.3805454,53.5078935],[50.3805318,53.5078754],[50.3804636,53.5078935]]]},"properties":{"id":"ef5897a2-4c27-4ce2-be55-ef0ae83bf26f","source_type":"osm"}},{"type":"Feature","geometry":{"type":"Polygon","coordinates":[[[50.3797119,53.5061455],[50.3796949,53.506085],[50.3797523,53.5060793],[50.3797693,53.5061398],[50.3797119,53.5061455]]]},"properties":{"id":"40392f36-3023-43be-89f0-63ccc82dff19","source_type":"ml"}},{"type":"Feature","geometry":{"type":"Polygon","coordinates":[[[50.3795521,53.5086436],[50.3795227,53.5086013],[50.3795901,53.5085848],[50.3796194,53.508627],[50.3795521,53.5086436]]]},"properties":{"id":"9bacb911-00b8-41c8-ae35-f6b2aedea8d4","source_type":"ml"}},{"type":"Feature","geometry":{"type":"Polygon","coordinates":[[[50.3795776,53.5088965],[50.3795259,53.508812],[50.3795638,53.5088038],[50.3795371,53.5087601],[50.3796366,53.5087386],[50.379715,53.5088668],[50.3795776,53.5088965]]]},"properties":{"id":"239bc8f0-6110-4ae5-9bdf-056d302e5634","source_type":"ml"}},{"type":"Feature","geometry":{"type":"Polygon","coordinates":[[[50.3805712,53.5097026],[50.3804925,53.5095806],[50.3806656,53.5095411],[50.3807271,53.5096364],[50.3806358,53.5096572],[50.3806531,53.5096839],[50.3805712,53.5097026]]]},"properties":{"id":"c534d1ed-d132-454c-901d-c4be463ac0ea","source_type":"osm"}},{"type":"Feature","geometry":{"type":"Polygon","coordinates":[[[50.3800371,53.5106787],[50.3799839,53.5105804],[50.380103,53.5105576],[50.3801562,53.5106559],[50.3800371,53.5106787]]]},"properties":{"id":"9a899309-3561-4c18-8ca2-c18b6ee53126","source_type":"ml"}},{"type":"Feature","geometry":{"type":"Polygon","coordinates":[[[50.3806112,53.5110167],[50.380556,53.5109048],[50.3807539,53.5108703],[50.3808091,53.5109821],[50.3806112,53.5110167]]]},"properties":{"id":"15afb156-6ddc-4a1f-973c-42c18ad2a54c","source_type":"osm"}},{"type":"Feature","geometry":{"type":"Polygon","coordinates":[[[50.3808929,53.5105997],[50.3808482,53.5105145],[50.3809228,53.5105007],[50.3809675,53.5105859],[50.3808929,53.5105997]]]},"properties":{"id":"6a94f9db-6cc1-4b9a-91e7-da88a27c84a3","source_type":"ml"}},{"type":"Feature","geometry":{"type":"Polygon","coordinates":[[[50.3789594,53.5109333],[50.3789513,53.5109005],[50.3790326,53.5108934],[50.3790408,53.5109262],[50.3789594,53.5109333]]]},"properties":{"id":"724b4ee3-4273-4652-9fda-aecfb6a4318e","source_type":"ml"}},{"type":"Feature","geometry":{"type":"Polygon","coordinates":[[[50.3791363,53.5106015],[50.379088,53.5104431],[50.3791827,53.5104329],[50.3791714,53.510396],[50.3792652,53.5103859],[50.3792941,53.5104806],[50.3792406,53.5104864],[50.3792713,53.5105869],[50.3791363,53.5106015]]]},"properties":{"id":"f0ad2c8b-3f48-4f4d-8280-96c6ebf5b7e8","source_type":"osm"}},{"type":"Feature","geometry":{"type":"Polygon","coordinates":[[[50.3787972,53.5081951],[50.3787815,53.5081029],[50.3788965,53.508096],[50.3789122,53.5081882],[50.3787972,53.5081951]]]},"properties":{"id":"15dd5687-bd0b-45cd-81cf-c60bb04fdb11","source_type":"osm"}},{"type":"Feature","geometry":{"type":"Polygon","coordinates":[[[50.3788729,53.5071896],[50.3789229,53.5071817],[50.3789417,53.5072233],[50.3788917,53.5072313],[50.3788729,53.5071896]]]},"properties":{"id":"85dbfd7e-88ee-4c81-85c5-90ce0aa05b77","source_type":"ml"}},{"type":"Feature","geometry":{"type":"Polygon","coordinates":[[[50.3793188,53.5066338],[50.3793749,53.506618],[50.3794437,53.5067048],[50.3793691,53.5067257],[50.3793412,53.5066905],[50.3793596,53.5066853],[50.3793188,53.5066338]]]},"properties":{"id":"01cceb3a-d4a1-4b69-b719-bd7aa9527ff0","source_type":"ml"}},{"type":"Feature","geometry":{"type":"Polygon","coordinates":[[[50.3787891,53.5066445],[50.3788634,53.5066317],[50.3788763,53.5066582],[50.3788021,53.506671],[50.3787891,53.5066445]]]},"properties":{"id":"6d10f450-91b9-4464-a17a-f99c840094e1","source_type":"ml"}},{"type":"Feature","geometry":{"type":"Polygon","coordinates":[[[50.3790341,53.5067842],[50.3789781,53.5066829],[50.3792027,53.5066391],[50.3792586,53.5067404],[50.3790341,53.5067842]]]},"properties":{"id":"6e38cd0a-c151-4414-a727-7118effa9b46","source_type":"osm"}},{"type":"Feature","geometry":{"type":"Polygon","coordinates":[[[50.3773796,53.5292007],[50.3773769,53.5291046],[50.3775853,53.5291026],[50.3775879,53.5291986],[50.3773796,53.5292007]]]},"properties":{"id":"eaab7250-ccc3-407d-af55-c82d962a5e02","source_type":"osm"}},{"type":"Feature","geometry":{"type":"Polygon","coordinates":[[[50.3776688,53.5309933],[50.3776701,53.5308405],[50.3778256,53.530841],[50.3778243,53.5309938],[50.3776688,53.5309933]]]},"properties":{"id":"9fa9781f-ff7e-474c-ab81-55d1dfaf1d49","source_type":"osm"}},{"type":"Feature","geometry":{"type":"Polygon","coordinates":[[[50.3798785,53.5310412],[50.3798785,53.5309723],[50.3799696,53.5309723],[50.3799696,53.5310412],[50.3798785,53.5310412]]]},"properties":{"id":"4522bdbe-59fa-4744-9689-997da6307e9c","source_type":"osm"}},{"type":"Feature","geometry":{"type":"Polygon","coordinates":[[[50.3796936,53.5300291],[50.3796963,53.5300737],[50.3796374,53.5300749],[50.3796347,53.5300303],[50.3796936,53.5300291]]]},"properties":{"id":"09f1e759-7a1a-4361-bdb9-711f1b9936c2","source_type":"ml"}},{"type":"Feature","geometry":{"type":"Polygon","coordinates":[[[50.3594194,53.5242868],[50.3593063,53.5242437],[50.3593862,53.5241696],[50.3594993,53.5242127],[50.3594194,53.5242868]]]},"properties":{"id":"b8689caa-3bc0-4b0a-9658-5a1cd2723ae1","source_type":"osm"}},{"type":"Feature","geometry":{"type":"Polygon","coordinates":[[[50.3563194,53.5268791],[50.3562654,53.5268757],[50.3562803,53.5267922],[50.3563343,53.5267956],[50.3563194,53.5268791]]]},"properties":{"id":"02689453-a73a-4c9a-bae6-d4443ea94f13","source_type":"ml"}},{"type":"Feature","geometry":{"type":"Polygon","coordinates":[[[50.3552959,53.524033],[50.3553258,53.5239941],[50.3554279,53.5240218],[50.355398,53.5240607],[50.3552959,53.524033]]]},"properties":{"id":"af46d033-0ff4-45ce-8db2-5e670680aa22","source_type":"ml"}},{"type":"Feature","geometry":{"type":"Polygon","coordinates":[[[50.3551377,53.5243857],[50.3550732,53.5244736],[50.3548773,53.5244228],[50.3549418,53.5243349],[50.3551377,53.5243857]]]},"properties":{"id":"c5337538-3155-4488-99e1-3000fb77cb06","source_type":"osm"}},{"type":"Feature","geometry":{"type":"Polygon","coordinates":[[[50.3550142,53.5240356],[50.3550633,53.5239686],[50.3551772,53.523998],[50.3551281,53.5240651],[50.3550142,53.5240356]]]},"properties":{"id":"f7851da4-7e2a-4303-b262-3b8bf14bea42","source_type":"ml"}},{"type":"Feature","geometry":{"type":"Polygon","coordinates":[[[50.3547106,53.5240866],[50.3548163,53.5240993],[50.3547965,53.5241575],[50.3546908,53.5241448],[50.3547106,53.5240866]]]},"properties":{"id":"542ee84d-1c5c-4836-b873-b7f1ca58537b","source_type":"ml"}},{"type":"Feature","geometry":{"type":"Polygon","coordinates":[[[50.3549601,53.52561],[50.3549732,53.5255685],[50.3551157,53.5255844],[50.3551026,53.525626],[50.3549601,53.52561]]]},"properties":{"id":"28b3007b-269a-439f-bfdf-7bef0487ab51","source_type":"ml"}},{"type":"Feature","geometry":{"type":"Polygon","coordinates":[[[50.3558323,53.5267112],[50.3557245,53.5266821],[50.3557804,53.5266089],[50.3558882,53.5266381],[50.3558323,53.5267112]]]},"properties":{"id":"0eab936b-4e72-40d8-a8e1-bb131914b672","source_type":"osm"}},{"type":"Feature","geometry":{"type":"Polygon","coordinates":[[[50.3550948,53.5281778],[50.3550391,53.5282768],[50.3549523,53.5282595],[50.3550604,53.5280673],[50.3551231,53.5280798],[50.3550707,53.528173],[50.3550948,53.5281778]]]},"properties":{"id":"3f892e9d-6540-47ba-9fa3-8cac4f500683","source_type":"ml"}},{"type":"Feature","geometry":{"type":"Polygon","coordinates":[[[50.354283,53.5275288],[50.3542026,53.5275218],[50.3542125,53.5274813],[50.354293,53.5274882],[50.354283,53.5275288]]]},"properties":{"id":"de14ffc4-46e6-4838-a07c-5e226d786878","source_type":"ml"}},{"type":"Feature","geometry":{"type":"Polygon","coordinates":[[[50.3543406,53.5263868],[50.3545282,53.5264324],[50.3545109,53.5264576],[50.3543233,53.526412],[50.3543406,53.5263868]]]},"properties":{"id":"dc979176-3fe6-4828-8b4a-8f79d697fb38","source_type":"ml"}},{"type":"Feature","geometry":{"type":"Polygon","coordinates":[[[50.3538195,53.5256687],[50.3538494,53.5256269],[50.3539517,53.5256527],[50.3539218,53.5256945],[50.3538195,53.5256687]]]},"properties":{"id":"274a3fb0-9aee-4d45-b430-4e2f59c334c8","source_type":"ml"}},{"type":"Feature","geometry":{"type":"Polygon","coordinates":[[[50.3524084,53.5245288],[50.3523508,53.5245884],[50.3521939,53.5245348],[50.3522515,53.5244752],[50.3524084,53.5245288]]]},"properties":{"id":"6234fc5b-a901-4242-9609-c07e8a0047b8","source_type":"osm"}},{"type":"Feature","geometry":{"type":"Polygon","coordinates":[[[50.3517834,53.5262558],[50.3515928,53.5261953],[50.3516697,53.5261098],[50.3518602,53.5261703],[50.3517834,53.5262558]]]},"properties":{"id":"ee7804ac-2f8a-4e8f-bd43-6a0f1691e184","source_type":"osm"}},{"type":"Feature","geometry":{"type":"Polygon","coordinates":[[[50.3536012,53.5282492],[50.3535374,53.5282337],[50.3535711,53.5281846],[50.3536943,53.5282145],[50.3536546,53.5282724],[50.3535951,53.528258],[50.3536012,53.5282492]]]},"properties":{"id":"3555aadf-9853-40f0-85cb-5c8f300d3761","source_type":"osm"}},{"type":"Feature","geometry":{"type":"Polygon","coordinates":[[[50.3205085,53.5044116],[50.320513,53.5043424],[50.3205679,53.5043437],[50.3205634,53.5044129],[50.3205085,53.5044116]]]},"properties":{"id":"a363bdb8-40e1-44aa-8768-d46d7d45249c","source_type":"ml"}},{"type":"Feature","geometry":{"type":"Polygon","coordinates":[[[50.3205786,53.5246277],[50.3207225,53.5247106],[50.3206916,53.5247295],[50.3205477,53.5246466],[50.3205786,53.5246277]]]},"properties":{"id":"cd7e8934-6f32-4dbb-942e-53d825260d66","source_type":"ml"}},{"type":"Feature","geometry":{"type":"Polygon","coordinates":[[[50.350588,53.5297704],[50.3507006,53.5297394],[50.3507846,53.5298469],[50.350672,53.529878],[50.350588,53.5297704]]]},"properties":{"id":"82780345-806e-4b97-b51d-c39d3f1256cf","source_type":"ml"}},{"type":"Feature","geometry":{"type":"Polygon","coordinates":[[[50.3511432,53.5268091],[50.3511968,53.5267297],[50.3514172,53.5267823],[50.3513636,53.5268617],[50.3511432,53.5268091]]]},"properties":{"id":"1e20306c-2cb1-4f91-8737-7fd48d2ab2ad","source_type":"osm"}},{"type":"Feature","geometry":{"type":"Polygon","coordinates":[[[50.3494252,53.528064],[50.3493531,53.528042],[50.3493804,53.5280105],[50.3494525,53.5280325],[50.3494252,53.528064]]]},"properties":{"id":"0cda6bd5-1d9e-4b87-888f-135ea4bf4381","source_type":"ml"}},{"type":"Feature","geometry":{"type":"Polygon","coordinates":[[[50.3464062,53.5269118],[50.3464045,53.5268672],[50.3464527,53.5268665],[50.3464545,53.5269112],[50.3464062,53.5269118]]]},"properties":{"id":"b0269504-d598-4cca-b0c5-c68e2058b729","source_type":"ml"}},{"type":"Feature","geometry":{"type":"Polygon","coordinates":[[[50.3425493,53.5268974],[50.3426189,53.5268993],[50.3426137,53.5269653],[50.3425441,53.5269633],[50.3425493,53.5268974]]]},"properties":{"id":"72698dca-929c-4c09-bdd1-a27136afb1b6","source_type":"ml"}},{"type":"Feature","geometry":{"type":"Polygon","coordinates":[[[50.3388455,53.530022],[50.3389059,53.5299436],[50.339089,53.5299935],[50.3390286,53.5300719],[50.3388455,53.530022]]]},"properties":{"id":"44102c8c-1200-4b90-902f-f4547817b954","source_type":"osm"}},{"type":"Feature","geometry":{"type":"Polygon","coordinates":[[[50.3386415,53.5290914],[50.3385526,53.5290747],[50.3385648,53.5290515],[50.3386538,53.5290682],[50.3386415,53.5290914]]]},"properties":{"id":"fcd74771-410c-42b0-a7ee-aeeb888e5a80","source_type":"ml"}},{"type":"Feature","geometry":{"type":"Polygon","coordinates":[[[50.3395688,53.5305029],[50.3396591,53.5305197],[50.3396144,53.5306044],[50.3395241,53.5305876],[50.3395688,53.5305029]]]},"properties":{"id":"7c32b0fc-5ec1-4cfe-83d4-47b7b9b8ac77","source_type":"ml"}},{"type":"Feature","geometry":{"type":"Polygon","coordinates":[[[50.3399717,53.527961],[50.3398826,53.5279457],[50.3399458,53.5278153],[50.340035,53.5278305],[50.3399717,53.527961]]]},"properties":{"id":"87844483-2009-4e8e-996c-4abd3c7807f3","source_type":"ml"}},{"type":"Feature","geometry":{"type":"Polygon","coordinates":[[[50.3382935,53.5281518],[50.3383358,53.5280916],[50.3384203,53.5281126],[50.338378,53.5281728],[50.3382935,53.5281518]]]},"properties":{"id":"252cb060-b056-4f4e-9c0c-3a549bcbca99","source_type":"ml"}},{"type":"Feature","geometry":{"type":"Polygon","coordinates":[[[50.3378873,53.5283409],[50.337912,53.5283129],[50.3379709,53.5283313],[50.3379461,53.5283593],[50.3378873,53.5283409]]]},"properties":{"id":"3a93371c-8ba4-4543-9845-c97844177cf1","source_type":"ml"}},{"type":"Feature","geometry":{"type":"Polygon","coordinates":[[[50.3208934,53.5303749],[50.3208665,53.5303462],[50.321002,53.5303014],[50.3210927,53.5303983],[50.3210093,53.5304259],[50.3210305,53.5304486],[50.320914,53.5304871],[50.320829,53.5303962],[50.3208934,53.5303749]]]},"properties":{"id":"cbdc9522-bffd-4104-9960-e821d7e42694","source_type":"osm"}},{"type":"Feature","geometry":{"type":"Polygon","coordinates":[[[50.3273328,53.5039955],[50.3273329,53.5038201],[50.3273946,53.5038201],[50.3273945,53.5039956],[50.3273328,53.5039955]]]},"properties":{"id":"850a7f1b-bc79-402d-8c90-519504df9c60","source_type":"ml"}},{"type":"Feature","geometry":{"type":"Polygon","coordinates":[[[50.32481,53.5038707],[50.3247967,53.5038052],[50.3248991,53.5037979],[50.3249123,53.5038634],[50.32481,53.5038707]]]},"properties":{"id":"889254cb-71c9-4ded-a563-f1a348fab01e","source_type":"osm"}},{"type":"Feature","geometry":{"type":"Polygon","coordinates":[[[50.3259305,53.5041118],[50.3259323,53.5041398],[50.32586,53.5041415],[50.3258582,53.5041135],[50.3259305,53.5041118]]]},"properties":{"id":"fb7c04b2-ee33-4bdf-9e89-dd58b4ebb408","source_type":"ml"}},{"type":"Feature","geometry":{"type":"Polygon","coordinates":[[[50.3261562,53.504599],[50.3261291,53.5044957],[50.3263473,53.5044755],[50.3263744,53.5045788],[50.3261562,53.504599]]]},"properties":{"id":"6d9363f8-ff29-41c2-a0a9-ba84aacc98f9","source_type":"osm"}},{"type":"Feature","geometry":{"type":"Polygon","coordinates":[[[50.3247048,53.5062564],[50.3244005,53.5062168],[50.3245695,53.5057573],[50.3246994,53.5057742],[50.3247222,53.5057123],[50.3248966,53.505735],[50.3247048,53.5062564]]]},"properties":{"id":"169f3dd4-5aae-45bb-8ba8-7f714c2d748f","source_type":"osm"}},{"type":"Feature","geometry":{"type":"Polygon","coordinates":[[[50.3245811,53.5039424],[50.3245783,53.5038955],[50.3246533,53.5038939],[50.3246561,53.5039409],[50.3245811,53.5039424]]]},"properties":{"id":"f5f415bc-8826-42f2-9862-7605a14de1ac","source_type":"ml"}},{"type":"Feature","geometry":{"type":"Polygon","coordinates":[[[50.3232093,53.5031742],[50.3232549,53.5031732],[50.3232567,53.5032035],[50.3232112,53.5032045],[50.3232093,53.5031742]]]},"properties":{"id":"a421b1d9-4c88-4b7d-9157-6f2af03a0e8a","source_type":"ml"}},{"type":"Feature","geometry":{"type":"Polygon","coordinates":[[[50.321443,53.5033662],[50.3217082,53.5033457],[50.3217201,53.5034006],[50.3215038,53.5034173],[50.3215018,53.5034079],[50.3214529,53.5034117],[50.321443,53.5033662]]]},"properties":{"id":"4c19e584-db4b-49a8-a716-622d01599f60","source_type":"ml"}},{"type":"Feature","geometry":{"type":"Polygon","coordinates":[[[50.3226212,53.5040764],[50.3226004,53.5039799],[50.3226608,53.5039753],[50.322658,53.5039622],[50.3227858,53.5039525],[50.3228094,53.504062],[50.3226212,53.5040764]]]},"properties":{"id":"8a1dabdc-337d-4e64-8b0e-d1d67621a659","source_type":"osm"}},{"type":"Feature","geometry":{"type":"Polygon","coordinates":[[[50.3223411,53.5029754],[50.3223372,53.5029261],[50.3224871,53.5029219],[50.322491,53.5029712],[50.3223411,53.5029754]]]},"properties":{"id":"7a5b9797-92bc-46f1-80e5-2472c98d0508","source_type":"ml"}},{"type":"Feature","geometry":{"type":"Polygon","coordinates":[[[50.3224515,53.5024088],[50.3224613,53.5024446],[50.3224195,53.5024486],[50.3224097,53.5024129],[50.3224515,53.5024088]]]},"properties":{"id":"435b010a-4eb4-4fba-a523-d623a3532cd6","source_type":"ml"}},{"type":"Feature","geometry":{"type":"Polygon","coordinates":[[[50.3223011,53.5027076],[50.3222645,53.502592],[50.3224028,53.5025765],[50.3224395,53.502692],[50.3223011,53.5027076]]]},"properties":{"id":"40adb3e1-404f-43ef-8a76-6bd4fb0cf598","source_type":"ml"}},{"type":"Feature","geometry":{"type":"Polygon","coordinates":[[[50.3213901,53.5004822],[50.3213885,53.5004392],[50.3214314,53.5004386],[50.321433,53.5004817],[50.3213901,53.5004822]]]},"properties":{"id":"fadb5f09-5d6d-4cce-ab26-f7f9de7fa348","source_type":"ml"}},{"type":"Feature","geometry":{"type":"Polygon","coordinates":[[[50.333919,53.5034086],[50.3339152,53.5034627],[50.3338295,53.5034606],[50.3338333,53.5034065],[50.333919,53.5034086]]]},"properties":{"id":"033e0df3-c5d5-4dbb-8bc3-a7f5ed5aa56d","source_type":"ml"}},{"type":"Feature","geometry":{"type":"Polygon","coordinates":[[[50.3333988,53.5037074],[50.3334458,53.5037121],[50.3334375,53.5037416],[50.3333906,53.5037369],[50.3333988,53.5037074]]]},"properties":{"id":"896ce4a8-37aa-4443-bcef-d78d359526e0","source_type":"ml"}},{"type":"Feature","geometry":{"type":"Polygon","coordinates":[[[50.335027,53.5033991],[50.3350825,53.5033951],[50.3350931,53.503447],[50.3350375,53.503451],[50.335027,53.5033991]]]},"properties":{"id":"a432766d-7495-42b4-8087-59131128266c","source_type":"ml"}},{"type":"Feature","geometry":{"type":"Polygon","coordinates":[[[50.3347432,53.5005656],[50.3348531,53.5005636],[50.3348579,53.5006569],[50.334748,53.5006589],[50.3347432,53.5005656]]]},"properties":{"id":"dd97e36d-30dd-455f-b51a-427cc0793d43","source_type":"ml"}},{"type":"Feature","geometry":{"type":"Polygon","coordinates":[[[50.3411795,53.5001604],[50.3411819,53.500111],[50.341214,53.5001115],[50.3412116,53.5001609],[50.3411795,53.5001604]]]},"properties":{"id":"ec28427c-2925-493c-a19a-445b5206126a","source_type":"ml"}},{"type":"Feature","geometry":{"type":"Polygon","coordinates":[[[50.3415197,53.5032936],[50.3415194,53.5032045],[50.3417264,53.5032043],[50.3417267,53.5032934],[50.3415197,53.5032936]]]},"properties":{"id":"38753c64-ea85-4868-9337-1a96777dd70c","source_type":"osm"}},{"type":"Feature","geometry":{"type":"Polygon","coordinates":[[[50.3419769,53.5026519],[50.3418791,53.5026519],[50.3418792,53.5025248],[50.3420196,53.5025248],[50.3420196,53.5026035],[50.3419769,53.5026035],[50.3419769,53.5026519]]]},"properties":{"id":"db252ee3-4a83-4935-9514-6b6cbe746e7e","source_type":"osm"}},{"type":"Feature","geometry":{"type":"Polygon","coordinates":[[[50.3407025,53.503497],[50.3406996,53.5035358],[50.3406434,53.5035343],[50.3406463,53.5034955],[50.3407025,53.503497]]]},"properties":{"id":"30c71a9b-26dd-4b69-8b49-d6916411d3f7","source_type":"ml"}},{"type":"Feature","geometry":{"type":"Polygon","coordinates":[[[50.3404444,53.5022946],[50.3405474,53.5022954],[50.3405455,53.5023784],[50.3404424,53.5023775],[50.3404444,53.5022946]]]},"properties":{"id":"a77995f3-f121-43d9-a0b1-f4c4e4cbd8f4","source_type":"ml"}},{"type":"Feature","geometry":{"type":"Polygon","coordinates":[[[50.3384736,53.502397],[50.3384646,53.5025612],[50.3383788,53.5025595],[50.3383879,53.5023954],[50.3384736,53.502397]]]},"properties":{"id":"58c8edf5-3140-485f-969c-89ceec016b6f","source_type":"ml"}},{"type":"Feature","geometry":{"type":"Polygon","coordinates":[[[50.3389811,53.5007295],[50.3388271,53.5007291],[50.3388275,53.5006666],[50.3389815,53.500667],[50.3389811,53.5007295]]]},"properties":{"id":"801b73f7-bbdd-458b-bb8a-7b91b4f28535","source_type":"osm"}},{"type":"Feature","geometry":{"type":"Polygon","coordinates":[[[50.3388141,53.5020321],[50.3388317,53.5018462],[50.3390844,53.5018546],[50.3390669,53.5020406],[50.3388141,53.5020321]]]},"properties":{"id":"077f8e1d-53cc-4185-adde-e9171c492200","source_type":"osm"}},{"type":"Feature","geometry":{"type":"Polygon","coordinates":[[[50.3383378,53.5020918],[50.3383833,53.5020931],[50.3383803,53.5021297],[50.3383348,53.5021284],[50.3383378,53.5020918]]]},"properties":{"id":"66d75ea2-98cc-47a5-bf55-85b325327e2d","source_type":"ml"}},{"type":"Feature","geometry":{"type":"Polygon","coordinates":[[[50.3376758,53.5007158],[50.3376767,53.5007557],[50.3376161,53.5007562],[50.3376151,53.5007163],[50.3376758,53.5007158]]]},"properties":{"id":"424fd4e4-1f73-495d-b347-ad1eb7ffe65a","source_type":"ml"}},{"type":"Feature","geometry":{"type":"Polygon","coordinates":[[[50.336324,53.5007071],[50.3363228,53.5006401],[50.336597,53.5006385],[50.336598,53.500699],[50.336631,53.5006988],[50.3366324,53.5007819],[50.3365884,53.5007822],[50.3365887,53.5007983],[50.3363916,53.5007995],[50.33639,53.5007067],[50.336324,53.5007071]]]},"properties":{"id":"95d28250-f0bf-4fee-80ff-453617300acc","source_type":"osm"}},{"type":"Feature","geometry":{"type":"Polygon","coordinates":[[[50.3363291,53.5027063],[50.3363149,53.5025411],[50.3364458,53.5025371],[50.33646,53.5027023],[50.3363291,53.5027063]]]},"properties":{"id":"34cbccdb-3875-4f3b-8780-18315c28d04c","source_type":"osm"}},{"type":"Feature","geometry":{"type":"Polygon","coordinates":[[[50.3368048,53.5035478],[50.3368097,53.5034569],[50.3369276,53.5034592],[50.3369227,53.50355],[50.3368048,53.5035478]]]},"properties":{"id":"255232a1-4cb2-4564-976b-589f9d331d27","source_type":"ml"}},{"type":"Feature","geometry":{"type":"Polygon","coordinates":[[[50.3421595,53.5119795],[50.3421472,53.5118586],[50.3422103,53.5118563],[50.3422088,53.5118412],[50.3423298,53.5118369],[50.3423352,53.5118898],[50.3423533,53.5118891],[50.3423588,53.5119433],[50.3423337,53.5119442],[50.3423366,53.5119732],[50.3421595,53.5119795]]]},"properties":{"id":"856333b7-55ef-4453-b189-18ea945d80f1","source_type":"osm"}},{"type":"Feature","geometry":{"type":"Polygon","coordinates":[[[50.344404,53.5025013],[50.3444023,53.5025292],[50.3442936,53.5025269],[50.3442928,53.5025412],[50.3442392,53.5025401],[50.3442417,53.5024978],[50.344404,53.5025013]]]},"properties":{"id":"d84b4ea7-0bc9-4563-940d-39065aa4ce5f","source_type":"ml"}},{"type":"Feature","geometry":{"type":"Polygon","coordinates":[[[50.3446133,53.5026295],[50.3446166,53.5025601],[50.3446713,53.502561],[50.3446722,53.5025419],[50.3447151,53.5025426],[50.3447134,53.5025793],[50.3446866,53.5025789],[50.3446841,53.5026307],[50.3446133,53.5026295]]]},"properties":{"id":"3e31096c-7159-4c6a-ae27-081752037090","source_type":"ml"}},{"type":"Feature","geometry":{"type":"Polygon","coordinates":[[[50.3461512,53.5004264],[50.3461614,53.5003215],[50.3463493,53.500328],[50.3463392,53.5004328],[50.3461512,53.5004264]]]},"properties":{"id":"3a3711d6-6c47-445d-8d4c-b010e426b6a6","source_type":"osm"}},{"type":"Feature","geometry":{"type":"Polygon","coordinates":[[[50.3601399,53.4961957],[50.3602015,53.4962174],[50.3601314,53.4962879],[50.3600698,53.4962662],[50.3601399,53.4961957]]]},"properties":{"id":"57941ca9-70fc-4d42-ac01-061b63528f86","source_type":"ml"}},{"type":"Feature","geometry":{"type":"Polygon","coordinates":[[[50.3519988,53.5034009],[50.3519101,53.5034331],[50.3518196,53.5033447],[50.3519083,53.5033125],[50.3519988,53.5034009]]]},"properties":{"id":"73d896bd-9ed7-4989-92ca-8fd25f810c46","source_type":"osm"}},{"type":"Feature","geometry":{"type":"Polygon","coordinates":[[[50.3526922,53.5031384],[50.3526034,53.5031705],[50.3525129,53.5030822],[50.3526017,53.50305],[50.3526922,53.5031384]]]},"properties":{"id":"3c57bdd2-7591-4990-bd16-83d66a8f8085","source_type":"osm"}},{"type":"Feature","geometry":{"type":"Polygon","coordinates":[[[50.3539969,53.5049488],[50.3539474,53.5048536],[50.3540405,53.5048365],[50.35409,53.5049317],[50.3539969,53.5049488]]]},"properties":{"id":"6e41ca60-aacd-427c-81a0-c788204e390e","source_type":"osm"}},{"type":"Feature","geometry":{"type":"Polygon","coordinates":[[[50.3528751,53.5039382],[50.3528333,53.5039958],[50.3526942,53.5039602],[50.3527359,53.5039025],[50.3528751,53.5039382]]]},"properties":{"id":"9b84f3d6-8977-45eb-88c5-6f6ebd3998c6","source_type":"osm"}},{"type":"Feature","geometry":{"type":"Polygon","coordinates":[[[50.3561321,53.5083432],[50.3560295,53.5083907],[50.355934,53.5083176],[50.3560366,53.5082702],[50.3561321,53.5083432]]]},"properties":{"id":"09496d4d-845e-433b-a896-c7d431b79fa7","source_type":"osm"}},{"type":"Feature","geometry":{"type":"Polygon","coordinates":[[[50.3564551,53.5099532],[50.3563903,53.5098998],[50.3565061,53.5098501],[50.3565708,53.5099035],[50.3564551,53.5099532]]]},"properties":{"id":"01da8eb5-d060-4b17-9cec-8290426cf107","source_type":"osm"}},{"type":"Feature","geometry":{"type":"Polygon","coordinates":[[[50.3559131,53.5094388],[50.355804,53.5094857],[50.3557337,53.5094277],[50.3558428,53.5093809],[50.3559131,53.5094388]]]},"properties":{"id":"624245ec-ce3b-485b-9299-fd4ca9798be9","source_type":"osm"}},{"type":"Feature","geometry":{"type":"Polygon","coordinates":[[[50.3548359,53.5087702],[50.3547711,53.5087168],[50.3548868,53.5086671],[50.3549516,53.5087205],[50.3548359,53.5087702]]]},"properties":{"id":"9edc4631-504e-4c0c-a7a6-f07233cd0c9f","source_type":"osm"}},{"type":"Feature","geometry":{"type":"Polygon","coordinates":[[[50.3521362,53.5234321],[50.3521849,53.523375],[50.3523556,53.5234265],[50.3523069,53.5234836],[50.3521362,53.5234321]]]},"properties":{"id":"1349cad2-2580-4068-af76-88bd27f2add7","source_type":"ml"}},{"type":"Feature","geometry":{"type":"Polygon","coordinates":[[[50.3564239,53.5225232],[50.3565095,53.5225462],[50.3564828,53.5225813],[50.3563972,53.5225583],[50.3564239,53.5225232]]]},"properties":{"id":"b9d69f00-76dc-4229-ab12-b6ba3eb30fea","source_type":"ml"}},{"type":"Feature","geometry":{"type":"Polygon","coordinates":[[[50.356553,53.5223084],[50.3565933,53.5223247],[50.3565621,53.5223519],[50.3565218,53.5223356],[50.356553,53.5223084]]]},"properties":{"id":"1d553ad4-686c-4766-aacb-a3cb93b78b6f","source_type":"ml"}},{"type":"Feature","geometry":{"type":"Polygon","coordinates":[[[50.3572347,53.5183523],[50.3572421,53.5183704],[50.3571345,53.518386],[50.357127,53.518368],[50.3572347,53.5183523]]]},"properties":{"id":"7d921f96-a634-4a39-ab61-aec23838ef6e","source_type":"ml"}},{"type":"Feature","geometry":{"type":"Polygon","coordinates":[[[50.3599845,53.5179725],[50.3598236,53.5180211],[50.3597466,53.5179309],[50.3599075,53.5178823],[50.3599845,53.5179725]]]},"properties":{"id":"f64dcd32-0cb6-491d-b423-698c3513a8b4","source_type":"osm"}},{"type":"Feature","geometry":{"type":"Polygon","coordinates":[[[50.3584915,53.5181036],[50.358494,53.5180654],[50.3585503,53.5180667],[50.3585477,53.518105],[50.3584915,53.5181036]]]},"properties":{"id":"85f5bdf3-9fd5-43dc-8714-b299ae8e7b2c","source_type":"ml"}},{"type":"Feature","geometry":{"type":"Polygon","coordinates":[[[50.3583993,53.5214734],[50.3584028,53.5214385],[50.3584643,53.5214406],[50.3584608,53.5214756],[50.3583993,53.5214734]]]},"properties":{"id":"45ca4a3d-2c34-4431-b4e0-95dbf7201627","source_type":"ml"}},{"type":"Feature","geometry":{"type":"Polygon","coordinates":[[[50.3617397,53.5175977],[50.3616862,53.5175306],[50.3617857,53.5175026],[50.3618392,53.5175697],[50.3617397,53.5175977]]]},"properties":{"id":"c0d6b03b-dacc-4e84-b841-46800e652e74","source_type":"osm"}},{"type":"Feature","geometry":{"type":"Polygon","coordinates":[[[50.3608385,53.5171509],[50.3607794,53.5171183],[50.3608543,53.5170703],[50.3609134,53.5171029],[50.3608385,53.5171509]]]},"properties":{"id":"02092c91-244d-4d1b-a791-b8810dc9cd9e","source_type":"ml"}},{"type":"Feature","geometry":{"type":"Polygon","coordinates":[[[50.3612543,53.5163436],[50.3611586,53.5163138],[50.3612043,53.5162621],[50.3612999,53.5162919],[50.3612543,53.5163436]]]},"properties":{"id":"2d9f7403-cdf2-4e46-8a52-cd9b3cca21ec","source_type":"ml"}},{"type":"Feature","geometry":{"type":"Polygon","coordinates":[[[50.3624426,53.5137944],[50.3625396,53.5137781],[50.3625725,53.5138476],[50.3624755,53.5138638],[50.3624426,53.5137944]]]},"properties":{"id":"5ad2d103-8033-4657-818a-6d53d2d56cad","source_type":"ml"}},{"type":"Feature","geometry":{"type":"Polygon","coordinates":[[[50.3606068,53.5117307],[50.360482,53.5116923],[50.3605842,53.5115749],[50.360709,53.5116134],[50.3606068,53.5117307]]]},"properties":{"id":"dd60e2fe-e026-4385-a292-87bba74d5786","source_type":"osm"}},{"type":"Feature","geometry":{"type":"Polygon","coordinates":[[[50.3576858,53.5096488],[50.3575779,53.509567],[50.3576538,53.5095316],[50.3577617,53.5096134],[50.3576858,53.5096488]]]},"properties":{"id":"0fadd9e7-44b1-49d0-9799-0fa319d68796","source_type":"osm"}},{"type":"Feature","geometry":{"type":"Polygon","coordinates":[[[50.3678761,53.5147781],[50.3677397,53.5147728],[50.3677486,53.5146899],[50.3678851,53.5146951],[50.3678761,53.5147781]]]},"properties":{"id":"6e59c648-8a6a-40fd-b508-ebdc32305f2b","source_type":"osm"}},{"type":"Feature","geometry":{"type":"Polygon","coordinates":[[[50.363582,53.5141257],[50.3635176,53.5140858],[50.3635377,53.5140744],[50.3636021,53.5141143],[50.363582,53.5141257]]]},"properties":{"id":"21db74f0-089d-4be3-8e12-e5a2f45261a7","source_type":"ml"}},{"type":"Feature","geometry":{"type":"Polygon","coordinates":[[[50.3627112,53.5168386],[50.3628784,53.5168435],[50.3628755,53.5168785],[50.3628193,53.5168768],[50.3628181,53.5168912],[50.3627072,53.516888],[50.3627112,53.5168386]]]},"properties":{"id":"21981f57-0f92-4b16-aeaf-fbc3b41ed67f","source_type":"ml"}},{"type":"Feature","geometry":{"type":"Polygon","coordinates":[[[50.3640426,53.5163686],[50.3639301,53.5163288],[50.3640201,53.5162387],[50.3641327,53.5162784],[50.3640426,53.5163686]]]},"properties":{"id":"6aa8536a-0ded-496d-9f48-8c8c3225c182","source_type":"osm"}},{"type":"Feature","geometry":{"type":"Polygon","coordinates":[[[50.3655001,53.5166663],[50.3654952,53.516642],[50.3655904,53.5166353],[50.3655953,53.5166596],[50.3655001,53.5166663]]]},"properties":{"id":"2a9df8c5-b2fd-4af6-a9a1-75a53dce4196","source_type":"ml"}},{"type":"Feature","geometry":{"type":"Polygon","coordinates":[[[50.3645667,53.5165711],[50.3644691,53.5165444],[50.3645568,53.5164311],[50.3646544,53.5164578],[50.3645667,53.5165711]]]},"properties":{"id":"f989306e-fb1e-4f80-ab73-183d2b1a2a76","source_type":"osm"}},{"type":"Feature","geometry":{"type":"Polygon","coordinates":[[[50.3665809,53.5153508],[50.3666307,53.5153517],[50.3666289,53.5153859],[50.3665791,53.515385],[50.3665809,53.5153508]]]},"properties":{"id":"6ae2f6a9-c867-4365-ac11-d530103fcb3f","source_type":"ml"}},{"type":"Feature","geometry":{"type":"Polygon","coordinates":[[[50.3694711,53.511619],[50.3694456,53.5115773],[50.3695322,53.5115586],[50.3695577,53.5116002],[50.3694711,53.511619]]]},"properties":{"id":"bc719e8c-deac-4da4-a227-5d3181890b94","source_type":"ml"}},{"type":"Feature","geometry":{"type":"Polygon","coordinates":[[[50.36847,53.5121537],[50.3683778,53.5120589],[50.3685046,53.5120153],[50.3685968,53.5121102],[50.36847,53.5121537]]]},"properties":{"id":"02ba72bc-ae0d-423c-a3e2-e9a79e08c05c","source_type":"osm"}},{"type":"Feature","geometry":{"type":"Polygon","coordinates":[[[50.3804655,53.5068098],[50.3804496,53.5067828],[50.3805118,53.5067699],[50.3805277,53.5067969],[50.3804655,53.5068098]]]},"properties":{"id":"e4fb14f1-3dbb-4156-b12b-b12266523b23","source_type":"ml"}},{"type":"Feature","geometry":{"type":"Polygon","coordinates":[[[50.3796867,53.5081571],[50.3796508,53.5081124],[50.3797534,53.5080832],[50.3797894,53.5081279],[50.3796867,53.5081571]]]},"properties":{"id":"75228b91-cf6a-4ffb-98d0-b36ad065d6aa","source_type":"ml"}},{"type":"Feature","geometry":{"type":"Polygon","coordinates":[[[50.3807425,53.5098857],[50.3806809,53.509789],[50.380809,53.5097601],[50.3808706,53.5098569],[50.3807425,53.5098857]]]},"properties":{"id":"99c702fe-bacd-4eb9-9e93-a89d7177360b","source_type":"osm"}},{"type":"Feature","geometry":{"type":"Polygon","coordinates":[[[50.380698,53.5097761],[50.3804639,53.5098163],[50.3804425,53.5097722],[50.3806765,53.5097319],[50.380698,53.5097761]]]},"properties":{"id":"8478ed3b-f555-4e97-b6fa-fa414f34b08c","source_type":"ml"}},{"type":"Feature","geometry":{"type":"Polygon","coordinates":[[[50.3770834,53.5286628],[50.3770789,53.5285555],[50.3772505,53.528553],[50.377255,53.5286602],[50.3770834,53.5286628]]]},"properties":{"id":"2593c6d7-1938-40bd-a47c-ac38015bc7b9","source_type":"osm"}},{"type":"Feature","geometry":{"type":"Polygon","coordinates":[[[50.3775587,53.5294096],[50.3775587,53.5293262],[50.3777883,53.5293262],[50.3777883,53.5294096],[50.3775587,53.5294096]]]},"properties":{"id":"cb51b268-703d-4f81-a3c3-635ef7f680eb","source_type":"osm"}},{"type":"Feature","geometry":{"type":"Polygon","coordinates":[[[50.3781335,53.5302261],[50.3781884,53.5302248],[50.3781906,53.5302566],[50.3781358,53.530258],[50.3781335,53.5302261]]]},"properties":{"id":"0957d56c-0659-40f5-9205-eef1e997e8ff","source_type":"ml"}},{"type":"Feature","geometry":{"type":"Polygon","coordinates":[[[50.3780759,53.5310054],[50.3781584,53.5310012],[50.3781629,53.531032],[50.3780804,53.5310363],[50.3780759,53.5310054]]]},"properties":{"id":"d5a88ce8-5a23-40c9-a009-0dc9bf61805c","source_type":"ml"}},{"type":"Feature","geometry":{"type":"Polygon","coordinates":[[[50.3807525,53.5313068],[50.3806599,53.5313064],[50.3806603,53.5312618],[50.380753,53.5312621],[50.3807525,53.5313068]]]},"properties":{"id":"ef2c23b9-ab20-4045-b45c-70777d9eb8b2","source_type":"ml"}},{"type":"Feature","geometry":{"type":"Polygon","coordinates":[[[50.3590072,53.524028],[50.3590742,53.5240556],[50.3590026,53.524117],[50.3589356,53.5240894],[50.3590072,53.524028]]]},"properties":{"id":"fdd70c4d-aad3-4474-a2fc-81f3836c6dac","source_type":"ml"}},{"type":"Feature","geometry":{"type":"Polygon","coordinates":[[[50.3578838,53.525846],[50.3577537,53.5258171],[50.3578175,53.5257158],[50.3579475,53.5257448],[50.3578838,53.525846]]]},"properties":{"id":"c185049c-5561-42d7-81fe-705ce88abb89","source_type":"osm"}},{"type":"Feature","geometry":{"type":"Polygon","coordinates":[[[50.3561273,53.5274594],[50.3561151,53.5274921],[50.356041,53.5274823],[50.3560531,53.5274496],[50.3561273,53.5274594]]]},"properties":{"id":"1e8eac4a-5252-4072-8881-885a7bb36cb3","source_type":"ml"}},{"type":"Feature","geometry":{"type":"Polygon","coordinates":[[[50.3559396,53.5269618],[50.3559525,53.5269319],[50.356023,53.5269427],[50.35601,53.5269726],[50.3559396,53.5269618]]]},"properties":{"id":"8e55ba78-6c2d-462c-a54a-67e2bc2c98c2","source_type":"ml"}},{"type":"Feature","geometry":{"type":"Polygon","coordinates":[[[50.3558002,53.5265118],[50.3558128,53.5264887],[50.3558895,53.5265035],[50.3558768,53.5265266],[50.3558002,53.5265118]]]},"properties":{"id":"3a12c728-047c-46a5-b799-cd4a2bcf27ff","source_type":"ml"}},{"type":"Feature","geometry":{"type":"Polygon","coordinates":[[[50.3560514,53.5242045],[50.3558462,53.5241432],[50.3559274,53.5240471],[50.3559567,53.5240559],[50.3559685,53.5240419],[50.3560853,53.5240768],[50.3560726,53.5240918],[50.3561317,53.5241095],[50.3560514,53.5242045]]]},"properties":{"id":"f3bec922-6074-4096-8ac9-0120c7c94d39","source_type":"osm"}},{"type":"Feature","geometry":{"type":"Polygon","coordinates":[[[50.3559536,53.5259873],[50.355878,53.5259687],[50.3559036,53.5259319],[50.3559792,53.5259505],[50.3559536,53.5259873]]]},"properties":{"id":"d544e6e3-5c8e-4fbc-9863-3a0053f57709","source_type":"ml"}},{"type":"Feature","geometry":{"type":"Polygon","coordinates":[[[50.355709,53.5244815],[50.3555605,53.5244443],[50.3556353,53.5243388],[50.3558155,53.524384],[50.3557889,53.5244215],[50.3558638,53.5244403],[50.3557708,53.5245713],[50.3556642,53.5245445],[50.355709,53.5244815]]]},"properties":{"id":"25b4150e-b748-4f4c-aaad-46f9a0ddf609","source_type":"osm"}},{"type":"Feature","geometry":{"type":"Polygon","coordinates":[[[50.355192,53.5241797],[50.3551215,53.5242759],[50.3548712,53.524211],[50.3549418,53.5241148],[50.355192,53.5241797]]]},"properties":{"id":"a9f72f23-ae6c-48bd-bbfc-aa8fe1096e85","source_type":"osm"}},{"type":"Feature","geometry":{"type":"Polygon","coordinates":[[[50.3556007,53.5268486],[50.3556303,53.5268219],[50.355692,53.5268461],[50.3556625,53.5268728],[50.3556007,53.5268486]]]},"properties":{"id":"18c549a4-3287-43ce-906e-b512fbbbe520","source_type":"ml"}},{"type":"Feature","geometry":{"type":"Polygon","coordinates":[[[50.3551908,53.5281289],[50.3552604,53.5281373],[50.3552448,53.5281832],[50.3551752,53.5281749],[50.3551908,53.5281289]]]},"properties":{"id":"78fcbd96-d003-4968-b28e-0bb72f97b4ef","source_type":"ml"}},{"type":"Feature","geometry":{"type":"Polygon","coordinates":[[[50.3540825,53.5278984],[50.3539336,53.5278591],[50.3539861,53.5277888],[50.354135,53.527828],[50.3540825,53.5278984]]]},"properties":{"id":"e8715a82-ff75-4666-8106-14b3fb591448","source_type":"osm"}},{"type":"Feature","geometry":{"type":"Polygon","coordinates":[[[50.3535088,53.5277858],[50.3535407,53.5277413],[50.3535915,53.5277541],[50.3535595,53.5277986],[50.3535088,53.5277858]]]},"properties":{"id":"e2f9fcf6-ee5a-4188-ac18-73c7e3064622","source_type":"ml"}},{"type":"Feature","geometry":{"type":"Polygon","coordinates":[[[50.3539429,53.5263819],[50.3539721,53.5263444],[50.354098,53.5263791],[50.3540688,53.5264166],[50.3539429,53.5263819]]]},"properties":{"id":"edc0f4f2-2239-4a09-b3f1-1ea903555e1f","source_type":"ml"}},{"type":"Feature","geometry":{"type":"Polygon","coordinates":[[[50.3527262,53.5260391],[50.3528105,53.5260534],[50.3527956,53.5260844],[50.3527113,53.52607],[50.3527262,53.5260391]]]},"properties":{"id":"8423f4d9-c7c7-44c3-b27a-686dc93210e2","source_type":"ml"}},{"type":"Feature","geometry":{"type":"Polygon","coordinates":[[[50.3202046,53.5272596],[50.3200597,53.5272958],[50.3200086,53.5272236],[50.3201535,53.5271874],[50.3202046,53.5272596]]]},"properties":{"id":"a825581a-10fd-423a-9264-2667fa341b96","source_type":"osm"}},{"type":"Feature","geometry":{"type":"Polygon","coordinates":[[[50.3207561,53.5270483],[50.3205961,53.5270885],[50.3205407,53.5270108],[50.3207007,53.5269705],[50.3207561,53.5270483]]]},"properties":{"id":"ad5632cf-85cf-4575-92f6-ba72a2a3a9bd","source_type":"osm"}},{"type":"Feature","geometry":{"type":"Polygon","coordinates":[[[50.3509761,53.527936],[50.3509942,53.5278751],[50.3510478,53.5278807],[50.3510297,53.5279416],[50.3509761,53.527936]]]},"properties":{"id":"8d2c9a24-5c17-4528-a642-2bae350e06aa","source_type":"ml"}},{"type":"Feature","geometry":{"type":"Polygon","coordinates":[[[50.3514409,53.5251233],[50.3513333,53.5250857],[50.3513591,53.5250597],[50.351383,53.525068],[50.3514147,53.525036],[50.3514983,53.5250653],[50.3514409,53.5251233]]]},"properties":{"id":"22953f12-4e01-44f6-9ea8-f728d27be22f","source_type":"ml"}},{"type":"Feature","geometry":{"type":"Polygon","coordinates":[[[50.3502508,53.5252251],[50.3503117,53.5252456],[50.3502788,53.5252802],[50.3502179,53.5252597],[50.3502508,53.5252251]]]},"properties":{"id":"daff537c-38ce-49df-839c-293f9d5914ba","source_type":"ml"}},{"type":"Feature","geometry":{"type":"Polygon","coordinates":[[[50.3497099,53.5281397],[50.349732,53.5281054],[50.3499087,53.5281458],[50.3498866,53.52818],[50.3497099,53.5281397]]]},"properties":{"id":"bc0673c7-d736-4335-89bd-56c89c919510","source_type":"ml"}},{"type":"Feature","geometry":{"type":"Polygon","coordinates":[[[50.3490816,53.5277112],[50.3490324,53.5276988],[50.3490575,53.5276636],[50.3491066,53.527676],[50.3490816,53.5277112]]]},"properties":{"id":"01c2046f-dc9d-42e8-9e68-108fb1803f52","source_type":"ml"}},{"type":"Feature","geometry":{"type":"Polygon","coordinates":[[[50.3479409,53.5292712],[50.3479794,53.5292179],[50.3480519,53.5292364],[50.3480134,53.5292897],[50.3479409,53.5292712]]]},"properties":{"id":"e0a852fa-7dcf-4488-9dbc-140a3f5e6e9f","source_type":"ml"}},{"type":"Feature","geometry":{"type":"Polygon","coordinates":[[[50.3476087,53.5269987],[50.3475397,53.5269818],[50.3475599,53.5269527],[50.3475267,53.5269446],[50.3475836,53.5268627],[50.3476709,53.5268842],[50.3476889,53.5268584],[50.347771,53.5268786],[50.3477499,53.5269089],[50.3477941,53.5269197],[50.3477434,53.5269927],[50.3476319,53.5269653],[50.3476087,53.5269987]]]},"properties":{"id":"06601722-14f4-4ecb-bb0c-6de319b86c2d","source_type":"osm"}},{"type":"Feature","geometry":{"type":"Polygon","coordinates":[[[50.3455234,53.5273682],[50.3455869,53.5273726],[50.3455793,53.5274111],[50.3455158,53.5274067],[50.3455234,53.5273682]]]},"properties":{"id":"85411832-59a4-46cb-81b2-41e7b90db1fb","source_type":"ml"}},{"type":"Feature","geometry":{"type":"Polygon","coordinates":[[[50.344908,53.5268682],[50.3447597,53.526851],[50.3447838,53.5267773],[50.3449321,53.5267944],[50.344908,53.5268682]]]},"properties":{"id":"3f991ecd-a895-442b-a16b-1a2f54557c02","source_type":"ml"}},{"type":"Feature","geometry":{"type":"Polygon","coordinates":[[[50.3416308,53.5267861],[50.3414644,53.5267582],[50.3415121,53.5266576],[50.3416401,53.5266791],[50.3416475,53.5266635],[50.341726,53.5266767],[50.3416866,53.5267597],[50.3416465,53.526753],[50.3416308,53.5267861]]]},"properties":{"id":"5308cffb-6147-4367-9042-507eb5b2bfe6","source_type":"osm"}},{"type":"Feature","geometry":{"type":"Polygon","coordinates":[[[50.3405696,53.5309966],[50.3406299,53.5310126],[50.3406143,53.5310334],[50.340554,53.5310173],[50.3405696,53.5309966]]]},"properties":{"id":"fd317b59-9c59-4a11-9d60-540e83307572","source_type":"ml"}},{"type":"Feature","geometry":{"type":"Polygon","coordinates":[[[50.3399293,53.5308249],[50.3398863,53.530816],[50.3399115,53.5307734],[50.3399545,53.5307823],[50.3399293,53.5308249]]]},"properties":{"id":"1fb4f376-ad70-425f-b212-17224c4c19ad","source_type":"ml"}},{"type":"Feature","geometry":{"type":"Polygon","coordinates":[[[50.3236554,53.5314472],[50.323497,53.5314988],[50.3234086,53.5314029],[50.3235669,53.5313513],[50.3236554,53.5314472]]]},"properties":{"id":"f7703564-39b6-486c-9e45-636751cbf81d","source_type":"osm"}},{"type":"Feature","geometry":{"type":"Polygon","coordinates":[[[50.3247443,53.5263488],[50.3247845,53.5263143],[50.3248886,53.5263571],[50.3248484,53.5263916],[50.3247443,53.5263488]]]},"properties":{"id":"409addc0-2e3c-43ff-9c53-a1c0496e4ef7","source_type":"ml"}},{"type":"Feature","geometry":{"type":"Polygon","coordinates":[[[50.3280045,53.5061436],[50.3280226,53.505901],[50.3282073,53.5059059],[50.3281932,53.5060959],[50.3281102,53.5060937],[50.328108,53.5061224],[50.3281803,53.5061243],[50.3281788,53.506145],[50.3282484,53.5061468],[50.3282436,53.5062105],[50.3281687,53.5062085],[50.3281501,53.5064569],[50.3280939,53.5064554],[50.3280917,53.5064857],[50.3280247,53.5064839],[50.3280272,53.5064505],[50.3279737,53.5064491],[50.327992,53.5062039],[50.3279545,53.5062029],[50.327959,53.5061424],[50.3280045,53.5061436]]]},"properties":{"id":"dec9ea98-6a9a-4ab2-9345-7b5b4b572d32","source_type":"ml"}},{"type":"Feature","geometry":{"type":"Polygon","coordinates":[[[50.3269874,53.5039168],[50.3269632,53.5038211],[50.3271228,53.5038068],[50.3271471,53.5039025],[50.3269874,53.5039168]]]},"properties":{"id":"9ffa5de4-729e-4111-8dc2-df54b4b51225","source_type":"osm"}},{"type":"Feature","geometry":{"type":"Polygon","coordinates":[[[50.3276855,53.5039774],[50.327683,53.5040099],[50.3275839,53.5040071],[50.3275865,53.5039746],[50.3276855,53.5039774]]]},"properties":{"id":"7e0f56ee-d215-45d4-8c94-9022b1f35b4f","source_type":"ml"}},{"type":"Feature","geometry":{"type":"Polygon","coordinates":[[[50.3252556,53.5058088],[50.3248893,53.5057618],[50.3249889,53.5054872],[50.3251399,53.5055066],[50.3251062,53.5055995],[50.3253215,53.5056271],[50.3252556,53.5058088]]]},"properties":{"id":"78fce821-020f-4461-ad97-eb3f988b32bd","source_type":"osm"}},{"type":"Feature","geometry":{"type":"Polygon","coordinates":[[[50.3251751,53.5059402],[50.3251081,53.505941],[50.3251071,53.505913],[50.3251741,53.5059122],[50.3251751,53.5059402]]]},"properties":{"id":"d7889684-9716-4fb6-b808-5749456f86f0","source_type":"ml"}},{"type":"Feature","geometry":{"type":"Polygon","coordinates":[[[50.3241877,53.5042454],[50.3242586,53.5042433],[50.3242631,53.5042958],[50.3241922,53.5042979],[50.3241877,53.5042454]]]},"properties":{"id":"2f0c65e2-2241-4775-bdfd-55c8ccdc3d32","source_type":"ml"}},{"type":"Feature","geometry":{"type":"Polygon","coordinates":[[[50.3242196,53.5028865],[50.3241661,53.5028208],[50.3243722,53.5027615],[50.3244315,53.5028344],[50.3244015,53.5028431],[50.3244264,53.5028737],[50.3243947,53.5028829],[50.3244094,53.502901],[50.3243194,53.5029269],[50.3243019,53.5029054],[50.3242663,53.5029156],[50.3242382,53.5028811],[50.3242196,53.5028865]]]},"properties":{"id":"2c4c362f-1c76-4d47-8825-da354ed979fd","source_type":"osm"}},{"type":"Feature","geometry":{"type":"Polygon","coordinates":[[[50.3214188,53.5047462],[50.32149,53.5047543],[50.321473,53.5048074],[50.3214018,53.5047993],[50.3214188,53.5047462]]]},"properties":{"id":"75a9e372-80d7-4ce3-8869-ebc09f87573e","source_type":"ml"}},{"type":"Feature","geometry":{"type":"Polygon","coordinates":[[[50.3300745,53.5041301],[50.3300492,53.5040271],[50.3302404,53.5040105],[50.3302656,53.5041136],[50.3300745,53.5041301]]]},"properties":{"id":"d0fa97a5-3281-4192-9632-07b9694c8f6b","source_type":"osm"}},{"type":"Feature","geometry":{"type":"Polygon","coordinates":[[[50.3313113,53.5043798],[50.3312175,53.5043814],[50.3312114,53.5042538],[50.3313052,53.5042522],[50.3313113,53.5043798]]]},"properties":{"id":"31421100-d259-4440-bb81-ff5a11b90f99","source_type":"ml"}},{"type":"Feature","geometry":{"type":"Polygon","coordinates":[[[50.3312397,53.5042309],[50.331138,53.5042335],[50.3311325,53.5041594],[50.3312342,53.5041567],[50.3312397,53.5042309]]]},"properties":{"id":"a63490b8-1e85-40ab-b810-a1a550497161","source_type":"ml"}},{"type":"Feature","geometry":{"type":"Polygon","coordinates":[[[50.3318712,53.5040553],[50.3318604,53.5039349],[50.3320217,53.5039298],[50.3320324,53.5040502],[50.3318712,53.5040553]]]},"properties":{"id":"56c21aaf-2605-464f-ac5d-cca0ccb03f37","source_type":"osm"}},{"type":"Feature","geometry":{"type":"Polygon","coordinates":[[[50.3321095,53.502744],[50.3321069,53.5026835],[50.3321498,53.5026828],[50.3321524,53.5027434],[50.3321095,53.502744]]]},"properties":{"id":"9fe5e8fa-4e1b-4638-b54b-1769a468f86f","source_type":"ml"}},{"type":"Feature","geometry":{"type":"Polygon","coordinates":[[[50.333672,53.5020365],[50.3337694,53.5020387],[50.3337665,53.5020841],[50.3336691,53.5020819],[50.333672,53.5020365]]]},"properties":{"id":"7dc2797a-d3ac-4e84-b7a0-3656945a3ae4","source_type":"ml"}},{"type":"Feature","geometry":{"type":"Polygon","coordinates":[[[50.3327111,53.5034103],[50.3327044,53.5033479],[50.3327429,53.5033464],[50.33274,53.5033192],[50.3328115,53.5033165],[50.332821,53.5034062],[50.3327111,53.5034103]]]},"properties":{"id":"5224a4be-6050-430c-a34a-b85ed334057f","source_type":"osm"}},{"type":"Feature","geometry":{"type":"Polygon","coordinates":[[[50.3336546,53.5061636],[50.3335169,53.5061622],[50.3335191,53.5060872],[50.3336569,53.5060887],[50.3336546,53.5061636]]]},"properties":{"id":"1a908de8-cf03-4294-8e72-170435b51a9e","source_type":"osm"}},{"type":"Feature","geometry":{"type":"Polygon","coordinates":[[[50.3410738,53.5000453],[50.3410755,53.5000995],[50.3410486,53.5000998],[50.341047,53.5000455],[50.3410738,53.5000453]]]},"properties":{"id":"94521f0d-16c7-4256-9e7a-14dfd8f3591c","source_type":"ml"}},{"type":"Feature","geometry":{"type":"Polygon","coordinates":[[[50.3411713,53.5003068],[50.3410908,53.5003062],[50.3410912,53.5002886],[50.3411717,53.5002892],[50.3411713,53.5003068]]]},"properties":{"id":"a380d207-83e2-4664-9f43-bea611a87ea5","source_type":"ml"}},{"type":"Feature","geometry":{"type":"Polygon","coordinates":[[[50.3418738,53.5006743],[50.3420186,53.5006759],[50.342017,53.5007269],[50.3419661,53.5007264],[50.3419659,53.5007305],[50.3418721,53.5007294],[50.3418738,53.5006743]]]},"properties":{"id":"c08a6734-bb46-418a-8afb-64d467759156","source_type":"ml"}},{"type":"Feature","geometry":{"type":"Polygon","coordinates":[[[50.3416228,53.5025221],[50.3414386,53.5025132],[50.3414572,53.5023775],[50.3416414,53.5023864],[50.3416228,53.5025221]]]},"properties":{"id":"a441e843-99c2-4155-aa4e-220541e1cb06","source_type":"osm"}},{"type":"Feature","geometry":{"type":"Polygon","coordinates":[[[50.3392324,53.5058312],[50.3392211,53.505725],[50.3393485,53.5057201],[50.3393599,53.5058264],[50.3392324,53.5058312]]]},"properties":{"id":"0fb4cc71-0ee2-4d12-ae72-5ca0c5560e96","source_type":"osm"}},{"type":"Feature","geometry":{"type":"Polygon","coordinates":[[[50.3386854,53.5023694],[50.338589,53.5023676],[50.3385924,53.5023023],[50.3386889,53.5023041],[50.3386854,53.5023694]]]},"properties":{"id":"c3e72c0d-d6c7-44e1-8cfc-decac908d139","source_type":"ml"}},{"type":"Feature","geometry":{"type":"Polygon","coordinates":[[[50.3396829,53.5032116],[50.3397729,53.5032118],[50.3397724,53.5032884],[50.3396824,53.5032882],[50.3396829,53.5032116]]]},"properties":{"id":"e5b31ff0-0acf-4237-bd9f-5e55f4b972c4","source_type":"ml"}},{"type":"Feature","geometry":{"type":"Polygon","coordinates":[[[50.3377549,53.5013199],[50.337439,53.5013119],[50.3374461,53.5012131],[50.3376335,53.5012179],[50.3376322,53.501237],[50.3377607,53.5012403],[50.3377549,53.5013199]]]},"properties":{"id":"2d7981df-d1ca-45a5-bd3d-e94956ceefcb","source_type":"ml"}},{"type":"Feature","geometry":{"type":"Polygon","coordinates":[[[50.3368284,53.5022285],[50.3368324,53.502328],[50.3367037,53.5023299],[50.3367023,53.5022941],[50.3367103,53.502294],[50.3367089,53.5022589],[50.336784,53.5022579],[50.3367828,53.5022292],[50.3368284,53.5022285]]]},"properties":{"id":"58666a00-c70f-4e41-8c01-829f925576c1","source_type":"ml"}},{"type":"Feature","geometry":{"type":"Polygon","coordinates":[[[50.337351,53.5022223],[50.337508,53.5022248],[50.3375021,53.5023587],[50.3375718,53.5023598],[50.3375673,53.5024593],[50.3373406,53.5024558],[50.337351,53.5022223]]]},"properties":{"id":"d713a6ac-3666-45bb-91ae-159fe2fda990","source_type":"ml"}},{"type":"Feature","geometry":{"type":"Polygon","coordinates":[[[50.3439286,53.5032977],[50.3439292,53.5031871],[50.344108,53.5031874],[50.3441075,53.503298],[50.3439286,53.5032977]]]},"properties":{"id":"c722eae5-cfb4-481b-8c16-1999fff66811","source_type":"osm"}},{"type":"Feature","geometry":{"type":"Polygon","coordinates":[[[50.3443931,53.5026377],[50.3443976,53.5025513],[50.3445184,53.5025534],[50.344514,53.5026399],[50.3443931,53.5026377]]]},"properties":{"id":"64996d34-2d56-46f9-82f4-0238f91c43d7","source_type":"osm"}},{"type":"Feature","geometry":{"type":"Polygon","coordinates":[[[50.3464324,53.5008722],[50.3462741,53.5008695],[50.3462802,53.5007375],[50.3464386,53.5007401],[50.3464324,53.5008722]]]},"properties":{"id":"dc32c936-ee5b-45a5-9ba5-113abc43b061","source_type":"osm"}},{"type":"Feature","geometry":{"type":"Polygon","coordinates":[[[50.3550276,53.5047908],[50.3549682,53.5048442],[50.3548378,53.5047928],[50.3548972,53.5047395],[50.3550276,53.5047908]]]},"properties":{"id":"8a8255a1-d98a-4ca3-b8c0-bafdadb3c93b","source_type":"osm"}},{"type":"Feature","geometry":{"type":"Polygon","coordinates":[[[50.3526998,53.5035008],[50.3525941,53.5034019],[50.3527072,53.5033591],[50.352813,53.5034579],[50.3526998,53.5035008]]]},"properties":{"id":"39223cee-fd00-4c70-a2b6-7b1bd7a88fb1","source_type":"osm"}},{"type":"Feature","geometry":{"type":"Polygon","coordinates":[[[50.3533091,53.5043605],[50.353147,53.5043867],[50.3531155,53.5043179],[50.3532776,53.5042917],[50.3533091,53.5043605]]]},"properties":{"id":"1156a95b-7986-4428-9eea-acfb7f2bbf98","source_type":"osm"}},{"type":"Feature","geometry":{"type":"Polygon","coordinates":[[[50.3545036,53.5046938],[50.3544103,53.5047325],[50.3543169,53.5046529],[50.3544102,53.5046142],[50.3545036,53.5046938]]]},"properties":{"id":"6a04a947-64ef-43fa-8bb1-4cab118dcc96","source_type":"osm"}},{"type":"Feature","geometry":{"type":"Polygon","coordinates":[[[50.3544502,53.5058626],[50.3542697,53.5058687],[50.3542647,53.5058167],[50.3544452,53.5058105],[50.3544502,53.5058626]]]},"properties":{"id":"4ec73e46-670c-44bc-b898-0e9806406fac","source_type":"osm"}},{"type":"Feature","geometry":{"type":"Polygon","coordinates":[[[50.3538023,53.5077404],[50.3536791,53.5077735],[50.3535867,53.5076518],[50.3537099,53.5076187],[50.3538023,53.5077404]]]},"properties":{"id":"ae6a0a4e-0984-4b91-a5d0-fd9c128f5dcc","source_type":"osm"}},{"type":"Feature","geometry":{"type":"Polygon","coordinates":[[[50.3570524,53.5104952],[50.3569161,53.5104175],[50.3569935,53.5103695],[50.3571298,53.5104472],[50.3570524,53.5104952]]]},"properties":{"id":"625bd618-55fc-479f-9af4-7b7474101b4a","source_type":"osm"}},{"type":"Feature","geometry":{"type":"Polygon","coordinates":[[[50.3524133,53.5238006],[50.3522513,53.5237459],[50.352406,53.5235839],[50.352568,53.5236386],[50.3524133,53.5238006]]]},"properties":{"id":"5fc18e1a-2601-4e4f-9c32-a197df2bf985","source_type":"osm"}},{"type":"Feature","geometry":{"type":"Polygon","coordinates":[[[50.3534985,53.5229108],[50.3535394,53.5228554],[50.3536192,53.5228761],[50.3535783,53.5229316],[50.3534985,53.5229108]]]},"properties":{"id":"74f85a03-259b-40a5-a4a2-a45c767b09c9","source_type":"ml"}},{"type":"Feature","geometry":{"type":"Polygon","coordinates":[[[50.3593305,53.516759],[50.3593949,53.5168334],[50.3593334,53.5168522],[50.359269,53.5167778],[50.3593305,53.516759]]]},"properties":{"id":"96a9d089-5861-48a5-afc1-04f15361f500","source_type":"ml"}},{"type":"Feature","geometry":{"type":"Polygon","coordinates":[[[50.3587439,53.5184633],[50.3586785,53.5183283],[50.3588037,53.5183069],[50.3588255,53.5183518],[50.3588944,53.5183401],[50.358938,53.5184301],[50.3587439,53.5184633]]]},"properties":{"id":"14ef262b-94fb-479a-8a16-a6b986259a30","source_type":"osm"}},{"type":"Feature","geometry":{"type":"Polygon","coordinates":[[[50.3581669,53.5185986],[50.3582349,53.5185866],[50.3582568,53.5186306],[50.3581888,53.5186425],[50.3581669,53.5185986]]]},"properties":{"id":"ee9c6eac-4d21-42f6-8eb8-6472a10e5f0d","source_type":"ml"}},{"type":"Feature","geometry":{"type":"Polygon","coordinates":[[[50.3582083,53.5184941],[50.3584998,53.5184508],[50.3585105,53.5184762],[50.358588,53.5184647],[50.3586223,53.5185462],[50.3583997,53.5185793],[50.3583832,53.5185401],[50.3582368,53.5185619],[50.3582083,53.5184941]]]},"properties":{"id":"bd1d9a9e-d617-4fd5-9a7f-398fb5461c33","source_type":"osm"}},{"type":"Feature","geometry":{"type":"Polygon","coordinates":[[[50.3582422,53.5180526],[50.3583279,53.5180504],[50.3583313,53.5180965],[50.3582456,53.5180987],[50.3582422,53.5180526]]]},"properties":{"id":"8d4e4293-1685-4bc8-9a50-f51896dcbd7e","source_type":"ml"}},{"type":"Feature","geometry":{"type":"Polygon","coordinates":[[[50.3575699,53.5216573],[50.3575944,53.5215945],[50.3577369,53.5216142],[50.357718,53.5216626],[50.3577297,53.5216642],[50.3577241,53.5216786],[50.3575699,53.5216573]]]},"properties":{"id":"639aa13e-d24b-4506-ab5a-158fe2ab16e9","source_type":"ml"}},{"type":"Feature","geometry":{"type":"Polygon","coordinates":[[[50.358512,53.5220004],[50.3585908,53.5220168],[50.3585707,53.5220509],[50.3584919,53.5220344],[50.358512,53.5220004]]]},"properties":{"id":"655d222a-8f28-4c68-8548-9d38812824c1","source_type":"ml"}},{"type":"Feature","geometry":{"type":"Polygon","coordinates":[[[50.3605614,53.5220512],[50.3603534,53.5220252],[50.3603829,53.5219418],[50.360591,53.5219678],[50.3605614,53.5220512]]]},"properties":{"id":"15bcb49f-d14f-40dd-94f6-a0dea447f04c","source_type":"ml"}},{"type":"Feature","geometry":{"type":"Polygon","coordinates":[[[50.3609109,53.5228547],[50.3607567,53.5228357],[50.3607716,53.5227929],[50.3609259,53.5228119],[50.3609109,53.5228547]]]},"properties":{"id":"6ee0ac43-563b-4ffe-9d22-7c27ae87396f","source_type":"ml"}},{"type":"Feature","geometry":{"type":"Polygon","coordinates":[[[50.3608638,53.5227739],[50.3607921,53.5227614],[50.3608202,53.5227041],[50.3608919,53.5227166],[50.3608638,53.5227739]]]},"properties":{"id":"7db28362-230a-457e-b325-b2088e4de123","source_type":"ml"}},{"type":"Feature","geometry":{"type":"Polygon","coordinates":[[[50.3605307,53.5164113],[50.3605377,53.5163725],[50.3606411,53.5163791],[50.3606341,53.5164179],[50.3605307,53.5164113]]]},"properties":{"id":"27503091-a6ac-40a0-befa-32404831cb84","source_type":"ml"}},{"type":"Feature","geometry":{"type":"Polygon","coordinates":[[[50.3612438,53.5155077],[50.3611486,53.5154769],[50.3612105,53.5154092],[50.3613057,53.51544],[50.3612438,53.5155077]]]},"properties":{"id":"fb80ae3d-4793-414a-88f2-9d6fbb868a07","source_type":"ml"}},{"type":"Feature","geometry":{"type":"Polygon","coordinates":[[[50.3626392,53.5161462],[50.3624883,53.5161028],[50.3625408,53.5160381],[50.3626918,53.5160815],[50.3626392,53.5161462]]]},"properties":{"id":"734a9c88-1a75-41d0-bba2-223a2c217e17","source_type":"osm"}},{"type":"Feature","geometry":{"type":"Polygon","coordinates":[[[50.3624299,53.5155783],[50.3624777,53.5155124],[50.3625863,53.5155402],[50.3625386,53.5156061],[50.3624299,53.5155783]]]},"properties":{"id":"5e85c7bc-f6c6-40ab-8a72-740d253632e8","source_type":"ml"}},{"type":"Feature","geometry":{"type":"Polygon","coordinates":[[[50.3623358,53.5156356],[50.3623788,53.5156466],[50.3623549,53.5156797],[50.3623118,53.5156688],[50.3623358,53.5156356]]]},"properties":{"id":"cf2d07f0-9e83-4492-96a7-4c1cbc0fbd31","source_type":"ml"}},{"type":"Feature","geometry":{"type":"Polygon","coordinates":[[[50.3603758,53.5107794],[50.3603006,53.5107293],[50.3604171,53.5106675],[50.3604923,53.5107176],[50.3603758,53.5107794]]]},"properties":{"id":"39defe37-54a2-437d-afcf-0e4d509187cb","source_type":"osm"}},{"type":"Feature","geometry":{"type":"Polygon","coordinates":[[[50.3578302,53.5105326],[50.3577069,53.5105104],[50.3577582,53.5104098],[50.3578815,53.510432],[50.3578302,53.5105326]]]},"properties":{"id":"a5a42371-731e-4cd5-8018-09e119f7aecb","source_type":"osm"}},{"type":"Feature","geometry":{"type":"Polygon","coordinates":[[[50.3584716,53.509583],[50.3583662,53.5095202],[50.3584342,53.5094798],[50.3585396,53.5095426],[50.3584716,53.509583]]]},"properties":{"id":"543a26c2-433d-486c-8097-221de6d8f8b5","source_type":"osm"}},{"type":"Feature","geometry":{"type":"Polygon","coordinates":[[[50.3655708,53.5127137],[50.3654722,53.5126535],[50.3655815,53.5125902],[50.3656802,53.5126504],[50.3655708,53.5127137]]]},"properties":{"id":"f017e245-916c-4e82-94c2-5621bb799651","source_type":"osm"}},{"type":"Feature","geometry":{"type":"Polygon","coordinates":[[[50.3680301,53.5121892],[50.3679865,53.5121365],[50.3680469,53.5121188],[50.3680905,53.5121715],[50.3680301,53.5121892]]]},"properties":{"id":"850862b8-55f6-466a-b7e2-0c087d969fcc","source_type":"ml"}},{"type":"Feature","geometry":{"type":"Polygon","coordinates":[[[50.3679662,53.5124227],[50.3678746,53.5123526],[50.3680186,53.5122862],[50.3681102,53.5123562],[50.3679662,53.5124227]]]},"properties":{"id":"960533c6-75d0-47d2-aab5-2de0316625ed","source_type":"osm"}},{"type":"Feature","geometry":{"type":"Polygon","coordinates":[[[50.3672072,53.5123976],[50.3672507,53.5124387],[50.3671823,53.5124643],[50.3671388,53.5124231],[50.3672072,53.5123976]]]},"properties":{"id":"62d63c95-2b72-4496-b09d-1c90b66d88f0","source_type":"ml"}},{"type":"Feature","geometry":{"type":"Polygon","coordinates":[[[50.3672899,53.5128963],[50.3672223,53.5128121],[50.3673863,53.5127655],[50.3674539,53.5128497],[50.3672899,53.5128963]]]},"properties":{"id":"0f5a80d4-aa33-4155-983e-cc714c478208","source_type":"osm"}},{"type":"Feature","geometry":{"type":"Polygon","coordinates":[[[50.3674443,53.5128108],[50.3675107,53.5128019],[50.3675199,53.5128262],[50.3674535,53.5128351],[50.3674443,53.5128108]]]},"properties":{"id":"f6674b2a-55cc-4656-a98b-bc80c1007947","source_type":"ml"}},{"type":"Feature","geometry":{"type":"Polygon","coordinates":[[[50.3673663,53.5141721],[50.3673645,53.5140743],[50.3675325,53.5140732],[50.3675343,53.5141711],[50.3673663,53.5141721]]]},"properties":{"id":"9417a42f-e277-44b5-93c5-59de90f1ea47","source_type":"osm"}},{"type":"Feature","geometry":{"type":"Polygon","coordinates":[[[50.3669253,53.5148572],[50.3669276,53.5147887],[50.3670198,53.5147898],[50.3670175,53.5148583],[50.3669253,53.5148572]]]},"properties":{"id":"9437b3e3-26fa-4c0e-8faa-c5338d7857e8","source_type":"ml"}},{"type":"Feature","geometry":{"type":"Polygon","coordinates":[[[50.3677527,53.5152108],[50.3677588,53.5152325],[50.367691,53.5152393],[50.3676849,53.5152175],[50.3677527,53.5152108]]]},"properties":{"id":"7fdc7d4a-ec27-4418-8e8e-1941a179ee3e","source_type":"ml"}},{"type":"Feature","geometry":{"type":"Polygon","coordinates":[[[50.3683757,53.514449],[50.3683296,53.5143827],[50.3684535,53.5143523],[50.3684995,53.5144185],[50.3683757,53.514449]]]},"properties":{"id":"b666fb48-11db-43fe-8050-3920afe9fe33","source_type":"osm"}},{"type":"Feature","geometry":{"type":"Polygon","coordinates":[[[50.3806324,53.5066616],[50.3805747,53.5065924],[50.3807442,53.5065424],[50.3808019,53.5066117],[50.3806324,53.5066616]]]},"properties":{"id":"b0d07ef0-5047-4f15-a457-26a7bc0d4e64","source_type":"osm"}},{"type":"Feature","geometry":{"type":"Polygon","coordinates":[[[50.3801824,53.5067978],[50.3802156,53.5069198],[50.3800561,53.5069351],[50.3800492,53.5069095],[50.3801537,53.5068995],[50.3801275,53.5068031],[50.3801824,53.5067978]]]},"properties":{"id":"8e149fc7-5424-4360-ae66-b5b0cfe28791","source_type":"ml"}},{"type":"Feature","geometry":{"type":"Polygon","coordinates":[[[50.3799554,53.5071347],[50.3798787,53.5070194],[50.3800315,53.5069834],[50.3801083,53.5070987],[50.3799554,53.5071347]]]},"properties":{"id":"aa8d5356-5083-44fc-8a6a-db9afae83fd0","source_type":"osm"}},{"type":"Feature","geometry":{"type":"Polygon","coordinates":[[[50.3799214,53.5063686],[50.3800265,53.5063407],[50.3800435,53.5063633],[50.3799384,53.5063912],[50.3799214,53.5063686]]]},"properties":{"id":"6ff088ea-d312-43f1-bed1-3f3f6ad1e096","source_type":"ml"}},{"type":"Feature","geometry":{"type":"Polygon","coordinates":[[[50.3799781,53.5086678],[50.3799107,53.5085522],[50.3801447,53.508504],[50.3802121,53.5086196],[50.3799781,53.5086678]]]},"properties":{"id":"2af75050-f9d2-4484-a865-70eb19fb322c","source_type":"osm"}},{"type":"Feature","geometry":{"type":"Polygon","coordinates":[[[50.3803814,53.5097012],[50.3804429,53.5096991],[50.3804474,53.5097452],[50.3803859,53.5097473],[50.3803814,53.5097012]]]},"properties":{"id":"dce4f956-bf4d-46e3-ba8d-57eb7e20757d","source_type":"ml"}},{"type":"Feature","geometry":{"type":"Polygon","coordinates":[[[50.3800226,53.5104625],[50.3800462,53.510511],[50.3799101,53.5105345],[50.3798865,53.5104859],[50.3800226,53.5104625]]]},"properties":{"id":"b3b09456-df94-48b2-9657-4a3004f4dd4e","source_type":"ml"}},{"type":"Feature","geometry":{"type":"Polygon","coordinates":[[[50.3799497,53.5108491],[50.3799062,53.5107479],[50.3801051,53.5107176],[50.3801486,53.5108188],[50.3799497,53.5108491]]]},"properties":{"id":"027964d2-bdd1-494c-9cb9-8351402f2ffc","source_type":"osm"}},{"type":"Feature","geometry":{"type":"Polygon","coordinates":[[[50.3803566,53.5108563],[50.3803303,53.5107966],[50.380378,53.5107891],[50.3804043,53.5108488],[50.3803566,53.5108563]]]},"properties":{"id":"eb2cb682-4099-4e72-81df-f78de0129c48","source_type":"ml"}},{"type":"Feature","geometry":{"type":"Polygon","coordinates":[[[50.3793775,53.5079749],[50.3794095,53.5080165],[50.379366,53.5080283],[50.379334,53.5079867],[50.3793775,53.5079749]]]},"properties":{"id":"f07dc134-d359-4ae2-9231-90687dc490fd","source_type":"ml"}},{"type":"Feature","geometry":{"type":"Polygon","coordinates":[[[50.3788194,53.5076413],[50.3787788,53.5075338],[50.3789607,53.5075095],[50.3790013,53.5076169],[50.3788194,53.5076413]]]},"properties":{"id":"871be456-dbac-47ae-9fd0-fef0b810006e","source_type":"osm"}},{"type":"Feature","geometry":{"type":"Polygon","coordinates":[[[50.378783,53.5066017],[50.3787343,53.5065062],[50.3790658,53.5064463],[50.3791369,53.5065855],[50.3790081,53.5066088],[50.3789858,53.5065651],[50.378783,53.5066017]]]},"properties":{"id":"13412697-1d2e-4628-86ee-959467f42b9a","source_type":"osm"}},{"type":"Feature","geometry":{"type":"Polygon","coordinates":[[[50.3779439,53.5303742],[50.3779447,53.5304077],[50.3778763,53.5304082],[50.3778755,53.5303747],[50.3779439,53.5303742]]]},"properties":{"id":"405c546f-dbef-47a8-a038-c2e276b5f66b","source_type":"ml"}},{"type":"Feature","geometry":{"type":"Polygon","coordinates":[[[50.3765569,53.5301359],[50.3766427,53.5301344],[50.3766446,53.530171],[50.3765588,53.5301726],[50.3765569,53.5301359]]]},"properties":{"id":"b20e9d16-d2ec-41d6-b3fd-6872e7f798bd","source_type":"ml"}},{"type":"Feature","geometry":{"type":"Polygon","coordinates":[[[50.3806753,53.5301087],[50.3806735,53.5301405],[50.3806053,53.5301392],[50.380607,53.5301074],[50.3806753,53.5301087]]]},"properties":{"id":"78dd8fda-1354-4e78-b248-86b591761adf","source_type":"ml"}},{"type":"Feature","geometry":{"type":"Polygon","coordinates":[[[50.3738534,53.5304842],[50.3738499,53.530431],[50.3738927,53.53043],[50.3738963,53.5304832],[50.3738534,53.5304842]]]},"properties":{"id":"6615fa5c-5f40-4cf2-bde9-91cc4762de22","source_type":"ml"}},{"type":"Feature","geometry":{"type":"Polygon","coordinates":[[[50.3716257,53.5298965],[50.3716281,53.5298277],[50.3717054,53.5298286],[50.3717029,53.5298975],[50.3716257,53.5298965]]]},"properties":{"id":"4e45216e-3c5e-4a81-abb2-28a2ddfa470e","source_type":"osm"}},{"type":"Feature","geometry":{"type":"Polygon","coordinates":[[[50.3586049,53.5250857],[50.3586899,53.5251109],[50.3586499,53.5251587],[50.3585648,53.5251336],[50.3586049,53.5250857]]]},"properties":{"id":"84a7ea9b-d8f9-48af-bb0d-ff84c3d66074","source_type":"ml"}},{"type":"Feature","geometry":{"type":"Polygon","coordinates":[[[50.3548895,53.5290741],[50.3548538,53.5290646],[50.3548218,53.529107],[50.3547347,53.5290838],[50.3547873,53.5290141],[50.3549101,53.5290468],[50.3548895,53.5290741]]]},"properties":{"id":"f91a2880-6113-40f8-9eec-f7122e264170","source_type":"ml"}},{"type":"Feature","geometry":{"type":"Polygon","coordinates":[[[50.3561583,53.5280578],[50.3560772,53.5280408],[50.3561213,53.5279664],[50.3562024,53.5279833],[50.3561583,53.5280578]]]},"properties":{"id":"19093fce-9f2f-4286-90c9-83a57fbb3986","source_type":"ml"}},{"type":"Feature","geometry":{"type":"Polygon","coordinates":[[[50.3561819,53.5238486],[50.3561148,53.5238285],[50.3561501,53.5237869],[50.3563415,53.5238444],[50.3562913,53.5239034],[50.356167,53.5238661],[50.3561819,53.5238486]]]},"properties":{"id":"3bf0d7dc-268e-4430-9b01-86877d1814e0","source_type":"osm"}},{"type":"Feature","geometry":{"type":"Polygon","coordinates":[[[50.3560442,53.5243252],[50.3559588,53.5242979],[50.3559851,53.5242688],[50.3560704,53.5242961],[50.3560442,53.5243252]]]},"properties":{"id":"5b5ffcb5-de4c-4f61-bb8f-951aba3025ad","source_type":"ml"}},{"type":"Feature","geometry":{"type":"Polygon","coordinates":[[[50.356179,53.5259222],[50.3561283,53.525908],[50.3562598,53.5257421],[50.3564712,53.5258013],[50.3564027,53.5258878],[50.356242,53.5258428],[50.356179,53.5259222]]]},"properties":{"id":"09a6b58e-a6dc-4d13-afb9-a1dd32e5b502","source_type":"osm"}},{"type":"Feature","geometry":{"type":"Polygon","coordinates":[[[50.3553571,53.5240973],[50.3552905,53.5241882],[50.3551488,53.5241515],[50.3552154,53.5240606],[50.3553571,53.5240973]]]},"properties":{"id":"9c46568c-0681-4609-a2c7-e8725bc14003","source_type":"osm"}},{"type":"Feature","geometry":{"type":"Polygon","coordinates":[[[50.3549359,53.5251843],[50.3549612,53.5251523],[50.3550525,53.5251777],[50.3550272,53.5252098],[50.3549359,53.5251843]]]},"properties":{"id":"0d28d085-e668-40c0-a14d-1eb65409a36e","source_type":"ml"}},{"type":"Feature","geometry":{"type":"Polygon","coordinates":[[[50.3533411,53.5279737],[50.3532075,53.5279398],[50.3532859,53.5278305],[50.3534195,53.5278644],[50.3533411,53.5279737]]]},"properties":{"id":"bcdcfd57-19ef-4588-8047-09a4b14c78d1","source_type":"osm"}},{"type":"Feature","geometry":{"type":"Polygon","coordinates":[[[50.3534065,53.5261821],[50.3534598,53.5262047],[50.353423,53.5262354],[50.3533697,53.5262127],[50.3534065,53.5261821]]]},"properties":{"id":"64349d5d-e822-4eb2-be0e-4663eb26fbcf","source_type":"ml"}},{"type":"Feature","geometry":{"type":"Polygon","coordinates":[[[50.3538446,53.5255565],[50.353736,53.5255591],[50.353732,53.5255002],[50.3538407,53.5254976],[50.3538446,53.5255565]]]},"properties":{"id":"50b36764-d63b-4796-9a6c-f98aa31c0301","source_type":"ml"}},{"type":"Feature","geometry":{"type":"Polygon","coordinates":[[[50.3522517,53.528416],[50.352342,53.5284352],[50.3523109,53.5284867],[50.3522207,53.5284674],[50.3522517,53.528416]]]},"properties":{"id":"329a4f4a-c6a8-4ff5-9771-8fc635d71769","source_type":"ml"}},{"type":"Feature","geometry":{"type":"Polygon","coordinates":[[[50.3207135,53.5021077],[50.3206338,53.5021122],[50.3206287,53.5020806],[50.3207084,53.5020761],[50.3207135,53.5021077]]]},"properties":{"id":"91438bda-857a-4645-a630-68f9c8860123","source_type":"ml"}},{"type":"Feature","geometry":{"type":"Polygon","coordinates":[[[50.3205801,53.5042508],[50.3206631,53.5042488],[50.3206674,53.5043102],[50.3205844,53.5043122],[50.3205801,53.5042508]]]},"properties":{"id":"76f695a3-3b72-43aa-9295-d5d48d9d9a20","source_type":"ml"}},{"type":"Feature","geometry":{"type":"Polygon","coordinates":[[[50.3202536,53.5265856],[50.3201053,53.526623],[50.3200535,53.5265503],[50.3202018,53.5265129],[50.3202536,53.5265856]]]},"properties":{"id":"c5b46d98-726e-4cda-9f53-e743e0416e8e","source_type":"osm"}},{"type":"Feature","geometry":{"type":"Polygon","coordinates":[[[50.3203754,53.5267566],[50.3202286,53.5267936],[50.3201811,53.5267269],[50.3203279,53.5266899],[50.3203754,53.5267566]]]},"properties":{"id":"6c7febb3-ed5f-40b5-9219-17bcc7ea2dff","source_type":"osm"}},{"type":"Feature","geometry":{"type":"Polygon","coordinates":[[[50.3204315,53.530619],[50.3202447,53.5306647],[50.3201759,53.5305652],[50.3203627,53.5305196],[50.3204315,53.530619]]]},"properties":{"id":"a7cc515f-da65-4ef7-b355-7915263d968b","source_type":"osm"}},{"type":"Feature","geometry":{"type":"Polygon","coordinates":[[[50.3496551,53.529989],[50.3498222,53.5299441],[50.3499087,53.530058],[50.3497416,53.5301028],[50.3496551,53.529989]]]},"properties":{"id":"5fb9a4ed-9d8a-4136-827e-367b3a99d79c","source_type":"ml"}},{"type":"Feature","geometry":{"type":"Polygon","coordinates":[[[50.3511317,53.5271622],[50.3511836,53.5271034],[50.35134,53.5271522],[50.3512881,53.527211],[50.3511317,53.5271622]]]},"properties":{"id":"fe457f2a-e785-4588-b62c-5578472dae6a","source_type":"ml"}},{"type":"Feature","geometry":{"type":"Polygon","coordinates":[[[50.3515628,53.52648],[50.3515724,53.5264592],[50.3516522,53.5264723],[50.3516426,53.526493],[50.3515628,53.52648]]]},"properties":{"id":"a7ced1e2-c0b8-4134-8099-2561b9a67fad","source_type":"ml"}},{"type":"Feature","geometry":{"type":"Polygon","coordinates":[[[50.3515981,53.5258298],[50.351556,53.5258226],[50.3515767,53.5257799],[50.3516188,53.5257872],[50.3515981,53.5258298]]]},"properties":{"id":"4ca69913-d48f-4624-9af7-c0fab44b5280","source_type":"ml"}},{"type":"Feature","geometry":{"type":"Polygon","coordinates":[[[50.3515293,53.5253383],[50.3516132,53.5253458],[50.3516053,53.525377],[50.3515214,53.5253695],[50.3515293,53.5253383]]]},"properties":{"id":"9dc7f820-2eee-4a41-be93-7c88c4775d31","source_type":"ml"}},{"type":"Feature","geometry":{"type":"Polygon","coordinates":[[[50.3504893,53.5259995],[50.3504437,53.5259995],[50.3504437,53.5259485],[50.3504893,53.5259485],[50.3504893,53.5259995]]]},"properties":{"id":"26138403-7465-4c6d-be67-21325048dcbc","source_type":"ml"}},{"type":"Feature","geometry":{"type":"Polygon","coordinates":[[[50.3506883,53.525329],[50.3505811,53.5252955],[50.3506615,53.5252046],[50.3507687,53.5252381],[50.3506883,53.525329]]]},"properties":{"id":"e9f058c2-349d-4c9e-aeda-4cdfe74d7521","source_type":"osm"}},{"type":"Feature","geometry":{"type":"Polygon","coordinates":[[[50.349983,53.5251049],[50.3501219,53.5251335],[50.350102,53.5251676],[50.3498074,53.525107],[50.3498522,53.5250301],[50.3499134,53.5250427],[50.3499043,53.5250584],[50.3499988,53.5250778],[50.349983,53.5251049]]]},"properties":{"id":"e9adb98d-17ae-46f5-aa73-89ffd3c69396","source_type":"ml"}},{"type":"Feature","geometry":{"type":"Polygon","coordinates":[[[50.3494564,53.5253763],[50.3493832,53.5253626],[50.3494001,53.5253307],[50.3494733,53.5253444],[50.3494564,53.5253763]]]},"properties":{"id":"360472f0-18b5-4494-a474-2f71aee365c7","source_type":"ml"}},{"type":"Feature","geometry":{"type":"Polygon","coordinates":[[[50.3485494,53.5263265],[50.3484103,53.52629],[50.3484977,53.5261725],[50.3486367,53.5262091],[50.3485494,53.5263265]]]},"properties":{"id":"8540fd8c-8060-426f-8b64-0c11f7f293c7","source_type":"osm"}},{"type":"Feature","geometry":{"type":"Polygon","coordinates":[[[50.3483138,53.525812],[50.3483253,53.5257816],[50.3484453,53.5257976],[50.3484339,53.525828],[50.3483138,53.525812]]]},"properties":{"id":"8c3bffa6-4f6b-48af-a97d-2af3d57789b9","source_type":"ml"}},{"type":"Feature","geometry":{"type":"Polygon","coordinates":[[[50.3485322,53.5257323],[50.3483894,53.5256895],[50.3484857,53.5255759],[50.3486284,53.5256186],[50.3485322,53.5257323]]]},"properties":{"id":"17282a76-158e-4e81-92d7-9bf4bdb48f69","source_type":"osm"}},{"type":"Feature","geometry":{"type":"Polygon","coordinates":[[[50.3485545,53.5276025],[50.3486749,53.5276138],[50.3486637,53.5276558],[50.3485433,53.5276445],[50.3485545,53.5276025]]]},"properties":{"id":"88d91976-d000-4aa5-baf6-f281b46a444e","source_type":"ml"}},{"type":"Feature","geometry":{"type":"Polygon","coordinates":[[[50.3477532,53.5301141],[50.3478229,53.5301129],[50.3478245,53.5301431],[50.3477548,53.5301444],[50.3477532,53.5301141]]]},"properties":{"id":"4da1e69f-55d1-4524-a13b-5b60f381e1e1","source_type":"ml"}},{"type":"Feature","geometry":{"type":"Polygon","coordinates":[[[50.3467778,53.5291454],[50.3466213,53.5290989],[50.3467007,53.5290046],[50.3468572,53.5290511],[50.3467778,53.5291454]]]},"properties":{"id":"e0ac7798-1858-4400-8aa6-2c0e64dede9a","source_type":"osm"}},{"type":"Feature","geometry":{"type":"Polygon","coordinates":[[[50.3472088,53.5296154],[50.3472962,53.5296323],[50.3472851,53.5296525],[50.3471978,53.5296356],[50.3472088,53.5296154]]]},"properties":{"id":"ec41c6f7-bd62-41b1-824e-92c95050ca7f","source_type":"ml"}},{"type":"Feature","geometry":{"type":"Polygon","coordinates":[[[50.3424147,53.5265241],[50.3423539,53.5265198],[50.3423605,53.5264868],[50.3424214,53.5264911],[50.3424147,53.5265241]]]},"properties":{"id":"37844e5a-b419-47ba-bebe-a112c4a962f2","source_type":"ml"}},{"type":"Feature","geometry":{"type":"Polygon","coordinates":[[[50.3417567,53.5265733],[50.3418252,53.5265842],[50.341796,53.5266488],[50.3417275,53.5266378],[50.3417567,53.5265733]]]},"properties":{"id":"c8046031-7ed4-4684-837a-ad48261cb751","source_type":"ml"}},{"type":"Feature","geometry":{"type":"Polygon","coordinates":[[[50.341039,53.5312612],[50.3409943,53.5312512],[50.3410393,53.5311799],[50.3410839,53.5311899],[50.341039,53.5312612]]]},"properties":{"id":"10360898-32a5-4a49-90cf-06cadbae5812","source_type":"ml"}},{"type":"Feature","geometry":{"type":"Polygon","coordinates":[[[50.3389528,53.5292524],[50.3389997,53.5291717],[50.3391219,53.5291968],[50.339075,53.5292775],[50.3389528,53.5292524]]]},"properties":{"id":"7a800c73-a2c8-4ec9-8764-407c15a4025f","source_type":"ml"}},{"type":"Feature","geometry":{"type":"Polygon","coordinates":[[[50.3382707,53.5280145],[50.3380842,53.5279633],[50.3382041,53.5278088],[50.3383907,53.52786],[50.3382707,53.5280145]]]},"properties":{"id":"0a39fea6-5225-414f-96f4-8448d426000a","source_type":"osm"}},{"type":"Feature","geometry":{"type":"Polygon","coordinates":[[[50.3368365,53.5282995],[50.336654,53.5282497],[50.336747,53.5281292],[50.3369295,53.528179],[50.3368365,53.5282995]]]},"properties":{"id":"36f49ab1-3ec5-4bba-9bc7-dd8efa9fb726","source_type":"osm"}},{"type":"Feature","geometry":{"type":"Polygon","coordinates":[[[50.3366094,53.5283137],[50.3366484,53.5282681],[50.3366953,53.5282822],[50.3366562,53.5283278],[50.3366094,53.5283137]]]},"properties":{"id":"3f6d1111-2706-43d1-ba6d-3e531289e5a9","source_type":"ml"}},{"type":"Feature","geometry":{"type":"Polygon","coordinates":[[[50.3219748,53.5311295],[50.3220809,53.5311041],[50.3221544,53.5312124],[50.3220483,53.5312378],[50.3219748,53.5311295]]]},"properties":{"id":"f382b659-f581-4a42-9f1d-cd01214255fc","source_type":"ml"}},{"type":"Feature","geometry":{"type":"Polygon","coordinates":[[[50.3273723,53.5037202],[50.3273094,53.5037214],[50.327307,53.5036774],[50.3273699,53.5036762],[50.3273723,53.5037202]]]},"properties":{"id":"442a9990-ada1-4873-9e54-f260a94db0a7","source_type":"ml"}},{"type":"Feature","geometry":{"type":"Polygon","coordinates":[[[50.3255413,53.5028325],[50.3255381,53.5028112],[50.3256499,53.5028053],[50.3256531,53.5028265],[50.3255413,53.5028325]]]},"properties":{"id":"1d335ea4-801c-440a-990b-b190c3604cf6","source_type":"ml"}},{"type":"Feature","geometry":{"type":"Polygon","coordinates":[[[50.3262126,53.5032472],[50.3262062,53.5031317],[50.3262783,53.5031303],[50.3262806,53.5031719],[50.3264589,53.5031684],[50.326463,53.5032423],[50.3262126,53.5032472]]]},"properties":{"id":"305b2bdd-a24a-4f7a-93e2-451fc605a330","source_type":"osm"}},{"type":"Feature","geometry":{"type":"Polygon","coordinates":[[[50.3263064,53.5030286],[50.3263829,53.5030303],[50.3263798,53.5030772],[50.3263033,53.5030754],[50.3263064,53.5030286]]]},"properties":{"id":"2721763c-02f9-46ad-ab86-0f00c00e6e0f","source_type":"ml"}},{"type":"Feature","geometry":{"type":"Polygon","coordinates":[[[50.3241588,53.5032397],[50.3241539,53.5032227],[50.3241981,53.5032181],[50.3242089,53.5032553],[50.3241047,53.503266],[50.3240989,53.5032458],[50.3241588,53.5032397]]]},"properties":{"id":"ea02f2d9-3d68-47e0-a944-bee95df42aef","source_type":"ml"}},{"type":"Feature","geometry":{"type":"Polygon","coordinates":[[[50.3232685,53.5041279],[50.323271,53.5041742],[50.3232161,53.5041752],[50.3232136,53.504129],[50.3232685,53.5041279]]]},"properties":{"id":"74e8f64f-0d75-4da6-8521-1ecca8a70d14","source_type":"ml"}},{"type":"Feature","geometry":{"type":"Polygon","coordinates":[[[50.3237313,53.5027155],[50.3237483,53.5027457],[50.3236205,53.5027712],[50.3236035,53.502741],[50.3237313,53.5027155]]]},"properties":{"id":"e8f3c383-9e24-4abc-af57-17f1d6b08831","source_type":"ml"}},{"type":"Feature","geometry":{"type":"Polygon","coordinates":[[[50.321146,53.5048745],[50.3210668,53.5048751],[50.3210622,53.5046326],[50.3211413,53.5046321],[50.321146,53.5048745]]]},"properties":{"id":"c3e31e9c-2dc2-4484-bf99-672788c0bb2e","source_type":"ml"}},{"type":"Feature","geometry":{"type":"Polygon","coordinates":[[[50.3216688,53.5041408],[50.3216438,53.5040595],[50.3217558,53.5040473],[50.3217808,53.5041286],[50.3216688,53.5041408]]]},"properties":{"id":"358f70be-2120-4425-bf58-d6003ef170bb","source_type":"osm"}},{"type":"Feature","geometry":{"type":"Polygon","coordinates":[[[50.321238,53.5041703],[50.3212187,53.5040802],[50.3214256,53.5040646],[50.3214448,53.5041547],[50.321238,53.5041703]]]},"properties":{"id":"048e298b-be2e-46b7-ac4c-8c352dcfeb60","source_type":"osm"}},{"type":"Feature","geometry":{"type":"Polygon","coordinates":[[[50.3210062,53.5043636],[50.3210055,53.5042254],[50.3211503,53.5042251],[50.321151,53.5043633],[50.3210062,53.5043636]]]},"properties":{"id":"1e7c7bce-130a-42a0-9f30-f4466f71b96b","source_type":"osm"}},{"type":"Feature","geometry":{"type":"Polygon","coordinates":[[[50.322374,53.5034932],[50.3223335,53.5033194],[50.3224589,53.503309],[50.3224995,53.5034828],[50.322374,53.5034932]]]},"properties":{"id":"327da95b-9c60-46d2-baa7-e27d09a9815d","source_type":"osm"}},{"type":"Feature","geometry":{"type":"Polygon","coordinates":[[[50.3226042,53.5035105],[50.3225927,53.5034835],[50.3226545,53.5034742],[50.3226661,53.5035011],[50.3226042,53.5035105]]]},"properties":{"id":"049eda59-8619-4808-b8e3-28b1ec90557e","source_type":"ml"}},{"type":"Feature","geometry":{"type":"Polygon","coordinates":[[[50.322323,53.5024314],[50.3223166,53.5023766],[50.3223913,53.5023735],[50.3223977,53.5024283],[50.322323,53.5024314]]]},"properties":{"id":"10b8a8cf-da70-4917-8272-def1447a0068","source_type":"ml"}},{"type":"Feature","geometry":{"type":"Polygon","coordinates":[[[50.3296246,53.503621],[50.3296199,53.5035749],[50.3296799,53.5035728],[50.3296846,53.5036188],[50.3296246,53.503621]]]},"properties":{"id":"0cb7fac4-fa2a-41d0-8b0e-fefd6a18f91b","source_type":"ml"}},{"type":"Feature","geometry":{"type":"Polygon","coordinates":[[[50.3307177,53.5028928],[50.3307188,53.5029374],[50.3306786,53.5029378],[50.3306775,53.5028931],[50.3307177,53.5028928]]]},"properties":{"id":"b128d940-af56-4d8a-8959-c43b75f03b8a","source_type":"ml"}},{"type":"Feature","geometry":{"type":"Polygon","coordinates":[[[50.3310482,53.5035046],[50.3310501,53.5035827],[50.3309858,53.5035833],[50.3309838,53.5035052],[50.3310482,53.5035046]]]},"properties":{"id":"35701660-3bf8-4d0e-b533-4412f7e4aac2","source_type":"ml"}},{"type":"Feature","geometry":{"type":"Polygon","coordinates":[[[50.3312886,53.5039895],[50.3312862,53.5039545],[50.3313745,53.5039523],[50.3313769,53.5039874],[50.3312886,53.5039895]]]},"properties":{"id":"5936bba0-7079-4c77-8e28-c0ca31d9762a","source_type":"ml"}},{"type":"Feature","geometry":{"type":"Polygon","coordinates":[[[50.3317925,53.5036949],[50.3318501,53.5036821],[50.3318778,53.5037262],[50.3318201,53.503739],[50.3317925,53.5036949]]]},"properties":{"id":"a191edf5-1f48-4479-ae8f-8a9d8049cddd","source_type":"ml"}},{"type":"Feature","geometry":{"type":"Polygon","coordinates":[[[50.3316646,53.502908],[50.3316616,53.5028627],[50.3317193,53.5028613],[50.3317224,53.5029066],[50.3316646,53.502908]]]},"properties":{"id":"729867a1-b199-4399-82b0-3a16bc31bf4b","source_type":"ml"}},{"type":"Feature","geometry":{"type":"Polygon","coordinates":[[[50.3320037,53.5027382],[50.332,53.5026736],[50.3320575,53.5026725],[50.3320611,53.5027371],[50.3320037,53.5027382]]]},"properties":{"id":"905480e8-2a29-4184-be95-7140b8753819","source_type":"ml"}},{"type":"Feature","geometry":{"type":"Polygon","coordinates":[[[50.3337363,53.5007323],[50.3337781,53.500731],[50.333782,53.500778],[50.3337402,53.5007792],[50.3337363,53.5007323]]]},"properties":{"id":"97b26216-f3a8-4fc4-aa43-6b672606e64b","source_type":"ml"}},{"type":"Feature","geometry":{"type":"Polygon","coordinates":[[[50.3336698,53.5034449],[50.3336687,53.5034026],[50.333733,53.503402],[50.3337342,53.5034443],[50.3336698,53.5034449]]]},"properties":{"id":"d3281228-bd9d-4612-a6fb-b3bb0fc55dc9","source_type":"ml"}},{"type":"Feature","geometry":{"type":"Polygon","coordinates":[[[50.3347555,53.5034091],[50.3347566,53.5034777],[50.3346815,53.5034782],[50.3346804,53.5034096],[50.3347555,53.5034091]]]},"properties":{"id":"57d1c090-7e5d-4c28-a7a3-5a322c4e4199","source_type":"ml"}},{"type":"Feature","geometry":{"type":"Polygon","coordinates":[[[50.3347424,53.5053773],[50.3345126,53.5053802],[50.3345081,53.5052557],[50.334738,53.5052528],[50.3347424,53.5053773]]]},"properties":{"id":"18124bcd-d5ab-4e2a-be1e-c7b46141fe39","source_type":"osm"}},{"type":"Feature","geometry":{"type":"Polygon","coordinates":[[[50.3355475,53.5007555],[50.3354778,53.5007565],[50.3354726,53.500637],[50.3355423,53.5006359],[50.3355475,53.5007555]]]},"properties":{"id":"130eacd3-149d-4204-9d61-68b153b74fb6","source_type":"ml"}},{"type":"Feature","geometry":{"type":"Polygon","coordinates":[[[50.3353209,53.5002019],[50.3353209,53.5001047],[50.335461,53.5001047],[50.3354609,53.5002019],[50.3353209,53.5002019]]]},"properties":{"id":"232fe706-39bb-4148-bfaa-86bc5f55c4c4","source_type":"osm"}},{"type":"Feature","geometry":{"type":"Polygon","coordinates":[[[50.3413729,53.5007841],[50.3414507,53.5007851],[50.3414494,53.5008202],[50.3413717,53.5008192],[50.3413729,53.5007841]]]},"properties":{"id":"892ccfa3-b3fe-4864-8b25-4767165ade7f","source_type":"ml"}},{"type":"Feature","geometry":{"type":"Polygon","coordinates":[[[50.3390442,53.5034501],[50.3390469,53.5035218],[50.3388312,53.5035248],[50.3388285,53.503453],[50.3390442,53.5034501]]]},"properties":{"id":"87446943-a650-4bb9-a29a-a9e8e5aa6dd8","source_type":"ml"}},{"type":"Feature","geometry":{"type":"Polygon","coordinates":[[[50.3382987,53.5021381],[50.3383604,53.5021381],[50.3383604,53.5021716],[50.3382987,53.5021716],[50.3382987,53.5021381]]]},"properties":{"id":"f083a66c-59de-43b0-b6f8-f31f03903c8e","source_type":"ml"}},{"type":"Feature","geometry":{"type":"Polygon","coordinates":[[[50.3394863,53.5033334],[50.3394856,53.5032302],[50.3396451,53.5032298],[50.3396454,53.5032699],[50.3396764,53.5032698],[50.3396769,53.5033329],[50.3394863,53.5033334]]]},"properties":{"id":"c8387645-b3ba-47c2-bbb6-709be08a3c5e","source_type":"osm"}},{"type":"Feature","geometry":{"type":"Polygon","coordinates":[[[50.3364091,53.5018207],[50.3364114,53.5017425],[50.3365364,53.5017438],[50.3365341,53.501822],[50.3364091,53.5018207]]]},"properties":{"id":"bcdaf25b-d82e-4b46-8ba0-269dde16f0ff","source_type":"ml"}},{"type":"Feature","geometry":{"type":"Polygon","coordinates":[[[50.3362535,53.5033924],[50.3362433,53.5032547],[50.3363582,53.5032517],[50.3363684,53.5033894],[50.3362535,53.5033924]]]},"properties":{"id":"01877896-5474-4ec1-824e-0ed1f6ee41e7","source_type":"osm"}},{"type":"Feature","geometry":{"type":"Polygon","coordinates":[[[50.3444287,53.5032753],[50.3444988,53.5032864],[50.3444828,53.5033222],[50.3444127,53.5033111],[50.3444287,53.5032753]]]},"properties":{"id":"3085670a-eb0c-41c2-9c94-894987341ef5","source_type":"ml"}},{"type":"Feature","geometry":{"type":"Polygon","coordinates":[[[50.3439332,53.5008189],[50.3439359,53.5007831],[50.3440179,53.5007852],[50.3440153,53.500821],[50.3439332,53.5008189]]]},"properties":{"id":"af0f4606-8985-4f3b-8b7b-a3c82935202a","source_type":"ml"}},{"type":"Feature","geometry":{"type":"Polygon","coordinates":[[[50.3546879,53.5051325],[50.3546499,53.5051905],[50.3545054,53.5051569],[50.3545435,53.505099],[50.3546879,53.5051325]]]},"properties":{"id":"9e29497f-87bf-4e6b-b590-fc2f54f785d7","source_type":"osm"}},{"type":"Feature","geometry":{"type":"Polygon","coordinates":[[[50.3551133,53.504762],[50.3549394,53.5046899],[50.3550336,53.5046096],[50.3552074,53.5046817],[50.3551133,53.504762]]]},"properties":{"id":"3ebc0089-1362-4bc0-8187-2caf8b5e47e7","source_type":"osm"}},{"type":"Feature","geometry":{"type":"Polygon","coordinates":[[[50.3548832,53.5043106],[50.3546994,53.5043027],[50.3547091,53.5042233],[50.3548929,53.5042312],[50.3548832,53.5043106]]]},"properties":{"id":"6bdd4840-3ae1-463f-8acf-508937059bd2","source_type":"osm"}},{"type":"Feature","geometry":{"type":"Polygon","coordinates":[[[50.3554785,53.5042702],[50.3554463,53.5043354],[50.3552966,53.5043092],[50.3553288,53.504244],[50.3554785,53.5042702]]]},"properties":{"id":"c48ef35f-5521-4244-b0ba-bf17487177d8","source_type":"osm"}},{"type":"Feature","geometry":{"type":"Polygon","coordinates":[[[50.3523341,53.5038189],[50.3521595,53.5037546],[50.3522256,53.5036911],[50.3524003,53.5037555],[50.3523341,53.5038189]]]},"properties":{"id":"f4795394-5341-4a44-a99c-1b1565352016","source_type":"osm"}},{"type":"Feature","geometry":{"type":"Polygon","coordinates":[[[50.3529635,53.5030336],[50.3528748,53.5030658],[50.3527843,53.5029774],[50.352873,53.5029452],[50.3529635,53.5030336]]]},"properties":{"id":"67da1f3e-0276-4ee8-9f61-1048d787383d","source_type":"osm"}},{"type":"Feature","geometry":{"type":"Polygon","coordinates":[[[50.3539332,53.5046585],[50.3538306,53.5046801],[50.3537637,53.504568],[50.3538662,53.5045463],[50.3539332,53.5046585]]]},"properties":{"id":"3b10cd26-d34a-4a5e-9348-734bc6a03ce4","source_type":"osm"}},{"type":"Feature","geometry":{"type":"Polygon","coordinates":[[[50.3527538,53.5041328],[50.3525721,53.5041012],[50.3526037,53.504037],[50.3527853,53.5040686],[50.3527538,53.5041328]]]},"properties":{"id":"35b95f18-a4cf-448d-a592-48cbd83dab76","source_type":"osm"}},{"type":"Feature","geometry":{"type":"Polygon","coordinates":[[[50.3527051,53.5045278],[50.3525455,53.5045598],[50.3525105,53.5044982],[50.3526702,53.5044661],[50.3527051,53.5045278]]]},"properties":{"id":"804e8626-e18d-4f7d-9fca-27f55d2dc872","source_type":"osm"}},{"type":"Feature","geometry":{"type":"Polygon","coordinates":[[[50.3532628,53.5077299],[50.3531399,53.5077316],[50.3531364,53.5076404],[50.3532593,53.5076387],[50.3532628,53.5077299]]]},"properties":{"id":"c34b4538-1647-4bcf-9057-3506ce99d6bd","source_type":"osm"}},{"type":"Feature","geometry":{"type":"Polygon","coordinates":[[[50.3563503,53.5078228],[50.3562881,53.5077806],[50.3563952,53.5077248],[50.3564574,53.507767],[50.3563503,53.5078228]]]},"properties":{"id":"b7ff51b3-97b4-466b-b3d7-a09badedb8bd","source_type":"osm"}},{"type":"Feature","geometry":{"type":"Polygon","coordinates":[[[50.3538323,53.5236285],[50.3537266,53.5235986],[50.3537828,53.5235283],[50.3538885,53.5235581],[50.3538323,53.5236285]]]},"properties":{"id":"79f4275e-ac21-4ade-82d4-ce03dc357880","source_type":"osm"}},{"type":"Feature","geometry":{"type":"Polygon","coordinates":[[[50.355964,53.522984],[50.355878,53.5229661],[50.355873,53.5229747],[50.3558215,53.522964],[50.3558549,53.5229071],[50.3559925,53.5229357],[50.355964,53.522984]]]},"properties":{"id":"905d33a0-c56c-4897-9a20-d0565c29390d","source_type":"ml"}},{"type":"Feature","geometry":{"type":"Polygon","coordinates":[[[50.3564978,53.5236307],[50.3564665,53.5236653],[50.3564217,53.523651],[50.356453,53.5236164],[50.3564978,53.5236307]]]},"properties":{"id":"6c1cd29e-6d7e-420a-8cdf-f7c143dce469","source_type":"ml"}},{"type":"Feature","geometry":{"type":"Polygon","coordinates":[[[50.3565992,53.5223975],[50.3568088,53.5224252],[50.3567974,53.5224556],[50.3565879,53.5224278],[50.3565992,53.5223975]]]},"properties":{"id":"6ac6eb0e-a420-40cc-8cac-317c9aa4040b","source_type":"ml"}},{"type":"Feature","geometry":{"type":"Polygon","coordinates":[[[50.3565931,53.5216183],[50.3566527,53.5216249],[50.3566363,53.5216773],[50.3565767,53.5216707],[50.3565931,53.5216183]]]},"properties":{"id":"1f02baf5-94d1-46b6-8b8f-31447baebe1b","source_type":"ml"}},{"type":"Feature","geometry":{"type":"Polygon","coordinates":[[[50.359571,53.5179385],[50.3595203,53.5178848],[50.3596272,53.5178491],[50.3596779,53.5179027],[50.359571,53.5179385]]]},"properties":{"id":"4963b007-639b-44cf-b07c-197dd04ba157","source_type":"osm"}},{"type":"Feature","geometry":{"type":"Polygon","coordinates":[[[50.3573642,53.5214101],[50.3573129,53.5213932],[50.3574186,53.5212797],[50.35747,53.5212966],[50.3573642,53.5214101]]]},"properties":{"id":"328522fb-668d-4be8-af59-90f58835a449","source_type":"ml"}},{"type":"Feature","geometry":{"type":"Polygon","coordinates":[[[50.357578,53.5231361],[50.3573751,53.5230683],[50.3574014,53.5230405],[50.3576043,53.5231083],[50.357578,53.5231361]]]},"properties":{"id":"c425b14b-1e4b-43e8-86d3-7fc27bcf62e3","source_type":"ml"}},{"type":"Feature","geometry":{"type":"Polygon","coordinates":[[[50.3581357,53.5227252],[50.3580808,53.5226987],[50.3581352,53.5226589],[50.3581901,53.5226854],[50.3581357,53.5227252]]]},"properties":{"id":"c168c33d-a092-42b2-87dc-a0721665cb44","source_type":"ml"}},{"type":"Feature","geometry":{"type":"Polygon","coordinates":[[[50.357845,53.5222153],[50.3578804,53.5221682],[50.3579945,53.5221984],[50.3579591,53.5222456],[50.357845,53.5222153]]]},"properties":{"id":"e5aa822f-a95d-456a-b3f8-87e020ddb047","source_type":"ml"}},{"type":"Feature","geometry":{"type":"Polygon","coordinates":[[[50.3590552,53.5227228],[50.3591357,53.5227379],[50.3591218,53.522764],[50.3590413,53.522749],[50.3590552,53.5227228]]]},"properties":{"id":"6b4be406-9b6f-4043-a2c4-371fa3dea311","source_type":"ml"}},{"type":"Feature","geometry":{"type":"Polygon","coordinates":[[[50.3597502,53.5231679],[50.3595444,53.5231172],[50.3596107,53.523022],[50.3598166,53.5230726],[50.3597502,53.5231679]]]},"properties":{"id":"89fc487f-602b-42b9-8b17-d9c5b0609dcf","source_type":"osm"}},{"type":"Feature","geometry":{"type":"Polygon","coordinates":[[[50.3606926,53.5214084],[50.3606038,53.5212933],[50.3607071,53.5212651],[50.3607959,53.5213802],[50.3606926,53.5214084]]]},"properties":{"id":"f53fca37-325d-491b-9021-3ab72c008e08","source_type":"ml"}},{"type":"Feature","geometry":{"type":"Polygon","coordinates":[[[50.3606953,53.521464],[50.3606638,53.5214231],[50.3607037,53.5214122],[50.3607352,53.5214531],[50.3606953,53.521464]]]},"properties":{"id":"d1111f8f-5bcd-4dcc-80a9-900a8fd82b1f","source_type":"ml"}},{"type":"Feature","geometry":{"type":"Polygon","coordinates":[[[50.3607937,53.522286],[50.3607643,53.5222854],[50.360767,53.5222424],[50.3608703,53.5222447],[50.3608615,53.5223848],[50.3607876,53.5223832],[50.3607937,53.522286]]]},"properties":{"id":"7a184956-d0fb-4802-bde7-280bef58f7b4","source_type":"ml"}},{"type":"Feature","geometry":{"type":"Polygon","coordinates":[[[50.3615079,53.5155865],[50.3613711,53.5155352],[50.3614655,53.5154461],[50.361521,53.5154669],[50.3615839,53.5154075],[50.3616654,53.5154381],[50.3615079,53.5155865]]]},"properties":{"id":"a7f1af80-dd5d-415a-a422-9fafb2ad5a90","source_type":"osm"}},{"type":"Feature","geometry":{"type":"Polygon","coordinates":[[[50.3616738,53.5164439],[50.3618184,53.5164703],[50.3617912,53.5165228],[50.3616467,53.5164963],[50.3616738,53.5164439]]]},"properties":{"id":"ae05d6ab-dbb8-4b30-8ea9-868e9da789eb","source_type":"ml"}},{"type":"Feature","geometry":{"type":"Polygon","coordinates":[[[50.3619566,53.5163463],[50.361803,53.5162986],[50.3618763,53.5162152],[50.3620298,53.516263],[50.3619566,53.5163463]]]},"properties":{"id":"91d4ecff-fb74-4eec-aacd-57eb7870a788","source_type":"osm"}},{"type":"Feature","geometry":{"type":"Polygon","coordinates":[[[50.3621535,53.5133465],[50.36219,53.513392],[50.3620982,53.513418],[50.3620617,53.5133725],[50.3621535,53.5133465]]]},"properties":{"id":"f87d2e45-8764-4242-bc65-fe641183413c","source_type":"ml"}},{"type":"Feature","geometry":{"type":"Polygon","coordinates":[[[50.3581434,53.5098327],[50.3580058,53.5097541],[50.3580821,53.5097069],[50.3582197,53.5097855],[50.3581434,53.5098327]]]},"properties":{"id":"3ac17e70-4786-4967-bee2-575ad204d9f5","source_type":"osm"}},{"type":"Feature","geometry":{"type":"Polygon","coordinates":[[[50.3575453,53.5097333],[50.3574584,53.5096692],[50.3575206,53.5096393],[50.3576076,53.5097035],[50.3575453,53.5097333]]]},"properties":{"id":"26926d0e-6d5a-41ac-8e35-d5399bad5101","source_type":"osm"}},{"type":"Feature","geometry":{"type":"Polygon","coordinates":[[[50.3665428,53.5123133],[50.3667416,53.5124515],[50.3666672,53.5124893],[50.3664685,53.5123511],[50.3665428,53.5123133]]]},"properties":{"id":"81a50308-f9ba-479e-af8e-3d3691c443a5","source_type":"ml"}},{"type":"Feature","geometry":{"type":"Polygon","coordinates":[[[50.3680294,53.5120974],[50.3681574,53.512049],[50.3682224,53.5121098],[50.3680945,53.5121582],[50.3680294,53.5120974]]]},"properties":{"id":"e529c031-4caf-4151-9960-7b6c29687fc1","source_type":"ml"}},{"type":"Feature","geometry":{"type":"Polygon","coordinates":[[[50.3675098,53.5128729],[50.3674936,53.5128451],[50.3675463,53.5128343],[50.3675898,53.5129091],[50.3675348,53.5129204],[50.3675074,53.5128734],[50.3675098,53.5128729]]]},"properties":{"id":"8f28121a-6b61-4f90-8ead-a48e442c0789","source_type":"ml"}},{"type":"Feature","geometry":{"type":"Polygon","coordinates":[[[50.365285,53.5140401],[50.3653187,53.5140681],[50.3652112,53.5141139],[50.3651775,53.5140859],[50.365285,53.5140401]]]},"properties":{"id":"a571840f-ec16-4482-a6ed-ecb5df4f916d","source_type":"ml"}},{"type":"Feature","geometry":{"type":"Polygon","coordinates":[[[50.3651169,53.5141321],[50.3650611,53.5141053],[50.3650932,53.5140817],[50.365149,53.5141085],[50.3651169,53.5141321]]]},"properties":{"id":"a60e248b-3114-41c5-ace4-3d60f50d783b","source_type":"ml"}},{"type":"Feature","geometry":{"type":"Polygon","coordinates":[[[50.3637936,53.5135381],[50.3639003,53.5134756],[50.3639915,53.5135307],[50.3638847,53.5135932],[50.3637936,53.5135381]]]},"properties":{"id":"1fe0ea4a-44b7-43d8-882a-28f114880027","source_type":"ml"}},{"type":"Feature","geometry":{"type":"Polygon","coordinates":[[[50.3640211,53.5168389],[50.3640514,53.5167983],[50.3641186,53.5168161],[50.3640884,53.5168566],[50.3640211,53.5168389]]]},"properties":{"id":"1577c878-86fd-4efc-8205-0e9a8d85dd6a","source_type":"ml"}},{"type":"Feature","geometry":{"type":"Polygon","coordinates":[[[50.3647643,53.5159563],[50.3646146,53.5158561],[50.3647585,53.5157801],[50.3649082,53.5158803],[50.3647643,53.5159563]]]},"properties":{"id":"ed762cf0-dee2-45f6-9308-571d6184245c","source_type":"osm"}},{"type":"Feature","geometry":{"type":"Polygon","coordinates":[[[50.364834,53.5159993],[50.364789,53.5159859],[50.364811,53.5159598],[50.364856,53.5159733],[50.364834,53.5159993]]]},"properties":{"id":"5b61b1d1-dff6-4f6d-beba-7c34d6752525","source_type":"ml"}},{"type":"Feature","geometry":{"type":"Polygon","coordinates":[[[50.3666819,53.5149303],[50.3666847,53.5148481],[50.3669032,53.5148507],[50.3669004,53.5149328],[50.3666819,53.5149303]]]},"properties":{"id":"a7e24b88-a632-47dd-9290-994ae209ddd7","source_type":"osm"}},{"type":"Feature","geometry":{"type":"Polygon","coordinates":[[[50.3688404,53.511693],[50.3688763,53.5117359],[50.368786,53.5117626],[50.3687501,53.5117197],[50.3688404,53.511693]]]},"properties":{"id":"0950bc8e-e993-4cc7-944d-cee1da265ce5","source_type":"ml"}},{"type":"Feature","geometry":{"type":"Polygon","coordinates":[[[50.3690597,53.5118091],[50.3690974,53.5118399],[50.3690087,53.5118782],[50.368971,53.5118473],[50.3690597,53.5118091]]]},"properties":{"id":"4406606f-3caf-4e8c-b1ff-3720ea63aa4c","source_type":"ml"}},{"type":"Feature","geometry":{"type":"Polygon","coordinates":[[[50.3687587,53.5116121],[50.3686398,53.5115078],[50.3687342,53.5114698],[50.3687759,53.5115064],[50.3688601,53.5114725],[50.3689372,53.5115402],[50.3687587,53.5116121]]]},"properties":{"id":"98c10b8f-124e-46b1-b6f2-f57631bd123a","source_type":"osm"}},{"type":"Feature","geometry":{"type":"Polygon","coordinates":[[[50.3791319,53.4961669],[50.379179,53.4961932],[50.3791429,53.4962161],[50.3790957,53.4961898],[50.3791319,53.4961669]]]},"properties":{"id":"ed4d9a6d-5325-480c-b819-b4a6e8be4a64","source_type":"ml"}},{"type":"Feature","geometry":{"type":"Polygon","coordinates":[[[50.3808675,53.5084454],[50.3807856,53.5083566],[50.3809343,53.5083081],[50.3810161,53.5083969],[50.3808675,53.5084454]]]},"properties":{"id":"a3f11dcc-7b0d-4204-9894-1fb333bd7225","source_type":"osm"}},{"type":"Feature","geometry":{"type":"Polygon","coordinates":[[[50.3808198,53.5069641],[50.3809794,53.5069196],[50.3811496,53.5071357],[50.3809899,53.5071802],[50.3808198,53.5069641]]]},"properties":{"id":"70806805-19dc-4bcb-a5a6-3fefbb8db29e","source_type":"osm"}},{"type":"Feature","geometry":{"type":"Polygon","coordinates":[[[50.3802225,53.5077053],[50.3803148,53.5076893],[50.3803379,53.5077363],[50.3802456,53.5077523],[50.3802225,53.5077053]]]},"properties":{"id":"f2ebc59c-8aae-48ec-add2-c39b3c3dbded","source_type":"ml"}},{"type":"Feature","geometry":{"type":"Polygon","coordinates":[[[50.3797375,53.5063378],[50.3797238,53.506298],[50.3797779,53.5062914],[50.3797916,53.5063313],[50.3797375,53.5063378]]]},"properties":{"id":"a5f560a2-faf9-4ef3-8eec-f934383879ed","source_type":"ml"}},{"type":"Feature","geometry":{"type":"Polygon","coordinates":[[[50.3797362,53.5068279],[50.3796982,53.5067716],[50.379779,53.5067523],[50.379817,53.5068086],[50.3797362,53.5068279]]]},"properties":{"id":"8dc99d52-fadb-4f97-a217-25478f6aa44e","source_type":"ml"}},{"type":"Feature","geometry":{"type":"Polygon","coordinates":[[[50.3799263,53.5077795],[50.3799573,53.507773],[50.3799749,53.5078028],[50.3798339,53.5078322],[50.3798021,53.5077782],[50.379912,53.5077553],[50.3799263,53.5077795]]]},"properties":{"id":"5be48e73-631c-49ef-a5b1-518797f8217c","source_type":"ml"}},{"type":"Feature","geometry":{"type":"Polygon","coordinates":[[[50.3798801,53.5083538],[50.3797431,53.5081875],[50.3799453,53.5081286],[50.3800822,53.508295],[50.3798801,53.5083538]]]},"properties":{"id":"833ca4b3-ad80-49dc-844f-e7c3b63a9ba4","source_type":"osm"}},{"type":"Feature","geometry":{"type":"Polygon","coordinates":[[[50.3806821,53.5103488],[50.3807545,53.5103502],[50.3807567,53.5103103],[50.3808183,53.5103115],[50.3808151,53.5103689],[50.3807535,53.5103677],[50.3807516,53.5104028],[50.3806792,53.5104013],[50.3806821,53.5103488]]]},"properties":{"id":"8f989f52-7f0f-4f30-b503-77b9cc0d4351","source_type":"ml"}},{"type":"Feature","geometry":{"type":"Polygon","coordinates":[[[50.3801699,53.510741],[50.3802441,53.5107246],[50.3802806,53.5107828],[50.3802063,53.5107992],[50.3801699,53.510741]]]},"properties":{"id":"facfe2ca-4372-4a85-a86f-c1047692f461","source_type":"ml"}},{"type":"Feature","geometry":{"type":"Polygon","coordinates":[[[50.3787044,53.5107004],[50.3788142,53.5106982],[50.3788161,53.5107301],[50.3787062,53.5107323],[50.3787044,53.5107004]]]},"properties":{"id":"738b8bc3-c1d6-4262-b67f-e7e8a9b08dec","source_type":"ml"}},{"type":"Feature","geometry":{"type":"Polygon","coordinates":[[[50.3788895,53.5085469],[50.3787653,53.508423],[50.3789304,53.5083644],[50.3790846,53.5085181],[50.378976,53.5085567],[50.3789461,53.5085268],[50.3788895,53.5085469]]]},"properties":{"id":"a7bc22cf-69e2-406d-90a1-8adc24170063","source_type":"osm"}},{"type":"Feature","geometry":{"type":"Polygon","coordinates":[[[50.3788276,53.5088983],[50.3789234,53.5088641],[50.378964,53.5089044],[50.3788682,53.5089385],[50.3788276,53.5088983]]]},"properties":{"id":"2edd31dd-9d3e-4097-b3b5-678062bec12a","source_type":"osm"}},{"type":"Feature","geometry":{"type":"Polygon","coordinates":[[[50.3785722,53.5066704],[50.3784736,53.5066519],[50.3784944,53.5066127],[50.378593,53.5066312],[50.3785722,53.5066704]]]},"properties":{"id":"95772188-46b2-46b5-8d74-d800003b05d8","source_type":"ml"}},{"type":"Feature","geometry":{"type":"Polygon","coordinates":[[[50.3767866,53.5298679],[50.3766382,53.5298731],[50.3766351,53.529843],[50.3767836,53.5298377],[50.3767866,53.5298679]]]},"properties":{"id":"cf1d37f5-393d-4a32-85db-d6c051167ede","source_type":"ml"}},{"type":"Feature","geometry":{"type":"Polygon","coordinates":[[[50.3798373,53.5313367],[50.3798369,53.5312745],[50.3799255,53.5312743],[50.3799259,53.5313365],[50.3798373,53.5313367]]]},"properties":{"id":"a514c059-8f4d-4c0e-a2e8-4e65f5a99ef1","source_type":"osm"}},{"type":"Feature","geometry":{"type":"Polygon","coordinates":[[[50.3803327,53.5305744],[50.3803327,53.5304663],[50.3806777,53.5304663],[50.3806777,53.5305744],[50.3803327,53.5305744]]]},"properties":{"id":"69f83cc6-72f1-4a74-8272-4ec4b68932c9","source_type":"osm"}},{"type":"Feature","geometry":{"type":"Polygon","coordinates":[[[50.3796436,53.530002],[50.3796451,53.5299367],[50.3798261,53.5299381],[50.3798246,53.5300035],[50.3796436,53.530002]]]},"properties":{"id":"7d2e8c08-45c1-49b9-8b47-16bea17261af","source_type":"osm"}},{"type":"Feature","geometry":{"type":"Polygon","coordinates":[[[50.3593481,53.525833],[50.3594008,53.5258534],[50.3593652,53.5258859],[50.3593125,53.5258654],[50.3593481,53.525833]]]},"properties":{"id":"38c8fe74-cd57-480b-aa1f-2c60c5a43bea","source_type":"ml"}},{"type":"Feature","geometry":{"type":"Polygon","coordinates":[[[50.3585544,53.5249402],[50.3586361,53.5249864],[50.3586034,53.5250068],[50.3585217,53.5249607],[50.3585544,53.5249402]]]},"properties":{"id":"85649721-cb9c-4239-9415-605de58c3ed9","source_type":"ml"}},{"type":"Feature","geometry":{"type":"Polygon","coordinates":[[[50.3550334,53.5291613],[50.3548901,53.5291338],[50.3549782,53.5289714],[50.3551216,53.5289989],[50.3550334,53.5291613]]]},"properties":{"id":"ce70102b-da6c-4e60-87bc-8aba4d07c630","source_type":"ml"}},{"type":"Feature","geometry":{"type":"Polygon","coordinates":[[[50.3548097,53.5283029],[50.3546279,53.5282646],[50.3546848,53.5281692],[50.3549633,53.528228],[50.3549336,53.5282777],[50.3548369,53.5282573],[50.3548097,53.5283029]]]},"properties":{"id":"797c1c71-de29-4c8e-838f-46df7bc36ef4","source_type":"osm"}},{"type":"Feature","geometry":{"type":"Polygon","coordinates":[[[50.3559491,53.5274644],[50.3558401,53.5274488],[50.3558542,53.5274142],[50.3559632,53.5274298],[50.3559491,53.5274644]]]},"properties":{"id":"4454e75e-dc7f-4da8-8466-27ad59f79b59","source_type":"ml"}},{"type":"Feature","geometry":{"type":"Polygon","coordinates":[[[50.3560117,53.5269952],[50.3560316,53.5269696],[50.3560965,53.5269875],[50.3560765,53.5270131],[50.3560117,53.5269952]]]},"properties":{"id":"412abd2c-bcb9-43e1-91bf-d69d0f6faa11","source_type":"ml"}},{"type":"Feature","geometry":{"type":"Polygon","coordinates":[[[50.3558724,53.5239274],[50.3560448,53.5239747],[50.3559989,53.5240339],[50.3558265,53.5239865],[50.3558724,53.5239274]]]},"properties":{"id":"e7c27a2e-2909-40da-8366-aeae2c44a55b","source_type":"ml"}},{"type":"Feature","geometry":{"type":"Polygon","coordinates":[[[50.3547691,53.5258466],[50.354797,53.5258156],[50.3548771,53.5258411],[50.3548492,53.5258721],[50.3547691,53.5258466]]]},"properties":{"id":"70d6ad57-cf86-465a-b154-ac1753fe87a3","source_type":"ml"}},{"type":"Feature","geometry":{"type":"Polygon","coordinates":[[[50.3550971,53.526509],[50.3551221,53.5264758],[50.3551891,53.5264937],[50.3551641,53.5265269],[50.3550971,53.526509]]]},"properties":{"id":"ac51314c-d0f7-4e14-91f7-a1b573149859","source_type":"ml"}},{"type":"Feature","geometry":{"type":"Polygon","coordinates":[[[50.3552893,53.5279967],[50.3554234,53.5280305],[50.3553934,53.5280724],[50.3552594,53.5280385],[50.3552893,53.5279967]]]},"properties":{"id":"f72e89c2-5181-4d25-91b0-425a4622c362","source_type":"ml"}},{"type":"Feature","geometry":{"type":"Polygon","coordinates":[[[50.3540754,53.5262314],[50.354149,53.5261245],[50.3542575,53.5261509],[50.3542342,53.5261848],[50.3542815,53.5261963],[50.3542312,53.5262693],[50.3540754,53.5262314]]]},"properties":{"id":"406b2b87-7c2a-491a-8f23-246611b619ee","source_type":"osm"}},{"type":"Feature","geometry":{"type":"Polygon","coordinates":[[[50.3535341,53.5253729],[50.3535393,53.5253088],[50.353757,53.5253151],[50.3537517,53.5253793],[50.3535341,53.5253729]]]},"properties":{"id":"4d7db152-9051-4a7c-be19-2a5df778bf60","source_type":"osm"}},{"type":"Feature","geometry":{"type":"Polygon","coordinates":[[[50.3530808,53.5258075],[50.3531336,53.5257311],[50.3532277,53.5257541],[50.3531749,53.5258305],[50.3530808,53.5258075]]]},"properties":{"id":"cb3f33f4-5010-4354-893e-9150f2478fda","source_type":"ml"}},{"type":"Feature","geometry":{"type":"Polygon","coordinates":[[[50.3527019,53.524222],[50.3526297,53.5242966],[50.3524235,53.5242261],[50.3524956,53.5241515],[50.3527019,53.524222]]]},"properties":{"id":"59d593e8-7460-4a8b-b5d2-7b0ac78c8c7e","source_type":"osm"}},{"type":"Feature","geometry":{"type":"Polygon","coordinates":[[[50.3523292,53.5248013],[50.3523647,53.5247543],[50.3524619,53.5247802],[50.3524265,53.5248272],[50.3523292,53.5248013]]]},"properties":{"id":"3859196d-70a5-4821-b607-c655a4d7ad0b","source_type":"ml"}},{"type":"Feature","geometry":{"type":"Polygon","coordinates":[[[50.3521532,53.5250845],[50.3521736,53.5250355],[50.3522533,53.5250472],[50.3522329,53.5250962],[50.3521532,53.5250845]]]},"properties":{"id":"76420674-f641-46bb-a1f5-c09105deb3f2","source_type":"ml"}},{"type":"Feature","geometry":{"type":"Polygon","coordinates":[[[50.3528744,53.5281868],[50.3526308,53.5281263],[50.3526887,53.528044],[50.3528001,53.5280716],[50.3528119,53.5280548],[50.3529441,53.5280876],[50.3528744,53.5281868]]]},"properties":{"id":"b8faab89-f035-4cd6-add8-3156c0cfedee","source_type":"osm"}},{"type":"Feature","geometry":{"type":"Polygon","coordinates":[[[50.3520312,53.5273063],[50.3522113,53.5273405],[50.352188,53.5273839],[50.3520079,53.5273497],[50.3520312,53.5273063]]]},"properties":{"id":"6b19b553-aaa4-4866-8745-d12278034090","source_type":"ml"}},{"type":"Feature","geometry":{"type":"Polygon","coordinates":[[[50.352651,53.5285464],[50.3524601,53.5284937],[50.3525239,53.5284119],[50.3527149,53.5284645],[50.352651,53.5285464]]]},"properties":{"id":"31367868-9c9b-435c-92e0-37ecdd90e89f","source_type":"osm"}},{"type":"Feature","geometry":{"type":"Polygon","coordinates":[[[50.3531438,53.5282574],[50.3530424,53.5282351],[50.3530705,53.5281899],[50.3531067,53.5281979],[50.3531477,53.528132],[50.3533074,53.5281671],[50.3532029,53.5283349],[50.3531084,53.5283142],[50.3531438,53.5282574]]]},"properties":{"id":"286429d3-0398-4dba-ad1d-2cdb70c62d13","source_type":"osm"}},{"type":"Feature","geometry":{"type":"Polygon","coordinates":[[[50.3202522,53.5022799],[50.3202368,53.5022474],[50.3203361,53.5022307],[50.3203516,53.5022632],[50.3202522,53.5022799]]]},"properties":{"id":"ecd5b89e-8cbe-413a-81d7-4857f5688bfc","source_type":"ml"}},{"type":"Feature","geometry":{"type":"Polygon","coordinates":[[[50.320332,53.5033633],[50.3203897,53.503362],[50.3203947,53.5034408],[50.320337,53.5034421],[50.320332,53.5033633]]]},"properties":{"id":"b4559c05-b1df-48be-b920-066c9582476b","source_type":"ml"}},{"type":"Feature","geometry":{"type":"Polygon","coordinates":[[[50.3202699,53.5037298],[50.3202149,53.5035442],[50.3203589,53.5035291],[50.320414,53.5037147],[50.3202699,53.5037298]]]},"properties":{"id":"c4afe66d-a430-4331-87b3-852bae500520","source_type":"osm"}},{"type":"Feature","geometry":{"type":"Polygon","coordinates":[[[50.3200796,53.5034414],[50.3200925,53.5035036],[50.3200343,53.5035079],[50.3200215,53.5034457],[50.3200796,53.5034414]]]},"properties":{"id":"d49b0b5e-f7cc-4e0c-8a19-1364cdf8a87f","source_type":"ml"}},{"type":"Feature","geometry":{"type":"Polygon","coordinates":[[[50.3202641,53.5043574],[50.320269,53.5043954],[50.320181,53.5043995],[50.3201761,53.5043614],[50.3202641,53.5043574]]]},"properties":{"id":"b88f3169-43e4-4c5f-84b0-93b5420cc41b","source_type":"ml"}},{"type":"Feature","geometry":{"type":"Polygon","coordinates":[[[50.3204866,53.5269142],[50.3203386,53.5269514],[50.3202845,53.5268754],[50.3204325,53.5268382],[50.3204866,53.5269142]]]},"properties":{"id":"a5c902a0-a28f-4741-9697-243b12cb11b5","source_type":"osm"}},{"type":"Feature","geometry":{"type":"Polygon","coordinates":[[[50.3204234,53.5295142],[50.3202689,53.5295502],[50.320219,53.5294747],[50.3203735,53.5294386],[50.3204234,53.5295142]]]},"properties":{"id":"1261ce55-3093-43ed-8c38-3e3f5559f516","source_type":"osm"}},{"type":"Feature","geometry":{"type":"Polygon","coordinates":[[[50.3514248,53.5260441],[50.3513741,53.5260328],[50.3514028,53.5259872],[50.3514536,53.5259985],[50.3514248,53.5260441]]]},"properties":{"id":"01f3d947-e89d-4d44-82f5-97675c004966","source_type":"ml"}},{"type":"Feature","geometry":{"type":"Polygon","coordinates":[[[50.3509469,53.5260772],[50.3509478,53.5260485],[50.3510336,53.5260494],[50.3510327,53.5260781],[50.3509469,53.5260772]]]},"properties":{"id":"2dad72d8-1471-47b1-b2d1-4ae11fcc2dc6","source_type":"ml"}},{"type":"Feature","geometry":{"type":"Polygon","coordinates":[[[50.3500226,53.5252823],[50.3498858,53.5252398],[50.3499696,53.5251444],[50.3501065,53.5251869],[50.3500226,53.5252823]]]},"properties":{"id":"62997a7b-4e43-4bc7-bd3f-f55c204b9274","source_type":"osm"}},{"type":"Feature","geometry":{"type":"Polygon","coordinates":[[[50.3502103,53.5249963],[50.3499548,53.5249337],[50.3499886,53.524885],[50.3500397,53.5248975],[50.3500604,53.5248678],[50.3502647,53.5249179],[50.3502103,53.5249963]]]},"properties":{"id":"c13e1a20-448a-4293-9057-e9d9f8041139","source_type":"osm"}},{"type":"Feature","geometry":{"type":"Polygon","coordinates":[[[50.3501667,53.5273987],[50.350058,53.5276136],[50.3499768,53.5275991],[50.3500855,53.5273842],[50.3501667,53.5273987]]]},"properties":{"id":"a558f189-b21d-41a9-8a1e-c3a340f184cb","source_type":"ml"}},{"type":"Feature","geometry":{"type":"Polygon","coordinates":[[[50.348787,53.5256742],[50.3486591,53.5256463],[50.3487147,53.5255562],[50.3488425,53.525584],[50.348787,53.5256742]]]},"properties":{"id":"04e4892a-209c-4a83-8e05-7df30656f4d6","source_type":"osm"}},{"type":"Feature","geometry":{"type":"Polygon","coordinates":[[[50.3481619,53.5301081],[50.3482209,53.5301264],[50.3482044,53.5301452],[50.3481454,53.5301269],[50.3481619,53.5301081]]]},"properties":{"id":"50d58c6c-882e-4f66-819b-b5a89f9da68c","source_type":"ml"}},{"type":"Feature","geometry":{"type":"Polygon","coordinates":[[[50.3491677,53.5295616],[50.3492492,53.5295743],[50.3492361,53.5296041],[50.3491546,53.5295915],[50.3491677,53.5295616]]]},"properties":{"id":"97502b0d-b4d6-4cff-aeef-28ea7ba33a67","source_type":"ml"}},{"type":"Feature","geometry":{"type":"Polygon","coordinates":[[[50.3473628,53.5270869],[50.3474068,53.5269998],[50.3474855,53.5270138],[50.3474415,53.5271009],[50.3473628,53.5270869]]]},"properties":{"id":"424828c5-afa9-41cd-9fb5-204077f434a4","source_type":"ml"}},{"type":"Feature","geometry":{"type":"Polygon","coordinates":[[[50.3467781,53.5274621],[50.346828,53.5274635],[50.346824,53.527516],[50.3467741,53.5275146],[50.3467781,53.5274621]]]},"properties":{"id":"86508ab9-ad1e-4aaf-bbbe-d233c8d41713","source_type":"ml"}},{"type":"Feature","geometry":{"type":"Polygon","coordinates":[[[50.3422913,53.5307287],[50.34234,53.5307437],[50.3423071,53.5307814],[50.3422585,53.5307664],[50.3422913,53.5307287]]]},"properties":{"id":"861ae33a-0369-4b06-8313-0d9cfe55b110","source_type":"ml"}},{"type":"Feature","geometry":{"type":"Polygon","coordinates":[[[50.3429366,53.5269614],[50.3427975,53.5269345],[50.342857,53.5268257],[50.3429961,53.5268526],[50.3429366,53.5269614]]]},"properties":{"id":"4e8ece68-926e-43ed-81be-644e5a9d2db4","source_type":"osm"}},{"type":"Feature","geometry":{"type":"Polygon","coordinates":[[[50.3415865,53.5263071],[50.34144,53.5262797],[50.3415013,53.5261641],[50.3416477,53.5261915],[50.3415865,53.5263071]]]},"properties":{"id":"f066ad18-cef8-4ed6-8c93-b7aaf067b50c","source_type":"osm"}},{"type":"Feature","geometry":{"type":"Polygon","coordinates":[[[50.3406934,53.5261666],[50.3406345,53.5261179],[50.3407589,53.5260648],[50.3408177,53.5261135],[50.3406934,53.5261666]]]},"properties":{"id":"b2fc35c2-d3b7-449f-94a8-0eb64a5aeb20","source_type":"osm"}},{"type":"Feature","geometry":{"type":"Polygon","coordinates":[[[50.3403276,53.529904],[50.3401701,53.5298587],[50.3402473,53.5297637],[50.3404049,53.529809],[50.3403276,53.529904]]]},"properties":{"id":"1056d044-f70d-4d43-a6d1-632d6f0b4f8c","source_type":"osm"}},{"type":"Feature","geometry":{"type":"Polygon","coordinates":[[[50.3386659,53.5290703],[50.3385597,53.529043],[50.3385813,53.5290135],[50.3386874,53.5290408],[50.3386659,53.5290703]]]},"properties":{"id":"4ddbc5c0-a211-40ae-898f-e530fea4bab6","source_type":"ml"}},{"type":"Feature","geometry":{"type":"Polygon","coordinates":[[[50.3391716,53.5297329],[50.3392534,53.5297536],[50.3392399,53.5297725],[50.3391581,53.5297518],[50.3391716,53.5297329]]]},"properties":{"id":"6c52c2c2-6bcd-449b-8c04-1a4c90e9df86","source_type":"ml"}},{"type":"Feature","geometry":{"type":"Polygon","coordinates":[[[50.3225475,53.5312665],[50.3224503,53.5311636],[50.3225783,53.5311208],[50.3226755,53.5312238],[50.3225475,53.5312665]]]},"properties":{"id":"9f4fe4e0-d63f-4d7d-855b-e0b261a0a4f8","source_type":"osm"}},{"type":"Feature","geometry":{"type":"Polygon","coordinates":[[[50.3218622,53.5314667],[50.3217083,53.531518],[50.3216414,53.5314473],[50.3217954,53.5313959],[50.3218622,53.5314667]]]},"properties":{"id":"085706e3-1694-4b27-bcae-39a4725b60c7","source_type":"osm"}},{"type":"Feature","geometry":{"type":"Polygon","coordinates":[[[50.3219171,53.5308407],[50.3217334,53.5308847],[50.3216811,53.5308075],[50.3218648,53.5307635],[50.3219171,53.5308407]]]},"properties":{"id":"32a4a91b-cf08-4dc1-8e90-7e1dbc2722fe","source_type":"osm"}},{"type":"Feature","geometry":{"type":"Polygon","coordinates":[[[50.3279532,53.5036527],[50.3279364,53.5035723],[50.3281249,53.5035584],[50.3281378,53.5036202],[50.3280645,53.5036256],[50.3280684,53.5036442],[50.3279532,53.5036527]]]},"properties":{"id":"da7cc6ec-4e39-40b3-ace1-0d0f283fda69","source_type":"osm"}},{"type":"Feature","geometry":{"type":"Polygon","coordinates":[[[50.3258312,53.5039754],[50.3258354,53.5040535],[50.3257911,53.5040543],[50.3257869,53.5039762],[50.3258312,53.5039754]]]},"properties":{"id":"d25543f8-3390-4e2c-9167-327ab7f51205","source_type":"ml"}},{"type":"Feature","geometry":{"type":"Polygon","coordinates":[[[50.3244915,53.5039353],[50.3243441,53.5039446],[50.3243247,53.5038351],[50.324472,53.5038258],[50.3244915,53.5039353]]]},"properties":{"id":"8ad449c9-4f1c-494e-baed-1ca094cb9781","source_type":"osm"}},{"type":"Feature","geometry":{"type":"Polygon","coordinates":[[[50.3217064,53.5033224],[50.3214723,53.5033283],[50.3214689,53.5032812],[50.3217031,53.5032754],[50.3217064,53.5033224]]]},"properties":{"id":"357d43aa-ef42-4941-9e3b-5727918de4c9","source_type":"ml"}},{"type":"Feature","geometry":{"type":"Polygon","coordinates":[[[50.3209846,53.5033053],[50.3209806,53.5033682],[50.3209229,53.5033669],[50.3209268,53.503304],[50.3209846,53.5033053]]]},"properties":{"id":"234c2c32-08bc-46a3-ae0a-1788283d41f5","source_type":"ml"}},{"type":"Feature","geometry":{"type":"Polygon","coordinates":[[[50.3220869,53.5029295],[50.3220801,53.5029689],[50.3219527,53.5029612],[50.3219595,53.5029218],[50.3220869,53.5029295]]]},"properties":{"id":"178fbf22-b5ab-4bb5-8cbc-464b4c68363a","source_type":"ml"}},{"type":"Feature","geometry":{"type":"Polygon","coordinates":[[[50.3220421,53.5042541],[50.3220462,53.504313],[50.3219713,53.5043148],[50.3219672,53.5042559],[50.3220421,53.5042541]]]},"properties":{"id":"386f0bf6-986b-4c8b-8ec2-13eca4da0739","source_type":"ml"}},{"type":"Feature","geometry":{"type":"Polygon","coordinates":[[[50.3224165,53.5031639],[50.3225266,53.5031477],[50.3225463,53.503195],[50.3224362,53.5032112],[50.3224165,53.5031639]]]},"properties":{"id":"df741b57-8f16-4b30-b95d-b8a8dea2038c","source_type":"ml"}},{"type":"Feature","geometry":{"type":"Polygon","coordinates":[[[50.323635,53.4974974],[50.3235614,53.4974955],[50.323565,53.4974485],[50.3236386,53.4974504],[50.323635,53.4974974]]]},"properties":{"id":"6f221e75-3c89-467d-a371-65b139f764b7","source_type":"ml"}},{"type":"Feature","geometry":{"type":"Polygon","coordinates":[[[50.3303301,53.5034576],[50.3303309,53.5033985],[50.3303979,53.5033989],[50.3303971,53.5034579],[50.3303301,53.5034576]]]},"properties":{"id":"b071ec1c-3a98-464c-b1d8-ec0deba6d3d3","source_type":"ml"}},{"type":"Feature","geometry":{"type":"Polygon","coordinates":[[[50.3298677,53.5029517],[50.3299328,53.5029475],[50.3299384,53.5029781],[50.3298733,53.5029823],[50.3298677,53.5029517]]]},"properties":{"id":"06aef838-5197-4d6a-b58a-66d3683c7b62","source_type":"ml"}},{"type":"Feature","geometry":{"type":"Polygon","coordinates":[[[50.3299502,53.5028872],[50.3300172,53.5028878],[50.3300165,53.5029149],[50.3299495,53.5029143],[50.3299502,53.5028872]]]},"properties":{"id":"1ce864b4-7200-40bc-a802-d844ced52f05","source_type":"ml"}},{"type":"Feature","geometry":{"type":"Polygon","coordinates":[[[50.3301264,53.5030328],[50.3301134,53.5029544],[50.3302135,53.5029486],[50.3302265,53.5030269],[50.3301264,53.5030328]]]},"properties":{"id":"f37af23c-1e4e-4179-b64e-0dc400432a55","source_type":"osm"}},{"type":"Feature","geometry":{"type":"Polygon","coordinates":[[[50.3311657,53.5036351],[50.3310531,53.5036373],[50.3310504,53.5035872],[50.3311629,53.503585],[50.3311657,53.5036351]]]},"properties":{"id":"fcb80279-a8ae-4630-ae4c-23f9de16e84a","source_type":"ml"}},{"type":"Feature","geometry":{"type":"Polygon","coordinates":[[[50.3310534,53.5035101],[50.3310476,53.5033806],[50.3312147,53.5033779],[50.3312173,53.5034346],[50.3313223,53.5034329],[50.3313255,53.5035057],[50.3310534,53.5035101]]]},"properties":{"id":"a3e9ccb9-3734-4a2c-bd64-38affef6d236","source_type":"osm"}},{"type":"Feature","geometry":{"type":"Polygon","coordinates":[[[50.3312169,53.5036645],[50.3312179,53.5036422],[50.3313171,53.5036438],[50.3313161,53.5036661],[50.3312169,53.5036645]]]},"properties":{"id":"737eacfe-a01b-482e-916d-2e42b3c6c08b","source_type":"ml"}},{"type":"Feature","geometry":{"type":"Polygon","coordinates":[[[50.3319567,53.5034177],[50.3319518,53.5033348],[50.3321205,53.5033313],[50.3321254,53.5034142],[50.3319567,53.5034177]]]},"properties":{"id":"6bd8896c-9c5e-45de-ac33-7516ddc84b70","source_type":"osm"}},{"type":"Feature","geometry":{"type":"Polygon","coordinates":[[[50.3343488,53.5007912],[50.3342525,53.5007888],[50.3342545,53.5007601],[50.3343509,53.5007625],[50.3343488,53.5007912]]]},"properties":{"id":"8f5d9bab-4992-40ce-a3cc-13ddf6a116ba","source_type":"ml"}},{"type":"Feature","geometry":{"type":"Polygon","coordinates":[[[50.3337847,53.5006986],[50.3337952,53.5006064],[50.3338525,53.5006087],[50.3338544,53.5005915],[50.3339625,53.5005958],[50.3339502,53.5007052],[50.3337847,53.5006986]]]},"properties":{"id":"a25b5222-59e2-4c25-9d51-3076c199a5be","source_type":"osm"}},{"type":"Feature","geometry":{"type":"Polygon","coordinates":[[[50.3329602,53.5028416],[50.3329516,53.5027914],[50.3331178,53.5027813],[50.3331264,53.5028316],[50.3329602,53.5028416]]]},"properties":{"id":"58adf94a-0ded-41c4-8832-1a96000d8afb","source_type":"osm"}},{"type":"Feature","geometry":{"type":"Polygon","coordinates":[[[50.3330986,53.5035912],[50.3330517,53.5035902],[50.3330535,53.5035599],[50.3331004,53.5035609],[50.3330986,53.5035912]]]},"properties":{"id":"fc9d013a-b76a-406f-b966-f7d18d34c779","source_type":"ml"}},{"type":"Feature","geometry":{"type":"Polygon","coordinates":[[[50.3326032,53.5034949],[50.3326021,53.503522],[50.332519,53.5035209],[50.3325201,53.5034937],[50.3326032,53.5034949]]]},"properties":{"id":"db423849-0228-47ed-bcd1-7c3edac54d1f","source_type":"ml"}},{"type":"Feature","geometry":{"type":"Polygon","coordinates":[[[50.3336437,53.5058741],[50.3336376,53.5059273],[50.3335949,53.5059256],[50.333601,53.5058724],[50.3336437,53.5058741]]]},"properties":{"id":"f1f1a208-e95a-4172-9cfe-fc2b4c3c0314","source_type":"ml"}},{"type":"Feature","geometry":{"type":"Polygon","coordinates":[[[50.3339858,53.5052972],[50.3339829,53.5051856],[50.3340687,53.5051848],[50.3340694,53.5052135],[50.3341097,53.5052131],[50.3341106,53.5052506],[50.3340677,53.505251],[50.334069,53.5052964],[50.3339858,53.5052972]]]},"properties":{"id":"a932e74d-3956-4ba7-8fff-49b0a0189b74","source_type":"ml"}},{"type":"Feature","geometry":{"type":"Polygon","coordinates":[[[50.3340725,53.5050548],[50.3340775,53.5051425],[50.3339918,53.5051442],[50.3339867,53.5050566],[50.3340725,53.5050548]]]},"properties":{"id":"2ee6d4c1-de91-4dd2-a2d7-f33e043e641a","source_type":"ml"}},{"type":"Feature","geometry":{"type":"Polygon","coordinates":[[[50.3352241,53.5033921],[50.3350628,53.5033909],[50.3350658,53.5032507],[50.3352272,53.5032519],[50.3352241,53.5033921]]]},"properties":{"id":"8c89bba8-2c0d-43d8-8053-59ac3255e86d","source_type":"osm"}},{"type":"Feature","geometry":{"type":"Polygon","coordinates":[[[50.3353406,53.5033389],[50.3353364,53.5033969],[50.3352306,53.5033942],[50.3352348,53.5033362],[50.3353406,53.5033389]]]},"properties":{"id":"f6343762-3af8-45ff-8027-91a67bddef3a","source_type":"ml"}},{"type":"Feature","geometry":{"type":"Polygon","coordinates":[[[50.3354862,53.5010712],[50.3354849,53.5011174],[50.3353991,53.5011166],[50.3354004,53.5010703],[50.3354862,53.5010712]]]},"properties":{"id":"bc9e2fad-f267-404b-900c-e19beb576ab4","source_type":"ml"}},{"type":"Feature","geometry":{"type":"Polygon","coordinates":[[[50.3409703,53.5003938],[50.3409712,53.5002753],[50.3410883,53.5002756],[50.341088,53.5003188],[50.3411624,53.500319],[50.3411619,53.5003943],[50.3409703,53.5003938]]]},"properties":{"id":"be7d5668-f02d-45c0-8ee1-b2265b819fd0","source_type":"osm"}},{"type":"Feature","geometry":{"type":"Polygon","coordinates":[[[50.3428091,53.5004323],[50.3426563,53.5004316],[50.3426575,53.5003409],[50.3428103,53.5003416],[50.3428091,53.5004323]]]},"properties":{"id":"da6d4b6f-f1f5-4f1c-ad44-fb8ec6c1e3d1","source_type":"osm"}},{"type":"Feature","geometry":{"type":"Polygon","coordinates":[[[50.3423928,53.5034347],[50.342395,53.5033878],[50.3424647,53.5033889],[50.3424625,53.5034358],[50.3423928,53.5034347]]]},"properties":{"id":"d687e4f6-fba2-45fa-8557-124b95a2aea9","source_type":"ml"}},{"type":"Feature","geometry":{"type":"Polygon","coordinates":[[[50.3434277,53.5033176],[50.343429,53.5031919],[50.343551,53.5031923],[50.3435497,53.5033181],[50.3434277,53.5033176]]]},"properties":{"id":"a828a017-10e2-45d1-97c4-70b5d7b8a163","source_type":"osm"}},{"type":"Feature","geometry":{"type":"Polygon","coordinates":[[[50.3413507,53.5033073],[50.341353,53.5033535],[50.3412845,53.5033547],[50.3412822,53.5033085],[50.3413507,53.5033073]]]},"properties":{"id":"dec60659-390b-41ef-a96b-ab1a0af4a285","source_type":"ml"}},{"type":"Feature","geometry":{"type":"Polygon","coordinates":[[[50.3382903,53.5034371],[50.3382965,53.5033661],[50.3383592,53.5033681],[50.3383616,53.5033408],[50.3384098,53.5033423],[50.3384074,53.5033686],[50.3384674,53.5033705],[50.3384611,53.5034424],[50.3382903,53.5034371]]]},"properties":{"id":"bf3fc4f3-b43b-404d-9378-2eaa037cf442","source_type":"osm"}},{"type":"Feature","geometry":{"type":"Polygon","coordinates":[[[50.3382065,53.5024016],[50.3383416,53.5023988],[50.3383447,53.5024503],[50.3382096,53.5024532],[50.3382065,53.5024016]]]},"properties":{"id":"3eb80771-aec7-4bca-8990-4ce07c6750ec","source_type":"ml"}},{"type":"Feature","geometry":{"type":"Polygon","coordinates":[[[50.3400784,53.5022156],[50.3400603,53.5023133],[50.3400047,53.5023097],[50.3400228,53.5022119],[50.3400784,53.5022156]]]},"properties":{"id":"ddb0aad3-1554-4aa2-95da-cb157621c6da","source_type":"ml"}},{"type":"Feature","geometry":{"type":"Polygon","coordinates":[[[50.3400399,53.5005818],[50.3401026,53.5005831],[50.3400995,53.5006378],[50.3400369,53.5006366],[50.3400399,53.5005818]]]},"properties":{"id":"c30b33b6-95fa-462a-9b43-92f1b45fb1b0","source_type":"ml"}},{"type":"Feature","geometry":{"type":"Polygon","coordinates":[[[50.3369483,53.5034447],[50.3368855,53.5034432],[50.3368907,53.5033674],[50.3369535,53.5033689],[50.3369483,53.5034447]]]},"properties":{"id":"f92f39bc-14ed-4506-a27b-0c93aa11b32f","source_type":"ml"}},{"type":"Feature","geometry":{"type":"Polygon","coordinates":[[[50.3368412,53.5035705],[50.3368421,53.5035921],[50.3367563,53.5035934],[50.3367554,53.5035718],[50.3368412,53.5035705]]]},"properties":{"id":"068061b3-1bc1-4a4d-a167-b18e815cac9d","source_type":"ml"}},{"type":"Feature","geometry":{"type":"Polygon","coordinates":[[[50.3440931,53.5024899],[50.3441279,53.502491],[50.3441253,53.5025188],[50.3439889,53.5025143],[50.3439936,53.5024643],[50.3440952,53.5024676],[50.3440931,53.5024899]]]},"properties":{"id":"61afe383-fb92-49e7-95fe-394c304e7d5c","source_type":"ml"}},{"type":"Feature","geometry":{"type":"Polygon","coordinates":[[[50.3548398,53.5040721],[50.3548142,53.5040088],[50.3550076,53.5039811],[50.3550332,53.5040444],[50.3548398,53.5040721]]]},"properties":{"id":"83a0a43b-9024-47d4-8119-18a932e4663e","source_type":"osm"}},{"type":"Feature","geometry":{"type":"Polygon","coordinates":[[[50.3524243,53.5032338],[50.3523356,53.5032659],[50.3522451,53.5031776],[50.3523338,53.5031454],[50.3524243,53.5032338]]]},"properties":{"id":"92a03648-6253-48a0-adab-5214a64b5ba2","source_type":"osm"}},{"type":"Feature","geometry":{"type":"Polygon","coordinates":[[[50.3545001,53.507789],[50.3543433,53.5078615],[50.354183,53.5077389],[50.3543397,53.5076664],[50.3545001,53.507789]]]},"properties":{"id":"d9ecafc0-72a5-4a54-a13f-e50dfe5acbf9","source_type":"osm"}},{"type":"Feature","geometry":{"type":"Polygon","coordinates":[[[50.3540803,53.5071778],[50.353931,53.5071857],[50.353921,53.507118],[50.3540702,53.5071102],[50.3540803,53.5071778]]]},"properties":{"id":"78722e99-b591-4e0a-aac1-efffbcb01dae","source_type":"osm"}},{"type":"Feature","geometry":{"type":"Polygon","coordinates":[[[50.3565548,53.508521],[50.3564745,53.5084525],[50.3565541,53.5084195],[50.3566344,53.508488],[50.3565548,53.508521]]]},"properties":{"id":"3fb6c73b-2341-4c95-813b-34b8d5835ac7","source_type":"osm"}},{"type":"Feature","geometry":{"type":"Polygon","coordinates":[[[50.3557406,53.5088941],[50.3556496,53.5088268],[50.3557172,53.5087944],[50.3558082,53.5088617],[50.3557406,53.5088941]]]},"properties":{"id":"5251003a-d195-460c-abef-7bd210515836","source_type":"osm"}},{"type":"Feature","geometry":{"type":"Polygon","coordinates":[[[50.3545004,53.5225463],[50.3544481,53.5225412],[50.3544688,53.522466],[50.3545211,53.522471],[50.3545004,53.5225463]]]},"properties":{"id":"8a22381e-26a2-4811-9e5d-db1d3aa29076","source_type":"ml"}},{"type":"Feature","geometry":{"type":"Polygon","coordinates":[[[50.3556625,53.5230832],[50.3557464,53.5231096],[50.3556356,53.5232343],[50.3556629,53.5232428],[50.3556286,53.5232815],[50.3554377,53.5232216],[50.355477,53.5231773],[50.3555567,53.5232023],[50.3556625,53.5230832]]]},"properties":{"id":"cf1ee637-84a4-40d1-963f-77c9186e7fbe","source_type":"ml"}},{"type":"Feature","geometry":{"type":"Polygon","coordinates":[[[50.355923,53.5232853],[50.3557314,53.5232227],[50.3557783,53.523172],[50.3558233,53.5231867],[50.3558792,53.5231263],[50.3559829,53.5231601],[50.3559075,53.5232417],[50.3559504,53.5232557],[50.355923,53.5232853]]]},"properties":{"id":"ba010a3e-fbe1-45a9-91ba-334080b8d09c","source_type":"osm"}},{"type":"Feature","geometry":{"type":"Polygon","coordinates":[[[50.3566135,53.5237441],[50.3566304,53.5237194],[50.3566983,53.5237358],[50.3566814,53.5237605],[50.3566135,53.5237441]]]},"properties":{"id":"8546c221-b4f4-4280-be5c-5f240ee16638","source_type":"ml"}},{"type":"Feature","geometry":{"type":"Polygon","coordinates":[[[50.3567008,53.5237257],[50.3566505,53.5237114],[50.3566714,53.5236854],[50.3567216,53.5236997],[50.3567008,53.5237257]]]},"properties":{"id":"65851ad4-8fb3-4c3f-b9c1-181a3ee043c2","source_type":"ml"}},{"type":"Feature","geometry":{"type":"Polygon","coordinates":[[[50.3598376,53.5182637],[50.3599265,53.5182528],[50.3599582,53.5183446],[50.3598693,53.5183555],[50.3598376,53.5182637]]]},"properties":{"id":"d291d74c-fb5f-4da5-9a24-b9727c01e47c","source_type":"ml"}},{"type":"Feature","geometry":{"type":"Polygon","coordinates":[[[50.3574573,53.5210232],[50.3574758,53.5209866],[50.3575234,53.5209951],[50.357505,53.5210317],[50.3574573,53.5210232]]]},"properties":{"id":"3759d5d7-04a1-4dbc-a920-f106cc7aa914","source_type":"ml"}},{"type":"Feature","geometry":{"type":"Polygon","coordinates":[[[50.3574795,53.5216694],[50.3573114,53.5216189],[50.3573933,53.5215225],[50.3575614,53.5215731],[50.3574795,53.5216694]]]},"properties":{"id":"e251de64-1e6d-446a-a14a-151e852db708","source_type":"osm"}},{"type":"Feature","geometry":{"type":"Polygon","coordinates":[[[50.3576393,53.5229721],[50.3573811,53.5228834],[50.3574767,53.5227851],[50.3577349,53.5228738],[50.3576393,53.5229721]]]},"properties":{"id":"d556cb70-d8eb-48f5-8a04-c2b6e31fbdfb","source_type":"osm"}},{"type":"Feature","geometry":{"type":"Polygon","coordinates":[[[50.3584253,53.5226629],[50.3584718,53.5225869],[50.3585571,53.5226054],[50.3585105,53.5226814],[50.3584253,53.5226629]]]},"properties":{"id":"e5cbba6c-7a66-4cd6-9b22-154b296350b0","source_type":"ml"}},{"type":"Feature","geometry":{"type":"Polygon","coordinates":[[[50.3596809,53.5219858],[50.3595831,53.5219647],[50.3596592,53.5218403],[50.3597571,53.5218615],[50.3596809,53.5219858]]]},"properties":{"id":"24122fd5-65a3-4cc8-a5e9-e8a17d036d8d","source_type":"osm"}},{"type":"Feature","geometry":{"type":"Polygon","coordinates":[[[50.3615931,53.5180105],[50.361544,53.5179369],[50.3617535,53.5178875],[50.3618025,53.5179611],[50.3615931,53.5180105]]]},"properties":{"id":"49d88153-ab86-4418-a319-fd81cbfe2d40","source_type":"osm"}},{"type":"Feature","geometry":{"type":"Polygon","coordinates":[[[50.3608486,53.5182293],[50.360882,53.5182813],[50.3608106,53.5182975],[50.3607772,53.5182455],[50.3608486,53.5182293]]]},"properties":{"id":"3651a08a-fd0d-4966-ae8c-19b73b779a3f","source_type":"ml"}},{"type":"Feature","geometry":{"type":"Polygon","coordinates":[[[50.3603311,53.5183343],[50.3602635,53.5182532],[50.3603814,53.5182184],[50.3604491,53.5182996],[50.3603311,53.5183343]]]},"properties":{"id":"84b59b58-4fc0-463e-bb4e-b2b35d0facc4","source_type":"osm"}},{"type":"Feature","geometry":{"type":"Polygon","coordinates":[[[50.3610899,53.5181387],[50.361023,53.5180507],[50.3611511,53.5180163],[50.3612179,53.5181043],[50.3610899,53.5181387]]]},"properties":{"id":"f8535e07-ada1-46ac-8b7c-1d454f91ab90","source_type":"osm"}},{"type":"Feature","geometry":{"type":"Polygon","coordinates":[[[50.3614672,53.5160988],[50.3613841,53.5160713],[50.3614313,53.516021],[50.3615143,53.5160485],[50.3614672,53.5160988]]]},"properties":{"id":"1e22cba6-28e9-42dc-9ed0-6f807a2f5100","source_type":"ml"}},{"type":"Feature","geometry":{"type":"Polygon","coordinates":[[[50.3614381,53.5167017],[50.3614628,53.5166518],[50.3615739,53.5166712],[50.3615492,53.5167211],[50.3614381,53.5167017]]]},"properties":{"id":"ae51be4e-d5f9-4db7-a264-791859d811e7","source_type":"ml"}},{"type":"Feature","geometry":{"type":"Polygon","coordinates":[[[50.361933,53.516107],[50.3618488,53.5160857],[50.3618681,53.5160587],[50.3620214,53.5160974],[50.3619819,53.5161528],[50.3619127,53.5161353],[50.361933,53.516107]]]},"properties":{"id":"b6417e17-d37b-429b-b0b2-dc8e21064d1b","source_type":"ml"}},{"type":"Feature","geometry":{"type":"Polygon","coordinates":[[[50.3574482,53.5091467],[50.3573345,53.509057],[50.3574238,53.509017],[50.3575375,53.5091066],[50.3574482,53.5091467]]]},"properties":{"id":"771e919d-f57f-4dc0-96a1-b18c86190135","source_type":"osm"}},{"type":"Feature","geometry":{"type":"Polygon","coordinates":[[[50.3574167,53.5081861],[50.3572882,53.5080856],[50.357383,53.5080427],[50.3575115,53.5081432],[50.3574167,53.5081861]]]},"properties":{"id":"43ea1f12-008f-487c-ab62-bfd9aa1666c4","source_type":"osm"}},{"type":"Feature","geometry":{"type":"Polygon","coordinates":[[[50.3659167,53.5125424],[50.3659544,53.5125689],[50.3659208,53.5125858],[50.3658831,53.5125592],[50.3659167,53.5125424]]]},"properties":{"id":"f89435a3-5249-4fd3-816f-a8ba47e2dd5c","source_type":"ml"}},{"type":"Feature","geometry":{"type":"Polygon","coordinates":[[[50.3670277,53.512102],[50.3670958,53.5121611],[50.3670202,53.512192],[50.366952,53.5121328],[50.3670277,53.512102]]]},"properties":{"id":"445b9046-b937-4096-88e6-d618ba02b251","source_type":"ml"}},{"type":"Feature","geometry":{"type":"Polygon","coordinates":[[[50.3679632,53.5138938],[50.3679477,53.5138127],[50.3680971,53.5138026],[50.3681081,53.5138603],[50.3680771,53.5138624],[50.3680815,53.5138858],[50.3679632,53.5138938]]]},"properties":{"id":"278da24c-a919-4fde-b594-d023977e6dd1","source_type":"osm"}},{"type":"Feature","geometry":{"type":"Polygon","coordinates":[[[50.3641471,53.5133791],[50.3640693,53.5134253],[50.3640251,53.513399],[50.3641029,53.5133528],[50.3641471,53.5133791]]]},"properties":{"id":"d9db5175-19d1-47f8-ab88-d30f928fba51","source_type":"ml"}},{"type":"Feature","geometry":{"type":"Polygon","coordinates":[[[50.36314,53.5167403],[50.3630303,53.5167045],[50.363108,53.5166203],[50.3632177,53.5166561],[50.36314,53.5167403]]]},"properties":{"id":"3b90d6a2-543f-406a-ad94-9e811475a0ea","source_type":"osm"}},{"type":"Feature","geometry":{"type":"Polygon","coordinates":[[[50.3632436,53.5162093],[50.3632519,53.5161395],[50.3633228,53.5161425],[50.3633144,53.5162124],[50.3632436,53.5162093]]]},"properties":{"id":"58b494e1-97b9-4881-a429-49d7ced4c2f0","source_type":"ml"}},{"type":"Feature","geometry":{"type":"Polygon","coordinates":[[[50.3640102,53.5170609],[50.3638752,53.5170423],[50.3638931,53.5169963],[50.3640281,53.5170148],[50.3640102,53.5170609]]]},"properties":{"id":"64ccda1a-804e-4ca3-bd4c-daadd4910dee","source_type":"ml"}},{"type":"Feature","geometry":{"type":"Polygon","coordinates":[[[50.3636579,53.515186],[50.3636848,53.5151325],[50.3637498,53.515144],[50.3637229,53.5151976],[50.3636579,53.515186]]]},"properties":{"id":"9103cc60-13bd-4bbe-a384-2c9628b60872","source_type":"ml"}},{"type":"Feature","geometry":{"type":"Polygon","coordinates":[[[50.3802061,53.5088451],[50.3802707,53.5088376],[50.3802876,53.5088891],[50.3801626,53.5089036],[50.3801497,53.5088644],[50.3802102,53.5088573],[50.3802061,53.5088451]]]},"properties":{"id":"413b35be-d001-4823-8754-70ae01e687ac","source_type":"ml"}},{"type":"Feature","geometry":{"type":"Polygon","coordinates":[[[50.3797705,53.5104326],[50.3797316,53.510297],[50.3798554,53.5102844],[50.3798943,53.51042],[50.3797705,53.5104326]]]},"properties":{"id":"da0e7c0c-10fd-4df8-86de-943b0cedda62","source_type":"osm"}},{"type":"Feature","geometry":{"type":"Polygon","coordinates":[[[50.3808976,53.5113763],[50.3808411,53.5112774],[50.381023,53.5112406],[50.3810795,53.5113396],[50.3808976,53.5113763]]]},"properties":{"id":"dff9f1a2-60e5-4bca-adc2-a18c0ef9e573","source_type":"osm"}},{"type":"Feature","geometry":{"type":"Polygon","coordinates":[[[50.3789818,53.5073809],[50.3788346,53.5073967],[50.3788044,53.5072971],[50.3789515,53.5072813],[50.3789818,53.5073809]]]},"properties":{"id":"e6d0c960-9f60-493f-a24f-a643fd846af5","source_type":"osm"}},{"type":"Feature","geometry":{"type":"Polygon","coordinates":[[[50.3785477,53.5064225],[50.3785085,53.5063236],[50.378688,53.5062984],[50.378718,53.5063741],[50.3786622,53.5063819],[50.3786714,53.5064051],[50.3785477,53.5064225]]]},"properties":{"id":"b0154e5d-f5d5-4f59-b08c-b2cf4f3d2639","source_type":"osm"}},{"type":"Feature","geometry":{"type":"Polygon","coordinates":[[[50.3766276,53.5278927],[50.3766295,53.5278249],[50.3767357,53.527826],[50.3767339,53.5278937],[50.3766276,53.5278927]]]},"properties":{"id":"a6408c72-3f64-47c9-8085-a6264d4500b7","source_type":"ml"}},{"type":"Feature","geometry":{"type":"Polygon","coordinates":[[[50.3772325,53.5278525],[50.3772308,53.527739],[50.3774396,53.5277379],[50.3774413,53.5278514],[50.3772325,53.5278525]]]},"properties":{"id":"ec73a7bd-acaf-42d8-a4ad-6c17cf603e8d","source_type":"osm"}},{"type":"Feature","geometry":{"type":"Polygon","coordinates":[[[50.379164,53.5303436],[50.379164,53.5302521],[50.3793374,53.5302521],[50.3793374,53.5303436],[50.379164,53.5303436]]]},"properties":{"id":"32ab78bb-4486-4242-b4d1-42a24c566e47","source_type":"osm"}},{"type":"Feature","geometry":{"type":"Polygon","coordinates":[[[50.3788925,53.5302883],[50.378855,53.5302888],[50.3788522,53.5302219],[50.3788897,53.5302214],[50.3788925,53.5302883]]]},"properties":{"id":"f9ee39fb-1f29-4bcb-89b6-0f556da92263","source_type":"ml"}},{"type":"Feature","geometry":{"type":"Polygon","coordinates":[[[50.3724493,53.5313793],[50.3724483,53.5312976],[50.3725864,53.531297],[50.3725874,53.5313787],[50.3724493,53.5313793]]]},"properties":{"id":"39b740c4-2392-4010-85ab-848e3578fbe4","source_type":"osm"}},{"type":"Feature","geometry":{"type":"Polygon","coordinates":[[[50.3579877,53.5246223],[50.357975,53.5246933],[50.3578622,53.5246861],[50.357875,53.5246152],[50.3579877,53.5246223]]]},"properties":{"id":"3f84406a-00aa-4fa1-b694-c93df2d9592f","source_type":"ml"}},{"type":"Feature","geometry":{"type":"Polygon","coordinates":[[[50.3567358,53.5272734],[50.3567512,53.5272462],[50.356838,53.5272636],[50.3568226,53.5272908],[50.3567358,53.5272734]]]},"properties":{"id":"b4eb54e9-32c9-4230-990f-5277ae0c1a96","source_type":"ml"}},{"type":"Feature","geometry":{"type":"Polygon","coordinates":[[[50.3561627,53.5267419],[50.3560885,53.5267247],[50.3561345,53.5266546],[50.3563184,53.5266973],[50.3562841,53.5267495],[50.3562247,53.5267357],[50.3562006,53.5267724],[50.3561503,53.5267608],[50.3561627,53.5267419]]]},"properties":{"id":"6128436e-3bdd-4c3a-8ca4-6debcf17cbd3","source_type":"osm"}},{"type":"Feature","geometry":{"type":"Polygon","coordinates":[[[50.3568711,53.5263772],[50.3567409,53.5263556],[50.3568355,53.5261538],[50.3569657,53.5261754],[50.3568711,53.5263772]]]},"properties":{"id":"698e44d9-feb6-4c9a-b25f-9138c205ae42","source_type":"osm"}},{"type":"Feature","geometry":{"type":"Polygon","coordinates":[[[50.3559739,53.5246424],[50.3559973,53.5246008],[50.3560793,53.5246172],[50.3560558,53.5246587],[50.3559739,53.5246424]]]},"properties":{"id":"eb089e4f-1009-411a-8e76-3f9285dc9064","source_type":"ml"}},{"type":"Feature","geometry":{"type":"Polygon","coordinates":[[[50.355627,53.5259682],[50.355411,53.5259067],[50.3554351,53.5258769],[50.355651,53.5259384],[50.355627,53.5259682]]]},"properties":{"id":"22c42ba4-0b7e-4935-bb54-d8ff00279209","source_type":"ml"}},{"type":"Feature","geometry":{"type":"Polygon","coordinates":[[[50.3551206,53.5251184],[50.3550681,53.5251029],[50.3551111,53.5250517],[50.3552524,53.5250936],[50.3551877,53.5251708],[50.3550988,53.5251444],[50.3551206,53.5251184]]]},"properties":{"id":"ac0a5318-672b-47a9-9726-13eb883c929a","source_type":"osm"}},{"type":"Feature","geometry":{"type":"Polygon","coordinates":[[[50.3555483,53.5247366],[50.3555771,53.524683],[50.3556295,53.5246929],[50.3556008,53.5247465],[50.3555483,53.5247366]]]},"properties":{"id":"deb737e6-dc4a-432a-bf38-2d621a17d836","source_type":"ml"}},{"type":"Feature","geometry":{"type":"Polygon","coordinates":[[[50.3553905,53.524757],[50.3553081,53.5247436],[50.3553381,53.5246783],[50.3554205,53.5246917],[50.3553905,53.524757]]]},"properties":{"id":"0c845847-3c73-417e-8fba-d9afdb7fa941","source_type":"ml"}},{"type":"Feature","geometry":{"type":"Polygon","coordinates":[[[50.3547675,53.5244309],[50.3547804,53.5244044],[50.3548769,53.524421],[50.354864,53.5244475],[50.3547675,53.5244309]]]},"properties":{"id":"69a75036-5831-45aa-bb01-bdd34b3377f6","source_type":"ml"}},{"type":"Feature","geometry":{"type":"Polygon","coordinates":[[[50.3550762,53.5258247],[50.3550253,53.5258098],[50.3550838,53.5257392],[50.3551347,53.5257541],[50.3550762,53.5258247]]]},"properties":{"id":"b2235b01-870e-4891-a05a-1730d189b29b","source_type":"ml"}},{"type":"Feature","geometry":{"type":"Polygon","coordinates":[[[50.354904,53.5260101],[50.354779,53.5259774],[50.3548391,53.5258962],[50.3549908,53.5259359],[50.354966,53.5259694],[50.3549393,53.5259625],[50.354904,53.5260101]]]},"properties":{"id":"d95c5aaa-b1e6-4a51-9d01-9b8c1899ce9d","source_type":"osm"}},{"type":"Feature","geometry":{"type":"Polygon","coordinates":[[[50.3546517,53.5264845],[50.3545694,53.5264669],[50.3545848,53.5264415],[50.354667,53.526459],[50.3546517,53.5264845]]]},"properties":{"id":"c12af1fb-573a-4909-bc06-c6fb6ec0dfbc","source_type":"ml"}},{"type":"Feature","geometry":{"type":"Polygon","coordinates":[[[50.3541839,53.5264222],[50.3542133,53.5263716],[50.3542828,53.5263859],[50.3542534,53.5264364],[50.3541839,53.5264222]]]},"properties":{"id":"e219d13a-1488-4c6a-be34-6d1c2c3e575e","source_type":"ml"}},{"type":"Feature","geometry":{"type":"Polygon","coordinates":[[[50.3535496,53.5254999],[50.3536312,53.5254991],[50.3536329,53.5255574],[50.3535513,53.5255582],[50.3535496,53.5254999]]]},"properties":{"id":"0dece459-292e-40f3-92e9-8b73bb46ca7e","source_type":"ml"}},{"type":"Feature","geometry":{"type":"Polygon","coordinates":[[[50.3529449,53.5246837],[50.3528961,53.5247567],[50.3528521,53.5247463],[50.3528291,53.5247807],[50.3527966,53.524773],[50.3528685,53.5246657],[50.3529449,53.5246837]]]},"properties":{"id":"77d38c9f-4cc6-4846-a329-18f2d9bb45c1","source_type":"ml"}},{"type":"Feature","geometry":{"type":"Polygon","coordinates":[[[50.3526897,53.5239655],[50.3527157,53.5239396],[50.3528155,53.5239751],[50.3527896,53.5240009],[50.3526897,53.5239655]]]},"properties":{"id":"d37199c5-2e28-4415-9b9c-c93d36ebdc88","source_type":"ml"}},{"type":"Feature","geometry":{"type":"Polygon","coordinates":[[[50.3516909,53.5280696],[50.3517484,53.5280854],[50.3517004,53.5281471],[50.3516429,53.5281313],[50.3516909,53.5280696]]]},"properties":{"id":"5e186790-b35d-450f-9ebc-3f8a837a03ad","source_type":"ml"}},{"type":"Feature","geometry":{"type":"Polygon","coordinates":[[[50.3530025,53.528635],[50.3528784,53.5286091],[50.352899,53.5285742],[50.3530231,53.5286002],[50.3530025,53.528635]]]},"properties":{"id":"d7643ed7-6076-4877-8c03-354b4bdac8e5","source_type":"ml"}},{"type":"Feature","geometry":{"type":"Polygon","coordinates":[[[50.3200916,53.5043589],[50.3201676,53.5043557],[50.3201702,53.504378],[50.3200942,53.5043811],[50.3200916,53.5043589]]]},"properties":{"id":"ca7ff9ec-d488-4b12-a3f3-6d63029376bc","source_type":"ml"}},{"type":"Feature","geometry":{"type":"Polygon","coordinates":[[[50.3501882,53.5304493],[50.3501823,53.5304194],[50.3502405,53.5304153],[50.3502464,53.5304452],[50.3501882,53.5304493]]]},"properties":{"id":"e47cdb2d-2d96-4b81-be2d-82132ce9561d","source_type":"ml"}},{"type":"Feature","geometry":{"type":"Polygon","coordinates":[[[50.3511028,53.5278189],[50.3508953,53.5277666],[50.3510046,53.5276132],[50.3512121,53.5276655],[50.3511028,53.5278189]]]},"properties":{"id":"77cdf746-80b2-4693-98bb-f342986b324f","source_type":"osm"}},{"type":"Feature","geometry":{"type":"Polygon","coordinates":[[[50.3510658,53.5271068],[50.3508812,53.5270847],[50.3508947,53.5270449],[50.3510793,53.527067],[50.3510658,53.5271068]]]},"properties":{"id":"9ffc0c6a-d01b-40c4-95df-dd5cae8ebfd1","source_type":"ml"}},{"type":"Feature","geometry":{"type":"Polygon","coordinates":[[[50.3514994,53.5272309],[50.3513732,53.5272028],[50.3513996,53.5271608],[50.3515258,53.5271889],[50.3514994,53.5272309]]]},"properties":{"id":"35701c31-8426-42af-b752-fd5e79b76d31","source_type":"ml"}},{"type":"Feature","geometry":{"type":"Polygon","coordinates":[[[50.3509253,53.5246623],[50.3509831,53.5246831],[50.3509582,53.5247076],[50.3509003,53.5246868],[50.3509253,53.5246623]]]},"properties":{"id":"b84bc558-28d7-4a91-a165-deaf707993ea","source_type":"ml"}},{"type":"Feature","geometry":{"type":"Polygon","coordinates":[[[50.3505395,53.524637],[50.3504116,53.5245988],[50.3504546,53.5245479],[50.3505008,53.5245617],[50.3505663,53.5244841],[50.3506481,53.5245085],[50.3505395,53.524637]]]},"properties":{"id":"345ca9f0-0452-4950-b74f-15d668525bbd","source_type":"osm"}},{"type":"Feature","geometry":{"type":"Polygon","coordinates":[[[50.3488359,53.5269325],[50.3486999,53.5269041],[50.3489161,53.526538],[50.3490576,53.5265675],[50.3489624,53.5267287],[50.349044,53.5267457],[50.3489949,53.5268288],[50.3489079,53.5268107],[50.3488359,53.5269325]]]},"properties":{"id":"a331a331-77f3-4d0a-948d-fba7a0b651fc","source_type":"osm"}},{"type":"Feature","geometry":{"type":"Polygon","coordinates":[[[50.3468854,53.5291863],[50.346838,53.5291786],[50.3468596,53.529132],[50.3469069,53.5291397],[50.3468854,53.5291863]]]},"properties":{"id":"ee1be4ad-953b-443a-ba32-316f38b3f6a7","source_type":"ml"}},{"type":"Feature","geometry":{"type":"Polygon","coordinates":[[[50.3472412,53.5270662],[50.3472412,53.5270359],[50.3472894,53.5270359],[50.3472894,53.5270662],[50.3472412,53.5270662]]]},"properties":{"id":"401e977f-5d2a-4ee5-beea-c7082c2e3c46","source_type":"ml"}},{"type":"Feature","geometry":{"type":"Polygon","coordinates":[[[50.3467781,53.5270891],[50.346593,53.5270705],[50.3466066,53.5270224],[50.3467918,53.527041],[50.3467781,53.5270891]]]},"properties":{"id":"d091009e-04bf-4fb3-8331-e962bf586666","source_type":"ml"}},{"type":"Feature","geometry":{"type":"Polygon","coordinates":[[[50.3449921,53.5287293],[50.3449409,53.5287139],[50.3449631,53.5286879],[50.3450143,53.5287033],[50.3449921,53.5287293]]]},"properties":{"id":"03b891fb-ce4b-490e-ac75-cab5ea40907b","source_type":"ml"}},{"type":"Feature","geometry":{"type":"Polygon","coordinates":[[[50.3451948,53.5272266],[50.3450075,53.5271975],[50.3450565,53.5270859],[50.3452438,53.527115],[50.3451948,53.5272266]]]},"properties":{"id":"fcc11088-6928-4462-a887-b33773a8a5e4","source_type":"osm"}},{"type":"Feature","geometry":{"type":"Polygon","coordinates":[[[50.3420021,53.5293552],[50.3420911,53.5293801],[50.3420532,53.5294278],[50.3419642,53.5294029],[50.3420021,53.5293552]]]},"properties":{"id":"7f328fff-04ab-4958-a8c1-db8c30ffc31e","source_type":"ml"}},{"type":"Feature","geometry":{"type":"Polygon","coordinates":[[[50.3419219,53.5288482],[50.3419449,53.5288241],[50.3420038,53.5288439],[50.3419809,53.528868],[50.3419219,53.5288482]]]},"properties":{"id":"39e49425-6944-404a-beab-678179136c2b","source_type":"ml"}},{"type":"Feature","geometry":{"type":"Polygon","coordinates":[[[50.341117,53.5260268],[50.3410605,53.5259676],[50.3411808,53.5259271],[50.3412373,53.5259864],[50.341117,53.5260268]]]},"properties":{"id":"8f1ae762-7528-474b-9344-b78488b6eafb","source_type":"osm"}},{"type":"Feature","geometry":{"type":"Polygon","coordinates":[[[50.3405761,53.526634],[50.3406106,53.5265348],[50.3407947,53.5265574],[50.340756,53.5266687],[50.3406642,53.5266574],[50.3406684,53.5266453],[50.3405761,53.526634]]]},"properties":{"id":"8b3169f0-29fe-4dde-b58b-183e875abdd3","source_type":"osm"}},{"type":"Feature","geometry":{"type":"Polygon","coordinates":[[[50.3404096,53.5266497],[50.3402806,53.52663],[50.3403185,53.5265425],[50.3404475,53.5265622],[50.3404096,53.5266497]]]},"properties":{"id":"e136718d-0503-4522-bd9b-f095d7ee3fa6","source_type":"osm"}},{"type":"Feature","geometry":{"type":"Polygon","coordinates":[[[50.340824,53.5283036],[50.3407277,53.5282789],[50.3407443,53.528256],[50.3406981,53.5282442],[50.3407161,53.5282195],[50.3408585,53.528256],[50.340824,53.5283036]]]},"properties":{"id":"9ba0010b-fbd1-4e82-8659-526358fa8e30","source_type":"ml"}},{"type":"Feature","geometry":{"type":"Polygon","coordinates":[[[50.340258,53.5280996],[50.3400964,53.5280544],[50.340199,53.5279248],[50.3403606,53.52797],[50.340258,53.5280996]]]},"properties":{"id":"5e9d0669-4311-43fa-8b47-3b1fd336a296","source_type":"osm"}},{"type":"Feature","geometry":{"type":"Polygon","coordinates":[[[50.3412225,53.5303428],[50.3411361,53.5303192],[50.3411931,53.5302455],[50.3412795,53.5302691],[50.3412225,53.5303428]]]},"properties":{"id":"dfbbb6f1-b29c-44b1-aa9e-acd656333d5c","source_type":"ml"}},{"type":"Feature","geometry":{"type":"Polygon","coordinates":[[[50.3370928,53.5282767],[50.3371321,53.5282861],[50.3371096,53.5283196],[50.3370702,53.5283103],[50.3370928,53.5282767]]]},"properties":{"id":"46606eba-e324-4500-b4e2-f48d32bc96a7","source_type":"ml"}},{"type":"Feature","geometry":{"type":"Polygon","coordinates":[[[50.3209202,53.5314311],[50.3208834,53.5313975],[50.3209786,53.5313606],[50.3210154,53.5313942],[50.3209202,53.5314311]]]},"properties":{"id":"8c4ab706-0d52-4bd1-98d4-b3745a968f6a","source_type":"ml"}},{"type":"Feature","geometry":{"type":"Polygon","coordinates":[[[50.3210913,53.5246721],[50.3211456,53.524684],[50.3211265,53.5247149],[50.3210722,53.524703],[50.3210913,53.5246721]]]},"properties":{"id":"8231a5e8-1966-4d76-88fd-ed586456ea79","source_type":"ml"}},{"type":"Feature","geometry":{"type":"Polygon","coordinates":[[[50.327431,53.5037173],[50.3274219,53.5036112],[50.3275383,53.5036077],[50.3275498,53.5037414],[50.3274654,53.503744],[50.327463,53.5037163],[50.327431,53.5037173]]]},"properties":{"id":"d65c3091-e105-4bf1-b8ec-b5a68fd846b6","source_type":"osm"}},{"type":"Feature","geometry":{"type":"Polygon","coordinates":[[[50.3273265,53.5036371],[50.3273679,53.503636],[50.3273706,53.5036726],[50.3273292,53.5036737],[50.3273265,53.5036371]]]},"properties":{"id":"e85c5261-c08d-4de8-aa44-56e5938eedc8","source_type":"ml"}},{"type":"Feature","geometry":{"type":"Polygon","coordinates":[[[50.3257659,53.5032811],[50.3257516,53.503174],[50.3259498,53.5031646],[50.3259641,53.5032717],[50.3257659,53.5032811]]]},"properties":{"id":"398a90cc-6b2c-40ac-8e0b-05aebc161763","source_type":"osm"}},{"type":"Feature","geometry":{"type":"Polygon","coordinates":[[[50.3235939,53.504018],[50.3236131,53.5040822],[50.323526,53.5040914],[50.3235068,53.5040272],[50.3235939,53.504018]]]},"properties":{"id":"1dfe976f-535b-407a-b4f0-39c9e6fb2b92","source_type":"ml"}},{"type":"Feature","geometry":{"type":"Polygon","coordinates":[[[50.3213454,53.5033547],[50.3213391,53.5032624],[50.3213953,53.503261],[50.3214016,53.5033534],[50.3213454,53.5033547]]]},"properties":{"id":"f6f8a950-4ffc-4579-ae50-bf807b188120","source_type":"ml"}},{"type":"Feature","geometry":{"type":"Polygon","coordinates":[[[50.3214095,53.5024103],[50.3214103,53.5024318],[50.3213593,53.5024324],[50.3213563,53.5023479],[50.3215762,53.5023451],[50.3215784,53.5024082],[50.3214095,53.5024103]]]},"properties":{"id":"27b51a49-c943-4728-9a48-8b1abec126f9","source_type":"ml"}},{"type":"Feature","geometry":{"type":"Polygon","coordinates":[[[50.3221375,53.5031497],[50.3221326,53.503086],[50.322182,53.5030846],[50.3221869,53.5031483],[50.3221375,53.5031497]]]},"properties":{"id":"adaad477-515d-4454-9d89-83641f67e9b4","source_type":"ml"}},{"type":"Feature","geometry":{"type":"Polygon","coordinates":[[[50.3219366,53.5030335],[50.3220856,53.5030313],[50.3220891,53.5031166],[50.3219402,53.5031188],[50.3219366,53.5030335]]]},"properties":{"id":"42bf3915-4067-45b4-bc2c-a32ab0984b0f","source_type":"ml"}},{"type":"Feature","geometry":{"type":"Polygon","coordinates":[[[50.3213041,53.5003565],[50.3213756,53.5004989],[50.3216957,53.5004421],[50.3217469,53.5005441],[50.3218146,53.500532],[50.3217098,53.5003233],[50.3218861,53.500292],[50.3221239,53.5007655],[50.3219377,53.5007986],[50.3218543,53.5006324],[50.3214754,53.5006997],[50.3215844,53.5009168],[50.3213101,53.5009655],[50.3210288,53.5004054],[50.3213041,53.5003565]]]},"properties":{"id":"aa7a4ac6-7835-40a4-9cf5-a56808aa53d0","source_type":"osm"}},{"type":"Feature","geometry":{"type":"Polygon","coordinates":[[[50.3305548,53.5041365],[50.3305323,53.5040318],[50.3307296,53.5040168],[50.3307522,53.5041215],[50.3305548,53.5041365]]]},"properties":{"id":"51fdd886-05bd-4120-b8d0-8392ccdbf912","source_type":"osm"}},{"type":"Feature","geometry":{"type":"Polygon","coordinates":[[[50.33183,53.5029206],[50.3318232,53.5028105],[50.3319108,53.5028086],[50.3319121,53.5028287],[50.3319651,53.5028275],[50.3319707,53.5029175],[50.33183,53.5029206]]]},"properties":{"id":"b964283f-7236-4ed2-99af-0e2dafaa30f1","source_type":"osm"}},{"type":"Feature","geometry":{"type":"Polygon","coordinates":[[[50.3341098,53.5001332],[50.3339865,53.5001349],[50.333984,53.5000743],[50.3341074,53.5000726],[50.3341098,53.5001332]]]},"properties":{"id":"199a889c-750b-4e0e-89c7-2c18ffe9512b","source_type":"ml"}},{"type":"Feature","geometry":{"type":"Polygon","coordinates":[[[50.3326517,53.5033133],[50.3326557,53.503397],[50.3325753,53.5033983],[50.3325713,53.5033146],[50.3326517,53.5033133]]]},"properties":{"id":"ced0b392-9547-43a3-897b-d1a7dce9a2de","source_type":"ml"}},{"type":"Feature","geometry":{"type":"Polygon","coordinates":[[[50.3357703,53.5025774],[50.335899,53.5025754],[50.3358999,53.5025977],[50.3357713,53.5025997],[50.3357703,53.5025774]]]},"properties":{"id":"21172ffb-b764-4fb8-9e23-5e78eba554b1","source_type":"ml"}},{"type":"Feature","geometry":{"type":"Polygon","coordinates":[[[50.3353738,53.5007165],[50.3353689,53.5006672],[50.3354534,53.5006642],[50.3354583,53.5007135],[50.3353738,53.5007165]]]},"properties":{"id":"069febb7-d5eb-4957-8f8e-9094043b16a7","source_type":"ml"}},{"type":"Feature","geometry":{"type":"Polygon","coordinates":[[[50.3414107,53.5009474],[50.3413572,53.5009457],[50.3413607,53.5009044],[50.3414142,53.500906],[50.3414107,53.5009474]]]},"properties":{"id":"1c8f2ba2-32d8-4599-bb55-915380b90ef2","source_type":"ml"}},{"type":"Feature","geometry":{"type":"Polygon","coordinates":[[[50.3417279,53.5006738],[50.3416743,53.5006748],[50.3416709,53.5006062],[50.3417245,53.5006053],[50.3417279,53.5006738]]]},"properties":{"id":"e7373ff9-d53a-496c-acb8-157c85295b55","source_type":"ml"}},{"type":"Feature","geometry":{"type":"Polygon","coordinates":[[[50.3424064,53.5032752],[50.3422561,53.5032722],[50.3422603,53.5031966],[50.3424106,53.5031996],[50.3424064,53.5032752]]]},"properties":{"id":"15e5073e-02f0-4b4b-a98b-ba1ea0e34fb8","source_type":"osm"}},{"type":"Feature","geometry":{"type":"Polygon","coordinates":[[[50.3428475,53.5038214],[50.3428447,53.5038836],[50.3427884,53.5038827],[50.3427912,53.5038205],[50.3428475,53.5038214]]]},"properties":{"id":"5233ff7e-fda3-459a-90b6-70e54f6075a5","source_type":"ml"}},{"type":"Feature","geometry":{"type":"Polygon","coordinates":[[[50.3439698,53.502558],[50.3438627,53.5025556],[50.3438664,53.5024975],[50.3439735,53.5024999],[50.3439698,53.502558]]]},"properties":{"id":"36c6fd7b-2f92-41d0-b14d-7542f6fb9d4e","source_type":"ml"}},{"type":"Feature","geometry":{"type":"Polygon","coordinates":[[[50.3436729,53.5031692],[50.3436719,53.5032107],[50.3435715,53.5032098],[50.3435725,53.5031684],[50.3436729,53.5031692]]]},"properties":{"id":"d7896f4e-e6aa-477f-a174-24ccf788984a","source_type":"ml"}},{"type":"Feature","geometry":{"type":"Polygon","coordinates":[[[50.3409368,53.5033319],[50.3409393,53.5032134],[50.3411876,53.5032153],[50.341185,53.5033338],[50.3409368,53.5033319]]]},"properties":{"id":"d47b0798-0919-4618-85f7-8f9598625790","source_type":"osm"}},{"type":"Feature","geometry":{"type":"Polygon","coordinates":[[[50.3411546,53.5041471],[50.341146,53.5042495],[50.3409464,53.5042436],[50.340955,53.5041412],[50.3411546,53.5041471]]]},"properties":{"id":"8e77f6b5-0266-4734-9fa1-4e0edbe5a699","source_type":"osm"}},{"type":"Feature","geometry":{"type":"Polygon","coordinates":[[[50.3389466,53.5033943],[50.3387427,53.5033936],[50.3387442,53.5032327],[50.3389487,53.5032334],[50.3389481,53.5032961],[50.3389895,53.5032963],[50.3389891,53.5033325],[50.3389472,53.5033324],[50.3389466,53.5033943]]]},"properties":{"id":"445ba46d-daa6-4089-a862-9d6b37aae0a9","source_type":"osm"}},{"type":"Feature","geometry":{"type":"Polygon","coordinates":[[[50.3381401,53.5013463],[50.3379655,53.5013377],[50.3379824,53.5012164],[50.3383562,53.5012348],[50.33831,53.501566],[50.3381108,53.5015562],[50.3381401,53.5013463]]]},"properties":{"id":"ab689674-2cc0-49c3-a8a8-87af04af7e67","source_type":"osm"}},{"type":"Feature","geometry":{"type":"Polygon","coordinates":[[[50.3378616,53.5038035],[50.3378753,53.503744],[50.3379148,53.5037473],[50.3379011,53.5038068],[50.3378616,53.5038035]]]},"properties":{"id":"e228b05e-968a-47fb-98a9-1e383fc92284","source_type":"ml"}},{"type":"Feature","geometry":{"type":"Polygon","coordinates":[[[50.3373169,53.5033316],[50.3373903,53.5033384],[50.337382,53.5033702],[50.3373086,53.5033634],[50.3373169,53.5033316]]]},"properties":{"id":"2168485f-33f4-4104-ab17-d973f30d3914","source_type":"ml"}},{"type":"Feature","geometry":{"type":"Polygon","coordinates":[[[50.3441953,53.5045783],[50.3442018,53.5045217],[50.3443726,53.5045287],[50.3443661,53.5045853],[50.3441953,53.5045783]]]},"properties":{"id":"227d7b22-65d3-4e4d-bb4f-9a65dac3918e","source_type":"osm"}},{"type":"Feature","geometry":{"type":"Polygon","coordinates":[[[50.3446739,53.5033772],[50.3446724,53.5033007],[50.3450559,53.5032981],[50.3450574,53.5033747],[50.3446739,53.5033772]]]},"properties":{"id":"66bc87de-c769-48c5-bbfb-da11785f2dd5","source_type":"ml"}},{"type":"Feature","geometry":{"type":"Polygon","coordinates":[[[50.3457681,53.5024649],[50.3457667,53.5024314],[50.3458514,53.5024302],[50.3458527,53.5024637],[50.3457681,53.5024649]]]},"properties":{"id":"1a32b328-31f7-474b-b081-dece4fa77b5a","source_type":"ml"}},{"type":"Feature","geometry":{"type":"Polygon","coordinates":[[[50.3552885,53.5045274],[50.3552384,53.5045806],[50.3551063,53.5045366],[50.3551563,53.5044834],[50.3552885,53.5045274]]]},"properties":{"id":"e87fa949-9529-4d71-964a-2e8fad6f55ee","source_type":"osm"}},{"type":"Feature","geometry":{"type":"Polygon","coordinates":[[[50.3540694,53.5034762],[50.353977,53.5034608],[50.3540175,53.5033751],[50.35411,53.5033906],[50.3540694,53.5034762]]]},"properties":{"id":"e02e3b84-2834-4f7f-a51e-d8c207eb6939","source_type":"osm"}},{"type":"Feature","geometry":{"type":"Polygon","coordinates":[[[50.3537534,53.5035491],[50.3536332,53.5035458],[50.353641,53.5034179],[50.3537707,53.5034207],[50.3537534,53.5035491]]]},"properties":{"id":"419129ae-6872-4446-9dbb-f0b470dc2828","source_type":"osm"}},{"type":"Feature","geometry":{"type":"Polygon","coordinates":[[[50.3539262,53.5092713],[50.3538049,53.5091815],[50.3538992,53.5091364],[50.3540205,53.5092262],[50.3539262,53.5092713]]]},"properties":{"id":"345e0fe9-582f-4d8e-9726-e15ca560b0a0","source_type":"osm"}},{"type":"Feature","geometry":{"type":"Polygon","coordinates":[[[50.3535991,53.5233346],[50.3534892,53.5233077],[50.3535503,53.5232196],[50.3536601,53.5232465],[50.3535991,53.5233346]]]},"properties":{"id":"681aa698-c793-4b31-9136-e3158158be1e","source_type":"osm"}},{"type":"Feature","geometry":{"type":"Polygon","coordinates":[[[50.3536913,53.5230096],[50.3535829,53.5229807],[50.353604,53.5229529],[50.3537124,53.5229818],[50.3536913,53.5230096]]]},"properties":{"id":"f31bae05-c4f0-43c1-938c-edf16d98bc3b","source_type":"ml"}},{"type":"Feature","geometry":{"type":"Polygon","coordinates":[[[50.3545158,53.5226549],[50.3545256,53.5226201],[50.3545766,53.5226252],[50.3545668,53.52266],[50.3545158,53.5226549]]]},"properties":{"id":"c0cb728f-6839-4210-b816-fccf49c59da2","source_type":"ml"}},{"type":"Feature","geometry":{"type":"Polygon","coordinates":[[[50.3566352,53.5232369],[50.3565152,53.5232001],[50.3565855,53.5231192],[50.3567054,53.523156],[50.3566352,53.5232369]]]},"properties":{"id":"ca0dd5dd-a4bf-42d2-bef3-c3de8a3f6fe8","source_type":"osm"}},{"type":"Feature","geometry":{"type":"Polygon","coordinates":[[[50.3565107,53.5234675],[50.3566057,53.5234937],[50.3565653,53.5235455],[50.3564703,53.5235194],[50.3565107,53.5234675]]]},"properties":{"id":"aa30e5f0-dfbd-4f89-a703-7a2f0c778836","source_type":"ml"}},{"type":"Feature","geometry":{"type":"Polygon","coordinates":[[[50.3566126,53.5223724],[50.3567073,53.522212],[50.3567359,53.5222179],[50.356658,53.52235],[50.3567869,53.5223769],[50.3568129,53.5223329],[50.3568689,53.5223445],[50.3568261,53.5224169],[50.3566126,53.5223724]]]},"properties":{"id":"a5c4ec5d-a3e2-4b63-8956-fd3450465130","source_type":"ml"}},{"type":"Feature","geometry":{"type":"Polygon","coordinates":[[[50.3567405,53.5217407],[50.35686,53.5217735],[50.3568177,53.521828],[50.3566982,53.5217953],[50.3567405,53.5217407]]]},"properties":{"id":"a6cae876-2c38-4e2b-a3e9-04c2e4eb51f7","source_type":"ml"}},{"type":"Feature","geometry":{"type":"Polygon","coordinates":[[[50.3572121,53.5218816],[50.3570433,53.5218267],[50.3571406,53.521721],[50.3573093,53.5217758],[50.3572121,53.5218816]]]},"properties":{"id":"2443805d-f579-47c3-94a2-c91be9aee615","source_type":"osm"}},{"type":"Feature","geometry":{"type":"Polygon","coordinates":[[[50.3570228,53.5215837],[50.3569565,53.5215645],[50.3570443,53.5214576],[50.3571106,53.5214769],[50.3570228,53.5215837]]]},"properties":{"id":"bf478e08-054c-4ca5-a705-591806477f43","source_type":"ml"}},{"type":"Feature","geometry":{"type":"Polygon","coordinates":[[[50.3597719,53.5165358],[50.3599285,53.516559],[50.3599014,53.5166236],[50.3597448,53.5166004],[50.3597719,53.5165358]]]},"properties":{"id":"0a9ae090-0dfd-4786-a08c-1808f953cc87","source_type":"ml"}},{"type":"Feature","geometry":{"type":"Polygon","coordinates":[[[50.3597798,53.5176427],[50.3597147,53.5175584],[50.3597989,53.5175354],[50.359864,53.5176197],[50.3597798,53.5176427]]]},"properties":{"id":"86ffe972-0a20-45d4-9a17-f56409ef1550","source_type":"ml"}},{"type":"Feature","geometry":{"type":"Polygon","coordinates":[[[50.3582159,53.518538],[50.3582361,53.5185749],[50.3581719,53.5185873],[50.3581518,53.5185505],[50.3582159,53.518538]]]},"properties":{"id":"23d5240c-4946-4652-be0e-2efb3f198536","source_type":"ml"}},{"type":"Feature","geometry":{"type":"Polygon","coordinates":[[[50.3577865,53.5185038],[50.3578535,53.5185023],[50.357857,53.5185573],[50.35779,53.5185588],[50.3577865,53.5185038]]]},"properties":{"id":"201640f6-8c4e-4e3a-a6b7-8da624edb2dd","source_type":"ml"}},{"type":"Feature","geometry":{"type":"Polygon","coordinates":[[[50.3574732,53.5225916],[50.3574269,53.5225757],[50.3574682,53.5225332],[50.3575145,53.5225491],[50.3574732,53.5225916]]]},"properties":{"id":"584f37a5-c608-4838-b388-d7647305af61","source_type":"ml"}},{"type":"Feature","geometry":{"type":"Polygon","coordinates":[[[50.3578209,53.52288],[50.3578934,53.5228942],[50.3578311,53.5230064],[50.3577586,53.5229921],[50.3578209,53.52288]]]},"properties":{"id":"e765e937-516a-4637-8cb6-e30bfe1cc729","source_type":"ml"}},{"type":"Feature","geometry":{"type":"Polygon","coordinates":[[[50.3587874,53.5224663],[50.3586328,53.5224031],[50.3587575,53.5222954],[50.3589121,53.5223586],[50.3587874,53.5224663]]]},"properties":{"id":"8f42b7c4-7cf1-4a0f-9ec8-1478b5d90ae6","source_type":"osm"}},{"type":"Feature","geometry":{"type":"Polygon","coordinates":[[[50.3605471,53.5223785],[50.3606289,53.5223848],[50.3606227,53.522413],[50.360541,53.5224067],[50.3605471,53.5223785]]]},"properties":{"id":"e41f1a9e-12df-4fa6-84a8-0766a05078ea","source_type":"ml"}},{"type":"Feature","geometry":{"type":"Polygon","coordinates":[[[50.3601282,53.5226999],[50.3599502,53.522677],[50.3599872,53.522575],[50.3601653,53.5225978],[50.3601282,53.5226999]]]},"properties":{"id":"94b1680e-d5bc-4a56-a944-adb55a0ac850","source_type":"osm"}},{"type":"Feature","geometry":{"type":"Polygon","coordinates":[[[50.3606333,53.5227722],[50.3606974,53.5227879],[50.3606224,53.5228955],[50.3605583,53.5228797],[50.3606333,53.5227722]]]},"properties":{"id":"c245a599-0d0b-4ac5-8ddf-5e80d91f8c2b","source_type":"ml"}},{"type":"Feature","geometry":{"type":"Polygon","coordinates":[[[50.3612958,53.5176152],[50.3612476,53.5175664],[50.3615694,53.5174541],[50.3616369,53.5175225],[50.3614116,53.5176011],[50.3613922,53.5175815],[50.3612958,53.5176152]]]},"properties":{"id":"2f6d98b3-38c8-4f31-bd9f-2934bdf60bd8","source_type":"osm"}},{"type":"Feature","geometry":{"type":"Polygon","coordinates":[[[50.3615066,53.5178699],[50.3614524,53.5178048],[50.361574,53.517769],[50.3616282,53.5178341],[50.3615066,53.5178699]]]},"properties":{"id":"48e7813d-c231-4c41-bb61-2d2a21185112","source_type":"osm"}},{"type":"Feature","geometry":{"type":"Polygon","coordinates":[[[50.361153,53.5165184],[50.3612033,53.5165246],[50.3611895,53.5165643],[50.3611392,53.5165582],[50.361153,53.5165184]]]},"properties":{"id":"419fa467-4b03-4b92-9159-6f6999803ffe","source_type":"ml"}},{"type":"Feature","geometry":{"type":"Polygon","coordinates":[[[50.3601887,53.5165435],[50.3600304,53.5165029],[50.3600847,53.516428],[50.3601733,53.5164507],[50.3601851,53.5164344],[50.3602548,53.5164523],[50.3601887,53.5165435]]]},"properties":{"id":"f00c9dc4-9cef-4111-850d-df1770639d12","source_type":"osm"}},{"type":"Feature","geometry":{"type":"Polygon","coordinates":[[[50.3614588,53.515965],[50.3615033,53.5159144],[50.3616317,53.5159544],[50.3615586,53.5160375],[50.3614576,53.516006],[50.3614862,53.5159735],[50.3614588,53.515965]]]},"properties":{"id":"47d41114-56c2-4db7-a35e-b054455a4aa8","source_type":"ml"}},{"type":"Feature","geometry":{"type":"Polygon","coordinates":[[[50.3621662,53.516046],[50.3620451,53.5160137],[50.3621168,53.5159189],[50.3622378,53.5159512],[50.3621662,53.516046]]]},"properties":{"id":"fc02f0b8-b7e9-42bc-bc81-a5336a20ea7d","source_type":"osm"}},{"type":"Feature","geometry":{"type":"Polygon","coordinates":[[[50.3620715,53.513269],[50.3621609,53.513254],[50.3621988,53.5133337],[50.3620184,53.513364],[50.3619974,53.5133197],[50.3620883,53.5133044],[50.3620715,53.513269]]]},"properties":{"id":"3f630388-950f-4789-a6d0-f1e2aa6d18f1","source_type":"ml"}},{"type":"Feature","geometry":{"type":"Polygon","coordinates":[[[50.3619503,53.5114639],[50.3618023,53.5114919],[50.3617322,53.5113607],[50.3618802,53.5113327],[50.3619503,53.5114639]]]},"properties":{"id":"ba9348a3-c2ac-4b50-a6de-6e9c91fbcfe8","source_type":"osm"}},{"type":"Feature","geometry":{"type":"Polygon","coordinates":[[[50.3577089,53.5100705],[50.3575946,53.5100015],[50.3576784,53.5099524],[50.3577927,53.5100214],[50.3577089,53.5100705]]]},"properties":{"id":"6e551291-8581-405b-af88-9e41b802ad5b","source_type":"osm"}},{"type":"Feature","geometry":{"type":"Polygon","coordinates":[[[50.3673474,53.5130125],[50.3673113,53.5129648],[50.3674107,53.5129382],[50.3674469,53.5129859],[50.3673474,53.5130125]]]},"properties":{"id":"55ab4d26-667a-4b92-a38c-b7a9f6ad6d99","source_type":"ml"}},{"type":"Feature","geometry":{"type":"Polygon","coordinates":[[[50.3677225,53.5144349],[50.3677225,53.514403],[50.3677815,53.514403],[50.3677815,53.5144349],[50.3677225,53.5144349]]]},"properties":{"id":"8901cb4a-06a3-436a-a990-b292be191c22","source_type":"ml"}},{"type":"Feature","geometry":{"type":"Polygon","coordinates":[[[50.3676973,53.514197],[50.3675688,53.5141939],[50.367572,53.5141477],[50.3677005,53.5141508],[50.3676973,53.514197]]]},"properties":{"id":"b329b2ac-3cbd-4634-9d01-67f79848e8a5","source_type":"ml"}},{"type":"Feature","geometry":{"type":"Polygon","coordinates":[[[50.3656912,53.5128398],[50.3658438,53.5129412],[50.3657565,53.5129876],[50.3656039,53.5128862],[50.3656912,53.5128398]]]},"properties":{"id":"5f4750a6-0e28-4aa2-bbb2-6419867e6bd3","source_type":"ml"}},{"type":"Feature","geometry":{"type":"Polygon","coordinates":[[[50.3658256,53.5134931],[50.3657738,53.5134528],[50.3658213,53.5134312],[50.365873,53.5134715],[50.3658256,53.5134931]]]},"properties":{"id":"cf243223-274e-41fc-98a3-29386e9f60bb","source_type":"ml"}},{"type":"Feature","geometry":{"type":"Polygon","coordinates":[[[50.3637832,53.5136033],[50.3638375,53.5135787],[50.3638756,53.5136084],[50.3638213,53.513633],[50.3637832,53.5136033]]]},"properties":{"id":"3c4c84f5-b2ca-44f7-acb5-4b293241d7bf","source_type":"ml"}},{"type":"Feature","geometry":{"type":"Polygon","coordinates":[[[50.363976,53.5138549],[50.3640298,53.5138246],[50.3640927,53.5138642],[50.3640389,53.5138945],[50.363976,53.5138549]]]},"properties":{"id":"63f5e6d1-269b-424e-8b9e-0333f8287e7a","source_type":"ml"}},{"type":"Feature","geometry":{"type":"Polygon","coordinates":[[[50.3628597,53.5139098],[50.3628998,53.5139985],[50.3627948,53.5140153],[50.3627547,53.5139266],[50.3628597,53.5139098]]]},"properties":{"id":"099ac5f5-d55b-4cdf-bf38-38f7f4b63932","source_type":"ml"}},{"type":"Feature","geometry":{"type":"Polygon","coordinates":[[[50.363521,53.5163538],[50.3636162,53.5163798],[50.3635582,53.5164548],[50.363463,53.5164288],[50.363521,53.5163538]]]},"properties":{"id":"7b07789d-0072-4474-a68a-ebc153bcfaa0","source_type":"ml"}},{"type":"Feature","geometry":{"type":"Polygon","coordinates":[[[50.3640972,53.5173516],[50.3641653,53.5173453],[50.3641775,53.517392],[50.3641094,53.5173983],[50.3640972,53.5173516]]]},"properties":{"id":"5db5d39b-6148-46f5-a883-9140c97c0b71","source_type":"ml"}},{"type":"Feature","geometry":{"type":"Polygon","coordinates":[[[50.368674,53.5143036],[50.3686311,53.514239],[50.3687223,53.5142175],[50.3687653,53.5142821],[50.368674,53.5143036]]]},"properties":{"id":"147442ed-2fd6-4d09-a9df-fafe8d7ed06b","source_type":"osm"}},{"type":"Feature","geometry":{"type":"Polygon","coordinates":[[[50.3687555,53.5122856],[50.3688137,53.5123486],[50.3687087,53.5123829],[50.3686504,53.5123199],[50.3687555,53.5122856]]]},"properties":{"id":"9bf01cb3-86fc-401d-aab0-8c523c45cdf0","source_type":"ml"}},{"type":"Feature","geometry":{"type":"Polygon","coordinates":[[[50.3684962,53.5126017],[50.3684053,53.512519],[50.368473,53.5124927],[50.3685639,53.5125754],[50.3684962,53.5126017]]]},"properties":{"id":"1a6afc17-7b14-4288-8dc6-ec6f7ca400b1","source_type":"ml"}},{"type":"Feature","geometry":{"type":"Polygon","coordinates":[[[50.3691006,53.5112019],[50.3691195,53.5111747],[50.3691825,53.5111902],[50.3691635,53.5112174],[50.3691006,53.5112019]]]},"properties":{"id":"b187b2aa-c617-4e2a-bd54-7ac78f9c99e5","source_type":"ml"}},{"type":"Feature","geometry":{"type":"Polygon","coordinates":[[[50.369429,53.5111773],[50.3693327,53.511144],[50.3693466,53.5111297],[50.3693195,53.5111203],[50.3693724,53.5110661],[50.3694958,53.5111087],[50.369429,53.5111773]]]},"properties":{"id":"d4a92689-0ab3-4f62-8408-c48c0e7d937b","source_type":"ml"}},{"type":"Feature","geometry":{"type":"Polygon","coordinates":[[[50.3797511,53.4958572],[50.379823,53.4958322],[50.3798698,53.4958797],[50.3797979,53.4959047],[50.3797511,53.4958572]]]},"properties":{"id":"ca0b0fde-3a35-4719-b6f9-2e801c281820","source_type":"ml"}},{"type":"Feature","geometry":{"type":"Polygon","coordinates":[[[50.3800626,53.5062571],[50.3800131,53.5062029],[50.3801333,53.5061641],[50.3801828,53.5062183],[50.3800626,53.5062571]]]},"properties":{"id":"550afa1f-1df2-4c85-8464-def174ae26ae","source_type":"osm"}},{"type":"Feature","geometry":{"type":"Polygon","coordinates":[[[50.379708,53.5088379],[50.3796276,53.5087052],[50.3797083,53.5086879],[50.3796981,53.508671],[50.3797931,53.5086506],[50.3798273,53.5087071],[50.3797893,53.5087153],[50.3798457,53.5088085],[50.379708,53.5088379]]]},"properties":{"id":"cc4930f7-6c9c-4905-b7ca-aaf828819f08","source_type":"ml"}},{"type":"Feature","geometry":{"type":"Polygon","coordinates":[[[50.379961,53.5091212],[50.3798575,53.5089538],[50.380123,53.5088958],[50.3801748,53.5089796],[50.3801191,53.5089918],[50.3801707,53.5090754],[50.379961,53.5091212]]]},"properties":{"id":"e1e4df85-b59d-4ae0-af70-f85fb2d41667","source_type":"osm"}},{"type":"Feature","geometry":{"type":"Polygon","coordinates":[[[50.3795413,53.5096707],[50.3795022,53.5095966],[50.3796487,53.5095692],[50.3796878,53.5096433],[50.3795413,53.5096707]]]},"properties":{"id":"94ed7d98-07c6-4109-98ae-12512bb4f2ee","source_type":"ml"}},{"type":"Feature","geometry":{"type":"Polygon","coordinates":[[[50.3793469,53.5103554],[50.3793309,53.5103322],[50.3793975,53.5103159],[50.3794135,53.5103391],[50.3793469,53.5103554]]]},"properties":{"id":"c480dd57-c6d0-408e-ab58-ec59d13e0b7a","source_type":"ml"}},{"type":"Feature","geometry":{"type":"Polygon","coordinates":[[[50.3790817,53.5087519],[50.3789852,53.5086465],[50.3791721,53.508586],[50.3792686,53.5086914],[50.3790817,53.5087519]]]},"properties":{"id":"4907004f-6a75-49eb-81bd-e3c6a7199bdc","source_type":"osm"}},{"type":"Feature","geometry":{"type":"Polygon","coordinates":[[[50.3776208,53.5302376],[50.3776237,53.530135],[50.3778228,53.530137],[50.37782,53.5302396],[50.3776208,53.5302376]]]},"properties":{"id":"c7e231e2-8367-49a4-8c41-3568c69593e3","source_type":"osm"}},{"type":"Feature","geometry":{"type":"Polygon","coordinates":[[[50.3794166,53.5305892],[50.3794141,53.5305709],[50.3795007,53.5305667],[50.3795032,53.530585],[50.3794166,53.5305892]]]},"properties":{"id":"5c35e8bd-45ed-4d9e-986f-ee1704cd42d4","source_type":"ml"}},{"type":"Feature","geometry":{"type":"Polygon","coordinates":[[[50.3766089,53.5313434],[50.3766119,53.5312776],[50.3766891,53.5312788],[50.3766861,53.5313447],[50.3766089,53.5313434]]]},"properties":{"id":"ccd2e3e7-f75b-4c18-a89e-a38337278eb9","source_type":"osm"}},{"type":"Feature","geometry":{"type":"Polygon","coordinates":[[[50.3579467,53.5256997],[50.3579764,53.5256284],[50.3580826,53.525644],[50.3580529,53.5257153],[50.3579467,53.5256997]]]},"properties":{"id":"e615dcc2-9188-4373-81f7-92d3c5b37010","source_type":"ml"}},{"type":"Feature","geometry":{"type":"Polygon","coordinates":[[[50.3585141,53.5250584],[50.3585956,53.5250809],[50.3585611,53.5251249],[50.3584796,53.5251023],[50.3585141,53.5250584]]]},"properties":{"id":"9ec46ec3-292e-4eb1-b2b1-7846736d1571","source_type":"ml"}},{"type":"Feature","geometry":{"type":"Polygon","coordinates":[[[50.3561548,53.5262056],[50.3559923,53.5261803],[50.3560385,53.5260756],[50.3562009,53.5261009],[50.3561548,53.5262056]]]},"properties":{"id":"74586689-dd80-43c5-accf-c28bf934660f","source_type":"osm"}},{"type":"Feature","geometry":{"type":"Polygon","coordinates":[[[50.3566078,53.5262453],[50.356638,53.5261564],[50.3567901,53.5261746],[50.3567599,53.5262635],[50.3566078,53.5262453]]]},"properties":{"id":"667b1213-051e-483b-bc64-e55e3f86182c","source_type":"ml"}},{"type":"Feature","geometry":{"type":"Polygon","coordinates":[[[50.357231,53.5250903],[50.3571658,53.5252012],[50.3570168,53.5251702],[50.357082,53.5250593],[50.357231,53.5250903]]]},"properties":{"id":"931906f3-bee6-44ed-adf5-3aa75526957b","source_type":"osm"}},{"type":"Feature","geometry":{"type":"Polygon","coordinates":[[[50.3570328,53.5243888],[50.3570601,53.5243502],[50.3572105,53.5243878],[50.3571874,53.5244203],[50.3571419,53.5244089],[50.3571135,53.5244489],[50.3570133,53.5244238],[50.3570373,53.5243899],[50.3570328,53.5243888]]]},"properties":{"id":"01711de9-9efa-4ee4-9e86-b97db3e8c6c1","source_type":"ml"}},{"type":"Feature","geometry":{"type":"Polygon","coordinates":[[[50.3555326,53.523887],[50.3556366,53.5239146],[50.3556091,53.5239512],[50.3555051,53.5239235],[50.3555326,53.523887]]]},"properties":{"id":"08903027-73c1-4b19-a76e-27b9be843e4f","source_type":"ml"}},{"type":"Feature","geometry":{"type":"Polygon","coordinates":[[[50.3545099,53.5243496],[50.3545326,53.5243208],[50.3545766,53.5243331],[50.3545539,53.5243618],[50.3545099,53.5243496]]]},"properties":{"id":"73f64db3-a89c-417a-84b6-c629c3c17a77","source_type":"ml"}},{"type":"Feature","geometry":{"type":"Polygon","coordinates":[[[50.3546434,53.5263755],[50.3545186,53.5263478],[50.3545594,53.5262827],[50.3546842,53.5263104],[50.3546434,53.5263755]]]},"properties":{"id":"4fa3ba96-6d27-4ecd-961f-c204d608785f","source_type":"ml"}},{"type":"Feature","geometry":{"type":"Polygon","coordinates":[[[50.3549638,53.5264219],[50.3550759,53.5264415],[50.3550336,53.5265273],[50.3549215,53.5265078],[50.3549638,53.5264219]]]},"properties":{"id":"2da50ee2-f327-4070-91f9-30b9cac82da5","source_type":"ml"}},{"type":"Feature","geometry":{"type":"Polygon","coordinates":[[[50.3555534,53.5265544],[50.3555995,53.5264924],[50.3556637,53.5265093],[50.3556175,53.5265713],[50.3555534,53.5265544]]]},"properties":{"id":"9ba4f4cd-4be0-47b4-b29f-1ebc6a6231cc","source_type":"ml"}},{"type":"Feature","geometry":{"type":"Polygon","coordinates":[[[50.354818,53.5278622],[50.354886,53.5277702],[50.3549488,53.5277866],[50.354936,53.5278039],[50.3550079,53.5278227],[50.354963,53.5278834],[50.3548872,53.5278635],[50.3548768,53.5278776],[50.354818,53.5278622]]]},"properties":{"id":"8c0d11ab-0417-41bd-9159-32b67b14d059","source_type":"osm"}},{"type":"Feature","geometry":{"type":"Polygon","coordinates":[[[50.353268,53.5276283],[50.3533765,53.5276409],[50.3533603,53.5276901],[50.3532518,53.5276775],[50.353268,53.5276283]]]},"properties":{"id":"850117f3-b5c7-4fed-a52b-c0f554f11e31","source_type":"ml"}},{"type":"Feature","geometry":{"type":"Polygon","coordinates":[[[50.3521484,53.5259778],[50.352115,53.5259729],[50.3521321,53.525932],[50.3521653,53.5259369],[50.3521829,53.5258947],[50.3523572,53.5259204],[50.352307,53.5260411],[50.3521327,53.5260155],[50.3521484,53.5259778]]]},"properties":{"id":"47be8efb-6e04-4962-9c15-3d0fec61ed93","source_type":"osm"}},{"type":"Feature","geometry":{"type":"Polygon","coordinates":[[[50.3521494,53.528049],[50.3519171,53.5279883],[50.3519896,53.5278901],[50.3522219,53.5279508],[50.3521494,53.528049]]]},"properties":{"id":"959380d5-d887-40aa-8024-efde8064da80","source_type":"osm"}},{"type":"Feature","geometry":{"type":"Polygon","coordinates":[[[50.32077,53.5039767],[50.3208706,53.5039748],[50.3208748,53.5040545],[50.3207743,53.5040564],[50.32077,53.5039767]]]},"properties":{"id":"d03cab3e-3715-465b-8c2c-898c02f184e5","source_type":"ml"}},{"type":"Feature","geometry":{"type":"Polygon","coordinates":[[[50.3206462,53.5282169],[50.3204325,53.5282716],[50.3203636,53.5281764],[50.3205773,53.5281217],[50.3206462,53.5282169]]]},"properties":{"id":"83abcbed-deed-4417-837d-e46b2532c726","source_type":"osm"}},{"type":"Feature","geometry":{"type":"Polygon","coordinates":[[[50.3513149,53.5265911],[50.3514282,53.5264112],[50.3515364,53.5264353],[50.3514651,53.5265486],[50.3514783,53.5265515],[50.3514363,53.5266181],[50.3513149,53.5265911]]]},"properties":{"id":"b8c8d39d-aff0-45dd-8194-8b47b3986b04","source_type":"ml"}},{"type":"Feature","geometry":{"type":"Polygon","coordinates":[[[50.3505716,53.525953],[50.3504992,53.5259517],[50.3505044,53.5258545],[50.3505767,53.5258559],[50.3505716,53.525953]]]},"properties":{"id":"6b85747f-275a-4986-aea3-37b37a3b0cec","source_type":"ml"}},{"type":"Feature","geometry":{"type":"Polygon","coordinates":[[[50.3503278,53.5282229],[50.3502036,53.5281945],[50.3502876,53.5280648],[50.3504118,53.5280932],[50.3503278,53.5282229]]]},"properties":{"id":"eaa27e2f-8429-4816-ae53-e4377ff1a037","source_type":"osm"}},{"type":"Feature","geometry":{"type":"Polygon","coordinates":[[[50.3501163,53.5281676],[50.3501982,53.5281758],[50.3501859,53.5282192],[50.350104,53.528211],[50.3501163,53.5281676]]]},"properties":{"id":"b9afbcfb-16a8-49e9-a901-6549545e8af6","source_type":"ml"}},{"type":"Feature","geometry":{"type":"Polygon","coordinates":[[[50.3490043,53.528068],[50.3489852,53.528113],[50.3488919,53.5280989],[50.3489111,53.528054],[50.3490043,53.528068]]]},"properties":{"id":"ff9fd131-df3e-4f11-bc3d-c9f9220b1a2f","source_type":"ml"}},{"type":"Feature","geometry":{"type":"Polygon","coordinates":[[[50.3499239,53.5268985],[50.3493172,53.5267676],[50.3493611,53.5266957],[50.3499678,53.5268266],[50.3499239,53.5268985]]]},"properties":{"id":"0ba012dc-9e2b-4497-8a2b-c0b7513176a0","source_type":"ml"}},{"type":"Feature","geometry":{"type":"Polygon","coordinates":[[[50.3493414,53.5257444],[50.3493509,53.5257015],[50.3493968,53.5257051],[50.3493873,53.525748],[50.3493414,53.5257444]]]},"properties":{"id":"192f8ae5-1c98-4eaa-9e70-2cd28ab16935","source_type":"ml"}},{"type":"Feature","geometry":{"type":"Polygon","coordinates":[[[50.3469017,53.5296146],[50.3468335,53.5295925],[50.3469049,53.5295145],[50.3469732,53.5295366],[50.3469017,53.5296146]]]},"properties":{"id":"88f2f628-027d-4cf6-983c-13c4bcbf22f1","source_type":"ml"}},{"type":"Feature","geometry":{"type":"Polygon","coordinates":[[[50.3472047,53.53054],[50.3470482,53.5304935],[50.3471276,53.5303991],[50.3472841,53.5304456],[50.3472047,53.53054]]]},"properties":{"id":"4098317b-5ac3-40f0-b8cb-3ef34dc0373f","source_type":"osm"}},{"type":"Feature","geometry":{"type":"Polygon","coordinates":[[[50.3460678,53.527073],[50.3459938,53.5270656],[50.3460182,53.5269796],[50.3460922,53.526987],[50.3460678,53.527073]]]},"properties":{"id":"72625432-0033-4287-ab2e-24f0def953db","source_type":"ml"}},{"type":"Feature","geometry":{"type":"Polygon","coordinates":[[[50.3421102,53.5310592],[50.3420604,53.5310392],[50.3421039,53.5310008],[50.3421537,53.5310208],[50.3421102,53.5310592]]]},"properties":{"id":"29a54ff3-aa3f-4d41-911c-678b8afa0fbc","source_type":"ml"}},{"type":"Feature","geometry":{"type":"Polygon","coordinates":[[[50.3421664,53.5290373],[50.3422083,53.5289968],[50.3423047,53.5290321],[50.3422628,53.5290726],[50.3421664,53.5290373]]]},"properties":{"id":"c2208d50-9f20-478f-bd66-dd24fc068ae7","source_type":"ml"}},{"type":"Feature","geometry":{"type":"Polygon","coordinates":[[[50.3429874,53.5259454],[50.3429006,53.5259687],[50.3428618,53.5259177],[50.3429486,53.5258943],[50.3429874,53.5259454]]]},"properties":{"id":"d6367938-cec6-4055-9148-e39c0cb9e949","source_type":"ml"}},{"type":"Feature","geometry":{"type":"Polygon","coordinates":[[[50.3412925,53.5265911],[50.3414061,53.5266043],[50.3413742,53.526701],[50.3413226,53.526695],[50.3413111,53.5267297],[50.3412491,53.5267225],[50.3412925,53.5265911]]]},"properties":{"id":"f62c1792-12df-48af-a13b-b721665bfcdf","source_type":"ml"}},{"type":"Feature","geometry":{"type":"Polygon","coordinates":[[[50.3408388,53.5283656],[50.3408883,53.528293],[50.3409943,53.5283186],[50.3409448,53.5283911],[50.3408388,53.5283656]]]},"properties":{"id":"e9d93766-2e6e-4646-8541-1efc5db20a5e","source_type":"ml"}},{"type":"Feature","geometry":{"type":"Polygon","coordinates":[[[50.3406943,53.5283517],[50.3406415,53.528334],[50.3406749,53.528299],[50.3407276,53.5283168],[50.3406943,53.5283517]]]},"properties":{"id":"05adee70-5d47-4971-a1c2-f9a6058a591e","source_type":"ml"}},{"type":"Feature","geometry":{"type":"Polygon","coordinates":[[[50.3403544,53.5308522],[50.3404512,53.5308722],[50.3404162,53.5309319],[50.3403194,53.5309119],[50.3403544,53.5308522]]]},"properties":{"id":"cf8bd508-decd-48d0-96b7-5e0477fc7bda","source_type":"ml"}},{"type":"Feature","geometry":{"type":"Polygon","coordinates":[[[50.3406745,53.5304519],[50.3407207,53.5303942],[50.340817,53.5304214],[50.3407708,53.5304792],[50.3406745,53.5304519]]]},"properties":{"id":"2360a85f-64b1-4f74-8c76-455f02f9e71b","source_type":"ml"}},{"type":"Feature","geometry":{"type":"Polygon","coordinates":[[[50.3412285,53.5309495],[50.3411728,53.5309386],[50.3411888,53.5309098],[50.3412444,53.5309208],[50.3412285,53.5309495]]]},"properties":{"id":"b784f6be-978b-486c-8556-18b80d6734a0","source_type":"ml"}},{"type":"Feature","geometry":{"type":"Polygon","coordinates":[[[50.339889,53.5305459],[50.3399722,53.5305702],[50.3399446,53.5306036],[50.3398614,53.5305793],[50.339889,53.5305459]]]},"properties":{"id":"cfa4e9cb-1474-4c02-9a90-ec8b6f5386a8","source_type":"ml"}},{"type":"Feature","geometry":{"type":"Polygon","coordinates":[[[50.3387846,53.528048],[50.3388295,53.5279951],[50.3389073,53.5280184],[50.3388625,53.5280713],[50.3387846,53.528048]]]},"properties":{"id":"345376e8-4995-4d46-9b28-98b230cd601c","source_type":"ml"}},{"type":"Feature","geometry":{"type":"Polygon","coordinates":[[[50.3230914,53.5308417],[50.3229451,53.5308865],[50.3228594,53.5307877],[50.3230057,53.5307429],[50.3230914,53.5308417]]]},"properties":{"id":"d63eb03c-bd71-4995-9299-1cfa6d4e8f35","source_type":"osm"}},{"type":"Feature","geometry":{"type":"Polygon","coordinates":[[[50.3210869,53.5316029],[50.3212035,53.5315667],[50.321287,53.5316617],[50.3211704,53.5316979],[50.3210869,53.5316029]]]},"properties":{"id":"65432ded-7cd7-48f4-950d-cd8a089a804a","source_type":"osm"}},{"type":"Feature","geometry":{"type":"Polygon","coordinates":[[[50.3225899,53.5310008],[50.3224146,53.5310557],[50.3223325,53.530963],[50.3225078,53.5309082],[50.3225899,53.5310008]]]},"properties":{"id":"bdca72b3-1e8e-44d5-bd89-699a9ad46b01","source_type":"osm"}},{"type":"Feature","geometry":{"type":"Polygon","coordinates":[[[50.3210407,53.5281044],[50.3209046,53.5281392],[50.3208328,53.5280401],[50.3209689,53.5280053],[50.3210407,53.5281044]]]},"properties":{"id":"576c098d-35a0-4d13-b6e8-e70b5330d0e9","source_type":"osm"}},{"type":"Feature","geometry":{"type":"Polygon","coordinates":[[[50.3247504,53.5263903],[50.3247796,53.526366],[50.324825,53.5263853],[50.3247958,53.5264096],[50.3247504,53.5263903]]]},"properties":{"id":"a764ad30-e27d-4e39-9219-69fc6f22adfe","source_type":"ml"}},{"type":"Feature","geometry":{"type":"Polygon","coordinates":[[[50.3356364,53.5150127],[50.3355051,53.5149208],[50.3356068,53.5148694],[50.3357381,53.5149613],[50.3356364,53.5150127]]]},"properties":{"id":"62f67824-b257-4958-8eb6-3064891c2d0e","source_type":"osm"}},{"type":"Feature","geometry":{"type":"Polygon","coordinates":[[[50.324703,53.5027293],[50.3246257,53.5025694],[50.3247421,53.5025495],[50.3248194,53.5027094],[50.324703,53.5027293]]]},"properties":{"id":"7d0fce6b-2e74-464b-ba17-7142ed54904e","source_type":"ml"}},{"type":"Feature","geometry":{"type":"Polygon","coordinates":[[[50.3254311,53.5039855],[50.3255089,53.503986],[50.3255074,53.5040705],[50.3254296,53.50407],[50.3254311,53.5039855]]]},"properties":{"id":"eafe5490-68d4-4a8e-92c2-f952a239bc44","source_type":"ml"}},{"type":"Feature","geometry":{"type":"Polygon","coordinates":[[[50.3247825,53.5061199],[50.3247993,53.5060528],[50.3249215,53.5060636],[50.3249047,53.5061307],[50.3247825,53.5061199]]]},"properties":{"id":"d52d567e-8e4f-46bf-ab7a-5a359ebf3160","source_type":"ml"}},{"type":"Feature","geometry":{"type":"Polygon","coordinates":[[[50.3244531,53.503952],[50.3245202,53.503952],[50.3245202,53.5039919],[50.3244531,53.5039919],[50.3244531,53.503952]]]},"properties":{"id":"376c3b7d-2ddb-4592-9b03-194c69f9da84","source_type":"ml"}},{"type":"Feature","geometry":{"type":"Polygon","coordinates":[[[50.3234329,53.5032167],[50.3233607,53.5032185],[50.3233529,53.5031103],[50.3233288,53.5031109],[50.323322,53.5030169],[50.3234184,53.5030145],[50.3234329,53.5032167]]]},"properties":{"id":"ed492079-2785-4b8c-b872-800a48a39097","source_type":"ml"}},{"type":"Feature","geometry":{"type":"Polygon","coordinates":[[[50.3228213,53.5029816],[50.3228245,53.5030342],[50.322756,53.5030356],[50.3227528,53.502983],[50.3228213,53.5029816]]]},"properties":{"id":"20eceb62-dc76-4d42-9743-924174fb3899","source_type":"ml"}},{"type":"Feature","geometry":{"type":"Polygon","coordinates":[[[50.3208449,53.5049489],[50.3208629,53.5046118],[50.3209607,53.5046136],[50.3209426,53.5049508],[50.3208449,53.5049489]]]},"properties":{"id":"53951c44-9627-4984-ab4d-c166ba611aa8","source_type":"ml"}},{"type":"Feature","geometry":{"type":"Polygon","coordinates":[[[50.3213773,53.5034826],[50.3213478,53.5033656],[50.3214213,53.503359],[50.3214508,53.503476],[50.3213773,53.5034826]]]},"properties":{"id":"78ffee98-ad9c-4dd9-a913-37ee023feb60","source_type":"ml"}},{"type":"Feature","geometry":{"type":"Polygon","coordinates":[[[50.3214603,53.5042837],[50.3215246,53.5042847],[50.3215227,53.5043278],[50.3214583,53.5043268],[50.3214603,53.5042837]]]},"properties":{"id":"cd41d9f6-d0ac-4579-9ffb-795fced3afad","source_type":"ml"}},{"type":"Feature","geometry":{"type":"Polygon","coordinates":[[[50.320853,53.5042467],[50.3208496,53.5041925],[50.3208938,53.5041915],[50.3208972,53.5042457],[50.320853,53.5042467]]]},"properties":{"id":"58512120-1afb-4898-a153-684f46431ea1","source_type":"ml"}},{"type":"Feature","geometry":{"type":"Polygon","coordinates":[[[50.3219894,53.5031883],[50.3219879,53.5031453],[50.3220243,53.5031448],[50.3220258,53.5031879],[50.3219894,53.5031883]]]},"properties":{"id":"16b1f7cd-7504-49f2-8943-2cb347bb5d4f","source_type":"ml"}},{"type":"Feature","geometry":{"type":"Polygon","coordinates":[[[50.3226242,53.503373],[50.3226311,53.5034685],[50.3225214,53.5034713],[50.3225088,53.5032978],[50.3225635,53.5032964],[50.3225659,53.5033298],[50.3226397,53.5033279],[50.3226429,53.5033725],[50.3226242,53.503373]]]},"properties":{"id":"2b2d038e-e31c-4732-978b-6bbac7df6cfb","source_type":"ml"}},{"type":"Feature","geometry":{"type":"Polygon","coordinates":[[[50.3224545,53.5023686],[50.3224414,53.5023353],[50.3224831,53.5023295],[50.3224962,53.5023627],[50.3224545,53.5023686]]]},"properties":{"id":"dfc56bbc-2a9e-4f6f-aa2c-706ee25da70f","source_type":"ml"}},{"type":"Feature","geometry":{"type":"Polygon","coordinates":[[[50.3292823,53.503739],[50.3292862,53.5038069],[50.3292272,53.5038081],[50.3292234,53.5037402],[50.3292823,53.503739]]]},"properties":{"id":"3f638ea6-0788-431a-be24-742e3d76ed36","source_type":"ml"}},{"type":"Feature","geometry":{"type":"Polygon","coordinates":[[[50.3302129,53.5035499],[50.3302106,53.5036185],[50.3301477,53.5036177],[50.33015,53.5035491],[50.3302129,53.5035499]]]},"properties":{"id":"020d2cc0-3dbc-4a4b-aca3-3a7652b7c319","source_type":"ml"}},{"type":"Feature","geometry":{"type":"Polygon","coordinates":[[[50.3300365,53.5035214],[50.3300161,53.5034344],[50.3301557,53.5034228],[50.3301832,53.5035403],[50.3301232,53.5035453],[50.3301161,53.5035148],[50.3300365,53.5035214]]]},"properties":{"id":"fc740cc9-865a-4c29-ab1b-da8f550d989f","source_type":"osm"}},{"type":"Feature","geometry":{"type":"Polygon","coordinates":[[[50.3309733,53.5026995],[50.3310294,53.5027014],[50.3310268,53.5027284],[50.3311231,53.5027317],[50.3311197,53.5027667],[50.3309673,53.5027615],[50.3309733,53.5026995]]]},"properties":{"id":"a069b412-5f4e-467d-9d46-d08311dc7890","source_type":"ml"}},{"type":"Feature","geometry":{"type":"Polygon","coordinates":[[[50.3309897,53.5044702],[50.3309917,53.5044384],[50.3310975,53.5044407],[50.3310955,53.5044725],[50.3309897,53.5044702]]]},"properties":{"id":"5f21bf14-1d5e-4078-9b18-67027e566784","source_type":"ml"}},{"type":"Feature","geometry":{"type":"Polygon","coordinates":[[[50.3340851,53.5007557],[50.3340883,53.5008178],[50.3340159,53.5008191],[50.3340128,53.500757],[50.3340851,53.5007557]]]},"properties":{"id":"fef84e7c-427b-4aea-a85a-f96b37c5fa3e","source_type":"ml"}},{"type":"Feature","geometry":{"type":"Polygon","coordinates":[[[50.3338404,53.5015994],[50.3338039,53.501599],[50.3338058,53.5015408],[50.3339801,53.5015428],[50.3339773,53.5016257],[50.3338396,53.5016241],[50.3338404,53.5015994]]]},"properties":{"id":"f65683e1-d298-4190-a23b-2876484f61d2","source_type":"ml"}},{"type":"Feature","geometry":{"type":"Polygon","coordinates":[[[50.3335512,53.50377],[50.3336758,53.5037726],[50.3336718,53.5038411],[50.3335471,53.5038385],[50.3335512,53.50377]]]},"properties":{"id":"18c8eb78-f775-4df9-9ced-c8632ab6c797","source_type":"ml"}},{"type":"Feature","geometry":{"type":"Polygon","coordinates":[[[50.3333027,53.5035636],[50.3333937,53.5035617],[50.3333992,53.5036509],[50.3333081,53.5036528],[50.3333027,53.5035636]]]},"properties":{"id":"ac62a083-28cc-4fcf-beb0-23f376341c21","source_type":"ml"}},{"type":"Feature","geometry":{"type":"Polygon","coordinates":[[[50.3420192,53.5003841],[50.3418499,53.5003833],[50.3418514,53.5002725],[50.3420207,53.5002733],[50.3420192,53.5003841]]]},"properties":{"id":"8d005717-ec8e-4eb8-b181-312c2b96cac3","source_type":"osm"}},{"type":"Feature","geometry":{"type":"Polygon","coordinates":[[[50.3440122,53.5003938],[50.343822,53.5003889],[50.343828,53.5003063],[50.3440181,53.5003111],[50.3440122,53.5003938]]]},"properties":{"id":"dae87da6-0185-4991-94bc-d96f6316057f","source_type":"osm"}},{"type":"Feature","geometry":{"type":"Polygon","coordinates":[[[50.3435864,53.500946],[50.3435857,53.5008883],[50.3437013,53.5008878],[50.343702,53.5009455],[50.3435864,53.500946]]]},"properties":{"id":"92bb191c-f911-44f2-ad77-39168e3ff520","source_type":"osm"}},{"type":"Feature","geometry":{"type":"Polygon","coordinates":[[[50.3436881,53.5033858],[50.3436905,53.503354],[50.3438136,53.5033572],[50.3438113,53.503389],[50.3436881,53.5033858]]]},"properties":{"id":"09d6795e-e520-4dcd-933c-f9b4187ff2a9","source_type":"ml"}},{"type":"Feature","geometry":{"type":"Polygon","coordinates":[[[50.3437657,53.5033113],[50.3436209,53.503309],[50.3436233,53.5032555],[50.3436823,53.5032565],[50.3436855,53.5031831],[50.3438732,53.5031861],[50.3438681,53.5033009],[50.3439041,53.5033014],[50.3439029,53.5033301],[50.3437837,53.5033282],[50.3437849,53.5033011],[50.3437661,53.5033008],[50.3437657,53.5033113]]]},"properties":{"id":"5639e302-1e67-4e91-ada2-d6fc55f1c44a","source_type":"ml"}},{"type":"Feature","geometry":{"type":"Polygon","coordinates":[[[50.3407742,53.5022459],[50.3408412,53.5022447],[50.3408431,53.5022814],[50.3407761,53.5022826],[50.3407742,53.5022459]]]},"properties":{"id":"37b2430c-0fbe-4b4c-a51c-41b85b75cc87","source_type":"ml"}},{"type":"Feature","geometry":{"type":"Polygon","coordinates":[[[50.3407031,53.5026686],[50.3405298,53.5026659],[50.3405349,53.5025506],[50.3407082,53.5025534],[50.3407031,53.5026686]]]},"properties":{"id":"b511f595-fca5-4718-93f2-6e5d5a28fb46","source_type":"osm"}},{"type":"Feature","geometry":{"type":"Polygon","coordinates":[[[50.3405246,53.5038028],[50.340472,53.5037984],[50.3404851,53.5037436],[50.3405377,53.5037481],[50.3405246,53.5038028]]]},"properties":{"id":"4a502e0f-8d93-4547-844b-3ec9eb0f88ab","source_type":"ml"}},{"type":"Feature","geometry":{"type":"Polygon","coordinates":[[[50.3400533,53.5044792],[50.3399106,53.5044688],[50.3399258,53.5043955],[50.3399628,53.5043982],[50.3399714,53.5043568],[50.3399727,53.5043569],[50.3399834,53.504305],[50.3399187,53.5043003],[50.3399314,53.504239],[50.3400833,53.5042501],[50.3400644,53.5043413],[50.3400816,53.5043425],[50.3400533,53.5044792]]]},"properties":{"id":"aeaf693f-8917-4ab4-9d28-98578c43c747","source_type":"ml"}},{"type":"Feature","geometry":{"type":"Polygon","coordinates":[[[50.3381932,53.5035207],[50.3381931,53.5035797],[50.3381275,53.5035796],[50.3381276,53.5035206],[50.3381932,53.5035207]]]},"properties":{"id":"72cf632e-3572-476e-96c2-6f2d64a772f7","source_type":"ml"}},{"type":"Feature","geometry":{"type":"Polygon","coordinates":[[[50.3390538,53.5025131],[50.3390561,53.5024499],[50.339114,53.5024507],[50.3391116,53.5025139],[50.3390538,53.5025131]]]},"properties":{"id":"de9fda1c-63a0-422f-9b14-7a84f3fb726c","source_type":"ml"}},{"type":"Feature","geometry":{"type":"Polygon","coordinates":[[[50.3384645,53.5003617],[50.3383182,53.5003575],[50.338326,53.5002604],[50.3384723,53.5002646],[50.3384645,53.5003617]]]},"properties":{"id":"7b394c14-a4e1-41c7-a4ee-1dc8031f40cb","source_type":"osm"}},{"type":"Feature","geometry":{"type":"Polygon","coordinates":[[[50.337613,53.5005517],[50.3376693,53.5005508],[50.3376711,53.5005906],[50.3376148,53.5005915],[50.337613,53.5005517]]]},"properties":{"id":"06f57287-bf03-4c6d-b15f-bfe8c0914f21","source_type":"ml"}},{"type":"Feature","geometry":{"type":"Polygon","coordinates":[[[50.3376577,53.500317],[50.3376598,53.5002837],[50.3378225,53.5002872],[50.337817,53.5003774],[50.337717,53.5003753],[50.3377205,53.5003183],[50.3376577,53.500317]]]},"properties":{"id":"7fa331a4-c451-4651-ad6a-a6185aac1ba9","source_type":"osm"}},{"type":"Feature","geometry":{"type":"Polygon","coordinates":[[[50.3416084,53.511779],[50.3415239,53.5118384],[50.3414562,53.5118044],[50.3415408,53.511745],[50.3416084,53.511779]]]},"properties":{"id":"bbbca519-47d3-4d96-8d48-edb874a4f7a2","source_type":"osm"}},{"type":"Feature","geometry":{"type":"Polygon","coordinates":[[[50.3514594,53.5239203],[50.3513864,53.5238901],[50.3514649,53.523823],[50.3515379,53.5238532],[50.3514594,53.5239203]]]},"properties":{"id":"46a2b348-2841-43fc-a188-3b58b93cfdb8","source_type":"osm"}},{"type":"Feature","geometry":{"type":"Polygon","coordinates":[[[50.3514752,53.5241781],[50.3514325,53.5241595],[50.3514645,53.5241336],[50.3515072,53.5241522],[50.3514752,53.5241781]]]},"properties":{"id":"b73ef173-4800-4ed0-aa20-bcb146bc7323","source_type":"ml"}},{"type":"Feature","geometry":{"type":"Polygon","coordinates":[[[50.3547315,53.5044849],[50.354664,53.5045439],[50.3545372,53.5044925],[50.3546046,53.5044336],[50.3547315,53.5044849]]]},"properties":{"id":"63853bd1-88c7-4a46-bbc7-912ce08c0569","source_type":"osm"}},{"type":"Feature","geometry":{"type":"Polygon","coordinates":[[[50.3555556,53.5041331],[50.3553896,53.5041251],[50.3553994,53.5040534],[50.3555654,53.5040614],[50.3555556,53.5041331]]]},"properties":{"id":"f09a7c58-48e3-4c54-82d0-467845bce439","source_type":"osm"}},{"type":"Feature","geometry":{"type":"Polygon","coordinates":[[[50.3544332,53.5041373],[50.3542746,53.5041614],[50.3542405,53.504082],[50.3543991,53.5040579],[50.3544332,53.5041373]]]},"properties":{"id":"23637cce-c099-4b05-9789-52ac741bd427","source_type":"osm"}},{"type":"Feature","geometry":{"type":"Polygon","coordinates":[[[50.3540679,53.5045849],[50.3539839,53.5046084],[50.353912,53.5045175],[50.3539959,53.504494],[50.3540679,53.5045849]]]},"properties":{"id":"bf9d18a4-1684-4970-93ad-af3e018f236b","source_type":"osm"}},{"type":"Feature","geometry":{"type":"Polygon","coordinates":[[[50.3525905,53.5059474],[50.3525206,53.5058605],[50.3526212,53.5058318],[50.3526911,53.5059188],[50.3525905,53.5059474]]]},"properties":{"id":"f03bb6ec-5c39-43b2-9844-6b3a01da7ec9","source_type":"osm"}},{"type":"Feature","geometry":{"type":"Polygon","coordinates":[[[50.3521638,53.504547],[50.3519577,53.504569],[50.3519393,53.5045084],[50.3521455,53.5044864],[50.3521638,53.504547]]]},"properties":{"id":"3db4ea95-80f3-488b-84fd-53f40f226e35","source_type":"osm"}},{"type":"Feature","geometry":{"type":"Polygon","coordinates":[[[50.35231,53.5049253],[50.3521709,53.5049557],[50.3521304,53.5048901],[50.3522696,53.5048598],[50.35231,53.5049253]]]},"properties":{"id":"f8336877-da7a-4e88-873e-ce1267ffe165","source_type":"osm"}},{"type":"Feature","geometry":{"type":"Polygon","coordinates":[[[50.3558874,53.507842],[50.3557705,53.5078961],[50.3557083,53.5078485],[50.3558251,53.5077945],[50.3558874,53.507842]]]},"properties":{"id":"388f129c-c4d2-4ac0-ab19-3d3a02fdd61d","source_type":"osm"}},{"type":"Feature","geometry":{"type":"Polygon","coordinates":[[[50.3566928,53.5080654],[50.3566057,53.5081057],[50.3564939,53.5080202],[50.356581,53.5079799],[50.3566928,53.5080654]]]},"properties":{"id":"bf756162-e1bc-468e-829c-152064f637b2","source_type":"osm"}},{"type":"Feature","geometry":{"type":"Polygon","coordinates":[[[50.3564429,53.5085895],[50.3563449,53.5086348],[50.3562452,53.5085586],[50.3563431,53.5085133],[50.3564429,53.5085895]]]},"properties":{"id":"4b9cf7ba-a870-41e2-b9e1-0eac29128007","source_type":"osm"}},{"type":"Feature","geometry":{"type":"Polygon","coordinates":[[[50.3572335,53.5092031],[50.3571445,53.5092448],[50.3570496,53.5091731],[50.3571386,53.5091314],[50.3572335,53.5092031]]]},"properties":{"id":"c665538d-a650-4578-8e21-fc9d6475ac8a","source_type":"osm"}},{"type":"Feature","geometry":{"type":"Polygon","coordinates":[[[50.3568452,53.5090201],[50.3567376,53.5089377],[50.3568075,53.5089054],[50.356915,53.5089879],[50.3568452,53.5090201]]]},"properties":{"id":"94fab9a0-656a-4eba-8ef4-0858578d93c8","source_type":"osm"}},{"type":"Feature","geometry":{"type":"Polygon","coordinates":[[[50.3533187,53.5225247],[50.3533692,53.5225276],[50.3533633,53.522564],[50.3533128,53.522561],[50.3533187,53.5225247]]]},"properties":{"id":"c81534e2-d4e5-4264-8807-aa1bb0621e7d","source_type":"ml"}},{"type":"Feature","geometry":{"type":"Polygon","coordinates":[[[50.3530985,53.5229383],[50.3529955,53.5229149],[50.3530092,53.5228935],[50.3531123,53.5229168],[50.3530985,53.5229383]]]},"properties":{"id":"49be59d6-ec86-45c5-9dae-bd03ac2e254d","source_type":"ml"}},{"type":"Feature","geometry":{"type":"Polygon","coordinates":[[[50.354781,53.5235899],[50.3547995,53.5235605],[50.3549617,53.5235968],[50.3549432,53.5236261],[50.354781,53.5235899]]]},"properties":{"id":"6e229cdd-5774-436d-abf8-beab3408fe35","source_type":"ml"}},{"type":"Feature","geometry":{"type":"Polygon","coordinates":[[[50.3563675,53.5234135],[50.3563291,53.5234068],[50.3563483,53.5233679],[50.3563867,53.5233746],[50.3563675,53.5234135]]]},"properties":{"id":"00fcf1ba-cf34-4b76-a04d-5d72d3ec07db","source_type":"ml"}},{"type":"Feature","geometry":{"type":"Polygon","coordinates":[[[50.3566511,53.5215538],[50.3565078,53.5214761],[50.3565929,53.5214206],[50.3567362,53.5214983],[50.3566511,53.5215538]]]},"properties":{"id":"a7d4fa84-a089-4b71-9dbb-dd7491674646","source_type":"osm"}},{"type":"Feature","geometry":{"type":"Polygon","coordinates":[[[50.3591953,53.5173045],[50.3592195,53.5173483],[50.3591239,53.517367],[50.3591117,53.5173448],[50.359062,53.5173545],[50.3590501,53.5173329],[50.3591953,53.5173045]]]},"properties":{"id":"1b1b1883-6bda-461e-9c14-ce39f0a2cc1e","source_type":"ml"}},{"type":"Feature","geometry":{"type":"Polygon","coordinates":[[[50.359201,53.5182146],[50.3592117,53.5182784],[50.35912,53.5182839],[50.3591093,53.5182201],[50.359201,53.5182146]]]},"properties":{"id":"edf63901-8142-4193-b498-a35fe84013c1","source_type":"ml"}},{"type":"Feature","geometry":{"type":"Polygon","coordinates":[[[50.3583717,53.5183252],[50.3584626,53.5183222],[50.3584663,53.5183613],[50.3583754,53.5183643],[50.3583717,53.5183252]]]},"properties":{"id":"b764729a-8dd9-4f71-b7a0-c1917e1346e0","source_type":"ml"}},{"type":"Feature","geometry":{"type":"Polygon","coordinates":[[[50.3584626,53.5230923],[50.3585435,53.5231183],[50.3584672,53.5232022],[50.3583863,53.5231761],[50.3584626,53.5230923]]]},"properties":{"id":"29ca8065-158f-4657-9f15-ee47b63b6cbd","source_type":"ml"}},{"type":"Feature","geometry":{"type":"Polygon","coordinates":[[[50.3580669,53.5218245],[50.3581513,53.5218436],[50.3580845,53.5219481],[50.3580001,53.521929],[50.3580669,53.5218245]]]},"properties":{"id":"795ba855-d620-4f94-ac05-94121d9a9003","source_type":"ml"}},{"type":"Feature","geometry":{"type":"Polygon","coordinates":[[[50.3599937,53.5220194],[50.3598996,53.5220011],[50.3599461,53.5219168],[50.3600401,53.5219352],[50.3599937,53.5220194]]]},"properties":{"id":"b9341e4e-485f-4961-8b59-6f1fb3b10ab3","source_type":"osm"}},{"type":"Feature","geometry":{"type":"Polygon","coordinates":[[[50.3600462,53.5222457],[50.3600815,53.5221794],[50.3602751,53.5222158],[50.360232,53.5222969],[50.3600789,53.5222682],[50.3600868,53.5222533],[50.3600462,53.5222457]]]},"properties":{"id":"f764bc4c-a56e-46c5-a6ab-2da57a2bdf4c","source_type":"osm"}},{"type":"Feature","geometry":{"type":"Polygon","coordinates":[[[50.3611955,53.5228265],[50.361204,53.5228036],[50.3612935,53.5228153],[50.3612851,53.5228381],[50.3611955,53.5228265]]]},"properties":{"id":"aedf2f16-e6b1-493f-aeec-67367a938c04","source_type":"ml"}},{"type":"Feature","geometry":{"type":"Polygon","coordinates":[[[50.3612992,53.5223518],[50.3612798,53.5222817],[50.3614386,53.5222662],[50.3614498,53.5223067],[50.3614233,53.5223093],[50.3614314,53.5223388],[50.3612992,53.5223518]]]},"properties":{"id":"fc19902a-82f7-4817-babf-8a302afae3e1","source_type":"osm"}},{"type":"Feature","geometry":{"type":"Polygon","coordinates":[[[50.3606917,53.5219442],[50.3607046,53.5218808],[50.3607586,53.5218847],[50.3607456,53.5219481],[50.3606917,53.5219442]]]},"properties":{"id":"cbb75c38-e267-4ce3-81ec-3bb60fb92309","source_type":"ml"}},{"type":"Feature","geometry":{"type":"Polygon","coordinates":[[[50.3607424,53.5173543],[50.3607207,53.5172633],[50.3608425,53.5172531],[50.3608641,53.517344],[50.3607424,53.5173543]]]},"properties":{"id":"79b8538b-949d-49ea-90d5-909cc0c9e6fd","source_type":"osm"}},{"type":"Feature","geometry":{"type":"Polygon","coordinates":[[[50.3608654,53.5168855],[50.3607726,53.5168617],[50.3608248,53.5167899],[50.3609176,53.5168137],[50.3608654,53.5168855]]]},"properties":{"id":"5fb5ee6a-f050-44a5-b81e-4e249bd2d767","source_type":"osm"}},{"type":"Feature","geometry":{"type":"Polygon","coordinates":[[[50.3607385,53.5166621],[50.3605677,53.5166248],[50.3606182,53.5165432],[50.360789,53.5165806],[50.3607385,53.5166621]]]},"properties":{"id":"e17c4a67-becb-4fe0-8976-b76f9239443f","source_type":"osm"}},{"type":"Feature","geometry":{"type":"Polygon","coordinates":[[[50.3618535,53.5141894],[50.3618165,53.5141222],[50.3619861,53.5140892],[50.362023,53.5141565],[50.3618535,53.5141894]]]},"properties":{"id":"7b563464-c87f-40d6-abb1-a4c446f31129","source_type":"osm"}},{"type":"Feature","geometry":{"type":"Polygon","coordinates":[[[50.359153,53.5095411],[50.3590704,53.5094933],[50.3591937,53.509418],[50.3592763,53.5094659],[50.359153,53.5095411]]]},"properties":{"id":"599ce3f4-0074-46b7-9a20-1a5f44be1328","source_type":"osm"}},{"type":"Feature","geometry":{"type":"Polygon","coordinates":[[[50.3679466,53.5120043],[50.3679962,53.5119739],[50.3680737,53.5120185],[50.3680241,53.512049],[50.3679466,53.5120043]]]},"properties":{"id":"921cdbc4-d0ae-4a39-8d6e-7ba27894d2c0","source_type":"ml"}},{"type":"Feature","geometry":{"type":"Polygon","coordinates":[[[50.3673189,53.5121872],[50.3672634,53.5121145],[50.3674361,53.5120678],[50.3674917,53.5121405],[50.3673189,53.5121872]]]},"properties":{"id":"af247811-9067-4dc4-a3b7-06582d137d2c","source_type":"osm"}},{"type":"Feature","geometry":{"type":"Polygon","coordinates":[[[50.36467,53.5148196],[50.3646787,53.514871],[50.364537,53.5148794],[50.3645283,53.514828],[50.36467,53.5148196]]]},"properties":{"id":"451b07fe-663e-473a-a7e0-d6554b71d4da","source_type":"ml"}},{"type":"Feature","geometry":{"type":"Polygon","coordinates":[[[50.3644685,53.5135822],[50.3643581,53.513524],[50.364434,53.5134731],[50.3645444,53.5135312],[50.3644685,53.5135822]]]},"properties":{"id":"3024f779-8bbd-498b-9ce7-c32ae84ce8e0","source_type":"osm"}},{"type":"Feature","geometry":{"type":"Polygon","coordinates":[[[50.3642183,53.5132891],[50.3642536,53.5132537],[50.3642874,53.5132656],[50.3642521,53.513301],[50.3642183,53.5132891]]]},"properties":{"id":"bb04438e-9b31-4dcc-8b64-bb88f687c7f3","source_type":"ml"}},{"type":"Feature","geometry":{"type":"Polygon","coordinates":[[[50.3649227,53.5130704],[50.364812,53.5129774],[50.3649614,53.5129145],[50.3650722,53.5130075],[50.3649227,53.5130704]]]},"properties":{"id":"e306a3f6-17b2-412f-93ee-6802da2f8980","source_type":"osm"}},{"type":"Feature","geometry":{"type":"Polygon","coordinates":[[[50.3650411,53.5135089],[50.3650728,53.5135232],[50.3650283,53.5135581],[50.3649966,53.5135438],[50.3650411,53.5135089]]]},"properties":{"id":"8a889ace-997e-4269-9d55-35541fd61561","source_type":"ml"}},{"type":"Feature","geometry":{"type":"Polygon","coordinates":[[[50.3635108,53.5140842],[50.363578,53.5141289],[50.3635383,53.51415],[50.3634711,53.5141054],[50.3635108,53.5140842]]]},"properties":{"id":"6252afc9-fb77-4123-ae0d-94a08bc6af91","source_type":"ml"}},{"type":"Feature","geometry":{"type":"Polygon","coordinates":[[[50.3635133,53.5177805],[50.3634908,53.517711],[50.3636411,53.5176938],[50.3636636,53.5177633],[50.3635133,53.5177805]]]},"properties":{"id":"dfee6009-5e47-487e-88f8-8343a1e66bae","source_type":"osm"}},{"type":"Feature","geometry":{"type":"Polygon","coordinates":[[[50.3685766,53.512587],[50.3685462,53.5125435],[50.3686309,53.5125226],[50.3686613,53.5125662],[50.3685766,53.512587]]]},"properties":{"id":"3a41eb30-33cb-4040-86bb-b54e64fe2ff6","source_type":"ml"}},{"type":"Feature","geometry":{"type":"Polygon","coordinates":[[[50.368925,53.5119679],[50.369032,53.5119358],[50.3690869,53.5120007],[50.3689799,53.5120328],[50.368925,53.5119679]]]},"properties":{"id":"d42a07b5-a8ef-41f4-b49f-ae079170aa4b","source_type":"ml"}},{"type":"Feature","geometry":{"type":"Polygon","coordinates":[[[50.3692286,53.5114842],[50.3693421,53.5114527],[50.3694068,53.5115353],[50.3692933,53.5115667],[50.3692286,53.5114842]]]},"properties":{"id":"d1b392ad-5bd7-42dd-8895-1ad4e827b4da","source_type":"ml"}},{"type":"Feature","geometry":{"type":"Polygon","coordinates":[[[50.3698196,53.5114847],[50.3696904,53.5113892],[50.369895,53.5112913],[50.3700243,53.5113867],[50.3698196,53.5114847]]]},"properties":{"id":"29e13b23-fb90-4bf2-a66a-940ad80a2815","source_type":"osm"}},{"type":"Feature","geometry":{"type":"Polygon","coordinates":[[[50.3793621,53.4959256],[50.379438,53.4959166],[50.3794457,53.4959396],[50.3793698,53.4959486],[50.3793621,53.4959256]]]},"properties":{"id":"1c228c57-21b3-4326-b2ee-8d1334681ff2","source_type":"ml"}},{"type":"Feature","geometry":{"type":"Polygon","coordinates":[[[50.3806425,53.5073458],[50.3807345,53.5073381],[50.3807438,53.5073772],[50.3806517,53.5073849],[50.3806425,53.5073458]]]},"properties":{"id":"fefda215-a59d-4646-857e-237e4c829363","source_type":"ml"}},{"type":"Feature","geometry":{"type":"Polygon","coordinates":[[[50.379823,53.507675],[50.3797286,53.5075311],[50.3799042,53.5074903],[50.3799987,53.5076342],[50.379823,53.507675]]]},"properties":{"id":"27443ffe-f542-4ae4-b3f7-978d4455a402","source_type":"osm"}},{"type":"Feature","geometry":{"type":"Polygon","coordinates":[[[50.3808188,53.5107162],[50.3808276,53.5107699],[50.3807825,53.5107725],[50.3807736,53.5107188],[50.3808188,53.5107162]]]},"properties":{"id":"7c03912c-ea19-4d34-9766-4867da57a425","source_type":"ml"}},{"type":"Feature","geometry":{"type":"Polygon","coordinates":[[[50.379264,53.5111251],[50.3792086,53.5109992],[50.3793037,53.5109844],[50.3793145,53.511009],[50.3794067,53.5109947],[50.3794512,53.511096],[50.379264,53.5111251]]]},"properties":{"id":"4007cfb0-b307-4868-a461-ff515ecccd22","source_type":"osm"}},{"type":"Feature","geometry":{"type":"Polygon","coordinates":[[[50.3790695,53.5108087],[50.3790346,53.5107137],[50.3791147,53.5107033],[50.3791045,53.5106755],[50.3792149,53.5106611],[50.3792797,53.5108377],[50.3791569,53.5108536],[50.3791371,53.5107999],[50.3790695,53.5108087]]]},"properties":{"id":"d65aed72-f2d6-4bea-8d32-888acd5c4673","source_type":"osm"}},{"type":"Feature","geometry":{"type":"Polygon","coordinates":[[[50.3791175,53.5085742],[50.3790794,53.5085258],[50.3793807,53.5084418],[50.3794188,53.5084902],[50.3791175,53.5085742]]]},"properties":{"id":"a782a247-3c6c-455c-b716-ac5dbaffb16d","source_type":"ml"}},{"type":"Feature","geometry":{"type":"Polygon","coordinates":[[[50.378596,53.506637],[50.378663,53.5066483],[50.3785867,53.5068086],[50.3785197,53.5067973],[50.378596,53.506637]]]},"properties":{"id":"a8db018e-8ab8-4ac4-a324-1029cf1a6846","source_type":"ml"}},{"type":"Feature","geometry":{"type":"Polygon","coordinates":[[[50.377154,53.5287931],[50.377228,53.5287801],[50.3772652,53.5288549],[50.3771912,53.5288679],[50.377154,53.5287931]]]},"properties":{"id":"c4ee9bf9-48ef-443c-9d10-c739ac67935a","source_type":"ml"}},{"type":"Feature","geometry":{"type":"Polygon","coordinates":[[[50.3765569,53.5303643],[50.376635,53.5303723],[50.376626,53.5304033],[50.3765479,53.5303952],[50.3765569,53.5303643]]]},"properties":{"id":"474a022a-dedd-45f5-b67b-6e7c5c57e57f","source_type":"ml"}},{"type":"Feature","geometry":{"type":"Polygon","coordinates":[[[50.374015,53.5307301],[50.3739338,53.530726],[50.3739402,53.5306811],[50.3740214,53.5306851],[50.374015,53.5307301]]]},"properties":{"id":"b42feb5b-7b69-484b-aa4b-31020b706bf1","source_type":"ml"}},{"type":"Feature","geometry":{"type":"Polygon","coordinates":[[[50.3724517,53.5300693],[50.3724475,53.5300004],[50.3726455,53.5299962],[50.3726496,53.5300651],[50.3724517,53.5300693]]]},"properties":{"id":"ccaeb79f-1961-48bb-8251-4988391120ce","source_type":"osm"}},{"type":"Feature","geometry":{"type":"Polygon","coordinates":[[[50.3708131,53.5276492],[50.3708583,53.5276103],[50.3709546,53.5276498],[50.3709094,53.5276887],[50.3708131,53.5276492]]]},"properties":{"id":"2b8c2297-c2c6-4714-9a1e-445d5b6e5631","source_type":"ml"}},{"type":"Feature","geometry":{"type":"Polygon","coordinates":[[[50.3548788,53.5286944],[50.354569,53.5286216],[50.3546662,53.5284754],[50.3547399,53.5284927],[50.3547174,53.5285265],[50.3548873,53.5285664],[50.3549063,53.5285379],[50.3549725,53.5285535],[50.3548788,53.5286944]]]},"properties":{"id":"a7546aa2-03a3-4f79-8930-c6b117ba31ef","source_type":"osm"}},{"type":"Feature","geometry":{"type":"Polygon","coordinates":[[[50.3568358,53.5273134],[50.3568694,53.5272442],[50.3569437,53.5272569],[50.3569101,53.5273261],[50.3568358,53.5273134]]]},"properties":{"id":"1ff22575-12a3-471c-aeaa-5d1043b251c4","source_type":"ml"}},{"type":"Feature","geometry":{"type":"Polygon","coordinates":[[[50.356477,53.5274948],[50.356599,53.5275255],[50.3565759,53.527558],[50.3564539,53.5275273],[50.356477,53.5274948]]]},"properties":{"id":"8a795796-dbed-4e95-8dbb-932a81a2087d","source_type":"ml"}},{"type":"Feature","geometry":{"type":"Polygon","coordinates":[[[50.3546553,53.524315],[50.3546911,53.5242743],[50.3548144,53.5243125],[50.3547786,53.5243533],[50.3546553,53.524315]]]},"properties":{"id":"b1179cb3-e392-452b-98d3-709d93d397bb","source_type":"ml"}},{"type":"Feature","geometry":{"type":"Polygon","coordinates":[[[50.3546285,53.5245973],[50.3545534,53.5245841],[50.3545641,53.5245628],[50.3546391,53.5245761],[50.3546285,53.5245973]]]},"properties":{"id":"2fe505e4-8be5-41e5-b596-c1f054a06892","source_type":"ml"}},{"type":"Feature","geometry":{"type":"Polygon","coordinates":[[[50.3548931,53.5254712],[50.3547984,53.5254438],[50.3548631,53.5253646],[50.3549579,53.525392],[50.3548931,53.5254712]]]},"properties":{"id":"4ac871ad-413f-4a10-b4de-d31e8e35111a","source_type":"osm"}},{"type":"Feature","geometry":{"type":"Polygon","coordinates":[[[50.3550892,53.5254293],[50.3551807,53.5254451],[50.3551377,53.5255334],[50.3550461,53.5255176],[50.3550892,53.5254293]]]},"properties":{"id":"4bf46be4-23c4-4ea1-bfd5-316d1771eb35","source_type":"ml"}},{"type":"Feature","geometry":{"type":"Polygon","coordinates":[[[50.3544098,53.5262967],[50.3544071,53.5262553],[50.3544645,53.526254],[50.3544671,53.5262954],[50.3544098,53.5262967]]]},"properties":{"id":"4e6e3484-72a2-4964-ace4-e1c9ee52f2dd","source_type":"ml"}},{"type":"Feature","geometry":{"type":"Polygon","coordinates":[[[50.3554574,53.5265981],[50.355306,53.5265595],[50.3553566,53.5264893],[50.3555081,53.5265279],[50.3554574,53.5265981]]]},"properties":{"id":"c5d83dd7-6e1f-482b-96b5-3132d873f403","source_type":"osm"}},{"type":"Feature","geometry":{"type":"Polygon","coordinates":[[[50.3536092,53.5273616],[50.353507,53.5273398],[50.3535445,53.5272777],[50.3536467,53.5272995],[50.3536092,53.5273616]]]},"properties":{"id":"e89784ca-1c1f-4ee2-a485-61e4d20018b5","source_type":"ml"}},{"type":"Feature","geometry":{"type":"Polygon","coordinates":[[[50.3535122,53.5261685],[50.3535994,53.5261829],[50.3535884,53.5262066],[50.3535012,53.5261922],[50.3535122,53.5261685]]]},"properties":{"id":"82f3c4ee-0e27-4b85-a16c-825886b2ee57","source_type":"ml"}},{"type":"Feature","geometry":{"type":"Polygon","coordinates":[[[50.3534765,53.5260345],[50.353313,53.5259888],[50.3533668,53.5259208],[50.3535303,53.5259665],[50.3534765,53.5260345]]]},"properties":{"id":"83b187c6-cff3-46e1-a883-b60fc814111f","source_type":"osm"}},{"type":"Feature","geometry":{"type":"Polygon","coordinates":[[[50.3534065,53.5282249],[50.353426,53.5281934],[50.3535101,53.5282119],[50.3534905,53.5282434],[50.3534065,53.5282249]]]},"properties":{"id":"3bf19e5d-46c5-4414-afcf-5364e1ea2e44","source_type":"ml"}},{"type":"Feature","geometry":{"type":"Polygon","coordinates":[[[50.3205302,53.5012177],[50.3206061,53.5012156],[50.3206092,53.5012538],[50.3205333,53.5012559],[50.3205302,53.5012177]]]},"properties":{"id":"9c56b1ac-936d-4e65-872f-5a2cdf0a52a9","source_type":"ml"}},{"type":"Feature","geometry":{"type":"Polygon","coordinates":[[[50.3515982,53.525495],[50.3516923,53.5255015],[50.3516673,53.5256289],[50.3515731,53.5256224],[50.3515982,53.525495]]]},"properties":{"id":"b8eae578-a050-4b20-8ef2-44581dfddf8f","source_type":"ml"}},{"type":"Feature","geometry":{"type":"Polygon","coordinates":[[[50.3511051,53.5248782],[50.3510618,53.5248626],[50.3511604,53.5247662],[50.3513894,53.5248489],[50.3512917,53.5249444],[50.3512581,53.5249323],[50.3512299,53.5249599],[50.3510778,53.5249049],[50.3511051,53.5248782]]]},"properties":{"id":"6a3147f6-13b0-4df7-913d-421b33975963","source_type":"osm"}},{"type":"Feature","geometry":{"type":"Polygon","coordinates":[[[50.3498001,53.5249627],[50.349845,53.5249049],[50.3498848,53.5249158],[50.3498399,53.5249736],[50.3498001,53.5249627]]]},"properties":{"id":"bc50296d-080f-4b87-b0ff-a8bf1bf67e65","source_type":"ml"}},{"type":"Feature","geometry":{"type":"Polygon","coordinates":[[[50.3495195,53.5274426],[50.3493308,53.5273962],[50.3494133,53.5272776],[50.349602,53.527324],[50.3495195,53.5274426]]]},"properties":{"id":"91d6e887-1cf9-45d2-bd7c-dfb6157338d6","source_type":"osm"}},{"type":"Feature","geometry":{"type":"Polygon","coordinates":[[[50.34962,53.5251908],[50.3495651,53.5251759],[50.3495942,53.525138],[50.3498328,53.5252027],[50.3497422,53.5253208],[50.3495585,53.5252709],[50.34962,53.5251908]]]},"properties":{"id":"6e04d506-d0a8-43d6-a333-8f508d9c41bc","source_type":"osm"}},{"type":"Feature","geometry":{"type":"Polygon","coordinates":[[[50.3485522,53.5259376],[50.348469,53.5259183],[50.3485265,53.525831],[50.348694,53.5258699],[50.3486727,53.5259023],[50.3487061,53.52591],[50.3486543,53.5259889],[50.3485365,53.5259615],[50.3485522,53.5259376]]]},"properties":{"id":"b6fd50d3-9f8f-4bfa-a05d-b199540acb32","source_type":"osm"}},{"type":"Feature","geometry":{"type":"Polygon","coordinates":[[[50.3476875,53.5276248],[50.347767,53.5274768],[50.3478718,53.5274966],[50.3478343,53.5275665],[50.3479082,53.5275805],[50.3478662,53.5276587],[50.3476875,53.5276248]]]},"properties":{"id":"fbc48be3-2236-41a3-8f70-e79a88c68df1","source_type":"osm"}},{"type":"Feature","geometry":{"type":"Polygon","coordinates":[[[50.348047,53.53007],[50.3481269,53.5300926],[50.3481047,53.5301204],[50.3480247,53.5300979],[50.348047,53.53007]]]},"properties":{"id":"d0705082-462b-42c4-8f4c-152eefd48c9d","source_type":"ml"}},{"type":"Feature","geometry":{"type":"Polygon","coordinates":[[[50.3467666,53.5289317],[50.3468107,53.5289398],[50.3467799,53.5289995],[50.3467357,53.5289915],[50.3467666,53.5289317]]]},"properties":{"id":"1ba15049-0c31-4a4a-a47b-a0ac8dbbae2b","source_type":"ml"}},{"type":"Feature","geometry":{"type":"Polygon","coordinates":[[[50.3460786,53.5272793],[50.3461382,53.527286],[50.3461138,53.5273622],[50.3460542,53.5273555],[50.3460786,53.5272793]]]},"properties":{"id":"303a9049-da13-40f3-8d50-33c65c173152","source_type":"ml"}},{"type":"Feature","geometry":{"type":"Polygon","coordinates":[[[50.3465375,53.5267793],[50.3465082,53.5267256],[50.346636,53.526701],[50.3466653,53.5267546],[50.3465375,53.5267793]]]},"properties":{"id":"abc2ac81-71cc-4283-8bd6-40ef63ec9aec","source_type":"osm"}},{"type":"Feature","geometry":{"type":"Polygon","coordinates":[[[50.3423,53.5308579],[50.3422876,53.5308782],[50.3422142,53.5308623],[50.342246,53.5308102],[50.342426,53.5308492],[50.3424066,53.5308809],[50.3423,53.5308579]]]},"properties":{"id":"41f5110a-2a53-4ac5-9054-f9f2435429e5","source_type":"ml"}},{"type":"Feature","geometry":{"type":"Polygon","coordinates":[[[50.3434337,53.5293622],[50.343469,53.5293179],[50.3435642,53.5293446],[50.343529,53.5293889],[50.3434337,53.5293622]]]},"properties":{"id":"a58c454b-687b-4a43-bcf2-b6e822bd452b","source_type":"ml"}},{"type":"Feature","geometry":{"type":"Polygon","coordinates":[[[50.3430707,53.528281],[50.3431096,53.5282916],[50.3430835,53.5283251],[50.3430182,53.5283071],[50.3430294,53.5282926],[50.3430559,53.5282999],[50.3430707,53.528281]]]},"properties":{"id":"a96c48cd-f0cc-4d40-9620-9d069daaef48","source_type":"ml"}},{"type":"Feature","geometry":{"type":"Polygon","coordinates":[[[50.3420344,53.5269526],[50.3420619,53.5269245],[50.342116,53.5269433],[50.3420885,53.5269713],[50.3420344,53.5269526]]]},"properties":{"id":"5fbcf5ca-9f5c-4385-b0e8-99968ad21d20","source_type":"ml"}},{"type":"Feature","geometry":{"type":"Polygon","coordinates":[[[50.3415147,53.5301127],[50.3414288,53.5300937],[50.3414512,53.5300578],[50.3415371,53.5300769],[50.3415147,53.5301127]]]},"properties":{"id":"23da7f23-1aec-44ec-84b1-b5b755d2447d","source_type":"ml"}},{"type":"Feature","geometry":{"type":"Polygon","coordinates":[[[50.340938,53.5313886],[50.3408739,53.5313729],[50.34092,53.5313067],[50.3409922,53.5313245],[50.3409898,53.531328],[50.3410401,53.5313404],[50.3409927,53.5314085],[50.3409342,53.5313941],[50.340938,53.5313886]]]},"properties":{"id":"cce4d692-d26a-4021-93c2-369f3e710628","source_type":"ml"}},{"type":"Feature","geometry":{"type":"Polygon","coordinates":[[[50.3388852,53.529915],[50.338907,53.5298877],[50.3389486,53.5298994],[50.3389268,53.5299267],[50.3388852,53.529915]]]},"properties":{"id":"0aa4867e-d753-4988-8948-b0407d69e457","source_type":"ml"}},{"type":"Feature","geometry":{"type":"Polygon","coordinates":[[[50.3377662,53.5284329],[50.3379292,53.5284707],[50.3378611,53.5285745],[50.3376981,53.5285367],[50.3377662,53.5284329]]]},"properties":{"id":"ebd1e308-08a1-4623-baa9-59e274e3b69d","source_type":"ml"}},{"type":"Feature","geometry":{"type":"Polygon","coordinates":[[[50.3377504,53.52869],[50.3378206,53.5286],[50.33792,53.5286273],[50.3378497,53.5287174],[50.3377504,53.52869]]]},"properties":{"id":"8d80c78b-5d43-4c6f-8298-5c5e8733d126","source_type":"ml"}},{"type":"Feature","geometry":{"type":"Polygon","coordinates":[[[50.3222409,53.530743],[50.3221142,53.5307731],[50.3220567,53.5306876],[50.3221834,53.5306575],[50.3222409,53.530743]]]},"properties":{"id":"1ee15e68-bfff-46a5-9986-caf14c8d0635","source_type":"osm"}},{"type":"Feature","geometry":{"type":"Polygon","coordinates":[[[50.3354859,53.5150516],[50.3353855,53.5151006],[50.3352797,53.5150241],[50.3353802,53.5149751],[50.3354859,53.5150516]]]},"properties":{"id":"1cdfebdf-124a-4de0-89c4-d8f73824303e","source_type":"osm"}},{"type":"Feature","geometry":{"type":"Polygon","coordinates":[[[50.3252111,53.5039687],[50.3253067,53.503963],[50.3253113,53.5039906],[50.3252157,53.5039962],[50.3252111,53.5039687]]]},"properties":{"id":"5fc91757-c7ae-44ae-9e6e-071edced68eb","source_type":"ml"}},{"type":"Feature","geometry":{"type":"Polygon","coordinates":[[[50.325685,53.50309],[50.3257574,53.5032762],[50.3256188,53.5032953],[50.3255464,53.5031091],[50.325685,53.50309]]]},"properties":{"id":"e7901ed3-5a51-45e7-aab3-402f56741f2a","source_type":"ml"}},{"type":"Feature","geometry":{"type":"Polygon","coordinates":[[[50.3256696,53.5039282],[50.3257285,53.5039289],[50.325727,53.5039752],[50.3256681,53.5039745],[50.3256696,53.5039282]]]},"properties":{"id":"d0ee7c2f-a8ce-428f-9e9a-ac37fc2678bf","source_type":"ml"}},{"type":"Feature","geometry":{"type":"Polygon","coordinates":[[[50.3246044,53.5030817],[50.3245918,53.5029943],[50.3246775,53.5029899],[50.3246799,53.5030065],[50.3247226,53.5030043],[50.3247329,53.5030751],[50.3246044,53.5030817]]]},"properties":{"id":"b70cd829-f538-4a74-bc46-434f0e1e0234","source_type":"osm"}},{"type":"Feature","geometry":{"type":"Polygon","coordinates":[[[50.3231688,53.5040087],[50.3231506,53.5039242],[50.3233192,53.5039114],[50.3233374,53.5039958],[50.3231688,53.5040087]]]},"properties":{"id":"dab9cff8-a16b-480e-83f2-abc35c22e149","source_type":"osm"}},{"type":"Feature","geometry":{"type":"Polygon","coordinates":[[[50.3228759,53.5032413],[50.3228734,53.5032787],[50.3228347,53.5032778],[50.3228372,53.5032403],[50.3228759,53.5032413]]]},"properties":{"id":"6e9eee99-7435-4bb4-ae93-e09a69425179","source_type":"ml"}},{"type":"Feature","geometry":{"type":"Polygon","coordinates":[[[50.3210763,53.5036272],[50.321059,53.5035416],[50.3211645,53.503534],[50.3211691,53.503557],[50.3212173,53.5035536],[50.3212299,53.5036162],[50.3210763,53.5036272]]]},"properties":{"id":"d18e8f5f-d256-45a8-85a1-78504c4f4ffa","source_type":"osm"}},{"type":"Feature","geometry":{"type":"Polygon","coordinates":[[[50.3220405,53.5034868],[50.3220329,53.5034166],[50.322233,53.5034089],[50.3222454,53.5035236],[50.3221036,53.503529],[50.3220988,53.5034846],[50.3220405,53.5034868]]]},"properties":{"id":"aa06a614-83d1-4379-90b0-2d8e39ebb38d","source_type":"osm"}},{"type":"Feature","geometry":{"type":"Polygon","coordinates":[[[50.3226577,53.5041881],[50.3226532,53.5041269],[50.3227175,53.5041252],[50.322722,53.5041865],[50.3226577,53.5041881]]]},"properties":{"id":"e825194c-a585-46c7-bffe-a7c0aa3dbdb4","source_type":"ml"}},{"type":"Feature","geometry":{"type":"Polygon","coordinates":[[[50.3229322,53.5005751],[50.3229054,53.5005004],[50.322997,53.5004888],[50.3230237,53.5005636],[50.3229322,53.5005751]]]},"properties":{"id":"03e49115-0757-49e6-b4d6-e51ff658a3c9","source_type":"osm"}},{"type":"Feature","geometry":{"type":"Polygon","coordinates":[[[50.3290198,53.503685],[50.329111,53.5036839],[50.3291122,53.5037212],[50.329021,53.5037222],[50.3290198,53.503685]]]},"properties":{"id":"18386c6d-e8ae-404a-a110-8800d2231d33","source_type":"ml"}},{"type":"Feature","geometry":{"type":"Polygon","coordinates":[[[50.3299425,53.5040918],[50.3300095,53.5040905],[50.3300174,53.5042371],[50.3299504,53.5042384],[50.3299425,53.5040918]]]},"properties":{"id":"f44cc409-0a10-48a1-92e7-916ad4a68c7b","source_type":"ml"}},{"type":"Feature","geometry":{"type":"Polygon","coordinates":[[[50.3296642,53.5030283],[50.3296199,53.5029204],[50.3297899,53.5028957],[50.3298342,53.5030036],[50.3296642,53.5030283]]]},"properties":{"id":"7107d2a4-d636-437c-8055-fc9a233d418a","source_type":"osm"}},{"type":"Feature","geometry":{"type":"Polygon","coordinates":[[[50.332169,53.5022605],[50.3321708,53.5022271],[50.3322243,53.5022281],[50.3322225,53.5022616],[50.332169,53.5022605]]]},"properties":{"id":"8f618786-b81d-4431-8e0e-4aaf4b6b0cf8","source_type":"ml"}},{"type":"Feature","geometry":{"type":"Polygon","coordinates":[[[50.3341886,53.5008013],[50.3341361,53.5007951],[50.3341473,53.5007614],[50.3341999,53.5007676],[50.3341886,53.5008013]]]},"properties":{"id":"dbe9014f-f3a4-4096-bfe9-76ba4aa60971","source_type":"ml"}},{"type":"Feature","geometry":{"type":"Polygon","coordinates":[[[50.3340259,53.5007237],[50.3340292,53.5006424],[50.3340855,53.5006432],[50.3340822,53.5007246],[50.3340259,53.5007237]]]},"properties":{"id":"ca2c9b59-a92e-4230-a875-cb88022f5aa7","source_type":"ml"}},{"type":"Feature","geometry":{"type":"Polygon","coordinates":[[[50.3337017,53.5017943],[50.3336535,53.5017935],[50.3336576,53.5016963],[50.3337059,53.501697],[50.3337017,53.5017943]]]},"properties":{"id":"df1cf6cd-a5f0-43ba-879a-c5367ed64583","source_type":"ml"}},{"type":"Feature","geometry":{"type":"Polygon","coordinates":[[[50.3332723,53.5037276],[50.3332764,53.5036742],[50.3333728,53.5036769],[50.3333686,53.5037302],[50.3332723,53.5037276]]]},"properties":{"id":"0f8e2283-bc4c-4e31-a608-31e284a069e4","source_type":"ml"}},{"type":"Feature","geometry":{"type":"Polygon","coordinates":[[[50.3338551,53.5033524],[50.3338484,53.5032727],[50.3340588,53.5032664],[50.3340656,53.5033461],[50.3338551,53.5033524]]]},"properties":{"id":"8a965994-2846-4e4f-aa80-b4df3e1cb931","source_type":"osm"}},{"type":"Feature","geometry":{"type":"Polygon","coordinates":[[[50.3336089,53.5024248],[50.3334722,53.5024267],[50.3334699,53.5023677],[50.3336066,53.5023658],[50.3336089,53.5024248]]]},"properties":{"id":"933031e7-63bc-4fac-8083-ae56d1311534","source_type":"ml"}},{"type":"Feature","geometry":{"type":"Polygon","coordinates":[[[50.3344191,53.5026214],[50.3344912,53.5026239],[50.3344885,53.5026525],[50.3345419,53.5026543],[50.3345395,53.5026797],[50.3345903,53.5026815],[50.3345867,53.5027181],[50.334484,53.5027145],[50.3344814,53.5027416],[50.3344077,53.502739],[50.3344191,53.5026214]]]},"properties":{"id":"d3ce3d51-26cb-434c-b210-db073ab2b1b7","source_type":"ml"}},{"type":"Feature","geometry":{"type":"Polygon","coordinates":[[[50.3354753,53.5035479],[50.3354665,53.5036032],[50.3353734,53.503598],[50.3353823,53.5035426],[50.3354753,53.5035479]]]},"properties":{"id":"279d1828-cf9e-457e-8324-c34f209b3bc8","source_type":"ml"}},{"type":"Feature","geometry":{"type":"Polygon","coordinates":[[[50.3355934,53.5034419],[50.3355945,53.5034005],[50.3356589,53.5034011],[50.3356569,53.5034729],[50.3356045,53.5034724],[50.3356053,53.5034421],[50.3355934,53.5034419]]]},"properties":{"id":"4d66bd2a-fdc1-4004-8d58-04f4d7070e92","source_type":"ml"}},{"type":"Feature","geometry":{"type":"Polygon","coordinates":[[[50.3353604,53.4999702],[50.3353611,53.4999447],[50.3354255,53.4999453],[50.3354247,53.4999708],[50.3353604,53.4999702]]]},"properties":{"id":"e5e56484-6b87-4acb-a875-46a33d6f1ce8","source_type":"ml"}},{"type":"Feature","geometry":{"type":"Polygon","coordinates":[[[50.3343601,53.5006721],[50.3344619,53.5006702],[50.3344655,53.5007371],[50.3343637,53.500739],[50.3343601,53.5006721]]]},"properties":{"id":"a7db247e-9dd0-490d-bd46-214a2097f3bf","source_type":"ml"}},{"type":"Feature","geometry":{"type":"Polygon","coordinates":[[[50.3406129,53.5019916],[50.3406601,53.5019923],[50.340655,53.5021119],[50.3406078,53.5021111],[50.3406129,53.5019916]]]},"properties":{"id":"189f56c5-4265-49b6-9c11-31eaaee2335f","source_type":"ml"}},{"type":"Feature","geometry":{"type":"Polygon","coordinates":[[[50.342738,53.5026463],[50.3426014,53.5026455],[50.3426028,53.5025587],[50.34265,53.502559],[50.3426513,53.5024859],[50.3427407,53.5024864],[50.342738,53.5026463]]]},"properties":{"id":"2d7fb281-9d3f-4a37-9783-cc18b279d211","source_type":"osm"}},{"type":"Feature","geometry":{"type":"Polygon","coordinates":[[[50.3384912,53.5026933],[50.3384872,53.502637],[50.3385954,53.5026343],[50.3385994,53.5026906],[50.3384912,53.5026933]]]},"properties":{"id":"61ae1781-1568-4e0f-afa8-e0c36f0d9381","source_type":"ml"}},{"type":"Feature","geometry":{"type":"Polygon","coordinates":[[[50.3394495,53.5024695],[50.3394504,53.5024956],[50.3393592,53.5024966],[50.3393584,53.5024705],[50.3394495,53.5024695]]]},"properties":{"id":"dfb8a4d3-36d0-4100-9105-73085b79e59c","source_type":"ml"}},{"type":"Feature","geometry":{"type":"Polygon","coordinates":[[[50.3396603,53.5026748],[50.3395546,53.5026731],[50.3395587,53.5025832],[50.3396644,53.5025849],[50.3396603,53.5026748]]]},"properties":{"id":"197077a6-0873-4c80-b583-af3ee4e67571","source_type":"osm"}},{"type":"Feature","geometry":{"type":"Polygon","coordinates":[[[50.3399779,53.5024235],[50.3399827,53.5023333],[50.3400792,53.5023351],[50.3400743,53.5024254],[50.3399779,53.5024235]]]},"properties":{"id":"9d5ec176-59e3-4e6f-86a1-9d267f498163","source_type":"ml"}},{"type":"Feature","geometry":{"type":"Polygon","coordinates":[[[50.337775,53.5007519],[50.3377718,53.5006341],[50.3380788,53.5006312],[50.3380819,53.500749],[50.337775,53.5007519]]]},"properties":{"id":"a6b734ad-540a-4252-839c-a0b379714711","source_type":"osm"}},{"type":"Feature","geometry":{"type":"Polygon","coordinates":[[[50.3377422,53.502228],[50.3377986,53.502228],[50.3377987,53.5022758],[50.3377424,53.5022759],[50.3377422,53.502228]]]},"properties":{"id":"21cdf466-b1ec-429a-8a6c-d56111db4c9d","source_type":"ml"}},{"type":"Feature","geometry":{"type":"Polygon","coordinates":[[[50.3380294,53.5023424],[50.3380405,53.5023136],[50.3381006,53.5023218],[50.3380896,53.5023506],[50.3380294,53.5023424]]]},"properties":{"id":"2be8a7b3-6e9a-4920-adb2-c38cbe398f08","source_type":"ml"}},{"type":"Feature","geometry":{"type":"Polygon","coordinates":[[[50.3431955,53.5122119],[50.3431873,53.5120845],[50.3433735,53.5120802],[50.3433709,53.5120396],[50.34347,53.5120374],[50.3434726,53.5120772],[50.3434042,53.5120788],[50.3434064,53.5121129],[50.3435001,53.5121108],[50.3435059,53.5122008],[50.3434229,53.5122027],[50.3434219,53.5121876],[50.3433228,53.5121898],[50.3433193,53.5121349],[50.3434145,53.5121328],[50.3434139,53.5121239],[50.3433187,53.5121261],[50.343318,53.512115],[50.34331,53.5121151],[50.343316,53.5122091],[50.3431955,53.5122119]]]},"properties":{"id":"a7335261-0b35-4e1a-995e-5a249d6a9e2b","source_type":"ml"}},{"type":"Feature","geometry":{"type":"Polygon","coordinates":[[[50.3459171,53.5035571],[50.3459096,53.5036143],[50.3457752,53.5036081],[50.3457827,53.5035508],[50.3459171,53.5035571]]]},"properties":{"id":"f718256c-e3a4-48fb-86d8-540bf8d587a2","source_type":"osm"}},{"type":"Feature","geometry":{"type":"Polygon","coordinates":[[[50.3458005,53.5034429],[50.3456831,53.5034285],[50.3457097,53.5033519],[50.3458271,53.5033663],[50.3458005,53.5034429]]]},"properties":{"id":"6fe34207-5ded-4472-bda3-bb010d3550bc","source_type":"osm"}},{"type":"Feature","geometry":{"type":"Polygon","coordinates":[[[50.3455325,53.5008717],[50.3455363,53.5007149],[50.3458902,53.5007179],[50.3458864,53.5008747],[50.3455325,53.5008717]]]},"properties":{"id":"fc6479db-a99a-4b93-943f-48ce4529dd09","source_type":"osm"}},{"type":"Feature","geometry":{"type":"Polygon","coordinates":[[[50.3465969,53.5008911],[50.346588,53.5010281],[50.3465157,53.5010264],[50.3465246,53.5008894],[50.3465969,53.5008911]]]},"properties":{"id":"4d59dd34-1fbe-46f5-ace3-0af5e95f639a","source_type":"ml"}},{"type":"Feature","geometry":{"type":"Polygon","coordinates":[[[50.3464205,53.5002308],[50.3464289,53.5000291],[50.3465549,53.5000309],[50.3465465,53.5002327],[50.3464205,53.5002308]]]},"properties":{"id":"0a70a816-7773-47ab-ab73-c3105cdb76dc","source_type":"ml"}},{"type":"Feature","geometry":{"type":"Polygon","coordinates":[[[50.3550342,53.5038313],[50.3548619,53.5038808],[50.3548121,53.5038193],[50.3549843,53.5037698],[50.3550342,53.5038313]]]},"properties":{"id":"66e347f6-fcd7-45cd-baef-efd2822cdf9e","source_type":"osm"}},{"type":"Feature","geometry":{"type":"Polygon","coordinates":[[[50.354333,53.5035043],[50.3542362,53.5034747],[50.3543221,53.5033753],[50.3544188,53.5034048],[50.354333,53.5035043]]]},"properties":{"id":"1074fc31-ed03-4eb6-9456-4c309986aef4","source_type":"osm"}},{"type":"Feature","geometry":{"type":"Polygon","coordinates":[[[50.353591,53.5046455],[50.3534941,53.5046372],[50.353517,53.5045428],[50.3536139,53.5045512],[50.353591,53.5046455]]]},"properties":{"id":"6516b4c0-056d-43f1-9df0-994e44ab0a92","source_type":"osm"}},{"type":"Feature","geometry":{"type":"Polygon","coordinates":[[[50.3544135,53.5056389],[50.3542622,53.5056182],[50.3542866,53.5055551],[50.3544378,53.5055757],[50.3544135,53.5056389]]]},"properties":{"id":"fea3dc62-6523-49fe-8215-d432ea4115a4","source_type":"osm"}},{"type":"Feature","geometry":{"type":"Polygon","coordinates":[[[50.353777,53.5050645],[50.3536887,53.5050667],[50.3536823,53.5049759],[50.3537707,53.5049738],[50.353777,53.5050645]]]},"properties":{"id":"cac5de11-bae3-4d2a-a4be-404d058c3091","source_type":"osm"}},{"type":"Feature","geometry":{"type":"Polygon","coordinates":[[[50.3528475,53.5050036],[50.3527659,53.5049732],[50.352845,53.5048979],[50.3529266,53.5049283],[50.3528475,53.5050036]]]},"properties":{"id":"d4dab782-07e2-4954-8af9-8bc156204890","source_type":"osm"}},{"type":"Feature","geometry":{"type":"Polygon","coordinates":[[[50.3539831,53.5074754],[50.35392,53.5074295],[50.3540471,53.5073677],[50.3541102,53.5074136],[50.3539831,53.5074754]]]},"properties":{"id":"32c4c1e7-2ca1-416b-b72a-c8629e89c805","source_type":"osm"}},{"type":"Feature","geometry":{"type":"Polygon","coordinates":[[[50.3534386,53.5231374],[50.3534076,53.5232201],[50.3533463,53.523212],[50.3533772,53.5231293],[50.3534386,53.5231374]]]},"properties":{"id":"fdc12c00-34d7-4674-b73c-633a8c4395b7","source_type":"ml"}},{"type":"Feature","geometry":{"type":"Polygon","coordinates":[[[50.3590137,53.5180913],[50.3589681,53.5180174],[50.3591287,53.5179823],[50.3591937,53.5180877],[50.3590811,53.5181122],[50.3590617,53.5180808],[50.3590137,53.5180913]]]},"properties":{"id":"c5983001-cc14-4824-b3a4-58bd6b8c2a73","source_type":"osm"}},{"type":"Feature","geometry":{"type":"Polygon","coordinates":[[[50.3576282,53.5185265],[50.3574409,53.5184984],[50.3574799,53.5184064],[50.3576672,53.5184345],[50.3576282,53.5185265]]]},"properties":{"id":"60d1a8c8-5ffd-42a9-a95f-3a6e8cf4bb4c","source_type":"osm"}},{"type":"Feature","geometry":{"type":"Polygon","coordinates":[[[50.3575478,53.5220937],[50.3575587,53.5220781],[50.3576457,53.5220996],[50.3576187,53.5221383],[50.3574722,53.5221022],[50.3574883,53.5220791],[50.3575478,53.5220937]]]},"properties":{"id":"4e081c84-ceed-4db0-9985-7a0f003da0d1","source_type":"ml"}},{"type":"Feature","geometry":{"type":"Polygon","coordinates":[[[50.3577475,53.5232245],[50.3578385,53.5232484],[50.3577627,53.5233504],[50.3576717,53.5233265],[50.3577475,53.5232245]]]},"properties":{"id":"25f54abf-8405-4ef1-9779-cbebdcf33577","source_type":"ml"}},{"type":"Feature","geometry":{"type":"Polygon","coordinates":[[[50.3592757,53.521815],[50.3592712,53.5218442],[50.359194,53.5218399],[50.3591985,53.5218108],[50.3592757,53.521815]]]},"properties":{"id":"165b12f4-7c77-4763-b43a-9f3f2ca57e55","source_type":"ml"}},{"type":"Feature","geometry":{"type":"Polygon","coordinates":[[[50.3589401,53.522392],[50.3590211,53.5224188],[50.35891,53.5225373],[50.358829,53.5225105],[50.3589401,53.522392]]]},"properties":{"id":"415bf7e0-53f7-4160-b814-abed305d14fc","source_type":"ml"}},{"type":"Feature","geometry":{"type":"Polygon","coordinates":[[[50.360292,53.5213315],[50.3605953,53.5212849],[50.3606254,53.5213542],[50.3603222,53.5214009],[50.360292,53.5213315]]]},"properties":{"id":"7e182522-aac9-4069-8f21-0aabe28503c7","source_type":"ml"}},{"type":"Feature","geometry":{"type":"Polygon","coordinates":[[[50.3610843,53.5227494],[50.3609163,53.5227362],[50.3609402,53.5226291],[50.3611082,53.5226423],[50.3610843,53.5227494]]]},"properties":{"id":"cc7aff83-2659-47eb-a7a1-e755ae8064bc","source_type":"osm"}},{"type":"Feature","geometry":{"type":"Polygon","coordinates":[[[50.3611157,53.5224197],[50.3611138,53.5224515],[50.3610376,53.5224499],[50.3610396,53.522418],[50.3611157,53.5224197]]]},"properties":{"id":"f4bb71f7-cc34-4c4f-9fda-bc23d38f18ea","source_type":"ml"}},{"type":"Feature","geometry":{"type":"Polygon","coordinates":[[[50.3609765,53.5218287],[50.3609001,53.5217917],[50.361025,53.5217003],[50.3611721,53.5217713],[50.3610748,53.5218425],[50.3610042,53.5218084],[50.3609765,53.5218287]]]},"properties":{"id":"f5d77253-fd40-485b-b0c8-b4b1354c212e","source_type":"osm"}},{"type":"Feature","geometry":{"type":"Polygon","coordinates":[[[50.3604825,53.517718],[50.3606547,53.5176761],[50.3607008,53.517743],[50.3605286,53.5177849],[50.3604825,53.517718]]]},"properties":{"id":"c4871805-3383-461a-a60a-004a344e073f","source_type":"ml"}},{"type":"Feature","geometry":{"type":"Polygon","coordinates":[[[50.3611924,53.5174012],[50.3611358,53.5173281],[50.3613662,53.5172651],[50.3614228,53.5173382],[50.3611924,53.5174012]]]},"properties":{"id":"7ee50570-5ab8-4b1c-ae30-6387ae91426c","source_type":"osm"}},{"type":"Feature","geometry":{"type":"Polygon","coordinates":[[[50.3618629,53.5158996],[50.3618195,53.5158878],[50.3618411,53.5158596],[50.3618846,53.5158714],[50.3618629,53.5158996]]]},"properties":{"id":"877f1760-5ee8-4105-81b3-9eb9684d146b","source_type":"ml"}},{"type":"Feature","geometry":{"type":"Polygon","coordinates":[[[50.3580844,53.5094074],[50.3579929,53.5093387],[50.358064,53.5093053],[50.3581554,53.509374],[50.3580844,53.5094074]]]},"properties":{"id":"77e34014-1d97-44da-a524-83d17d62b8cb","source_type":"osm"}},{"type":"Feature","geometry":{"type":"Polygon","coordinates":[[[50.3573024,53.5103162],[50.3571801,53.510263],[50.3572402,53.5102141],[50.3573625,53.5102673],[50.3573024,53.5103162]]]},"properties":{"id":"013b14c4-6091-4bcb-bcde-2cd09b14d908","source_type":"osm"}},{"type":"Feature","geometry":{"type":"Polygon","coordinates":[[[50.3677376,53.5117957],[50.3678154,53.5118985],[50.3677363,53.5119196],[50.3676585,53.5118169],[50.3677376,53.5117957]]]},"properties":{"id":"ad9bf625-101a-4f44-b1de-3b02c6a9d91c","source_type":"ml"}},{"type":"Feature","geometry":{"type":"Polygon","coordinates":[[[50.3676124,53.5121212],[50.3675334,53.5120347],[50.3676517,53.5119965],[50.3677307,53.5120829],[50.3676124,53.5121212]]]},"properties":{"id":"a25a4781-fd9d-411d-b829-ff6fe4ced411","source_type":"osm"}},{"type":"Feature","geometry":{"type":"Polygon","coordinates":[[[50.3677859,53.5126829],[50.3677924,53.5127225],[50.3677218,53.5127265],[50.3677153,53.512687],[50.3677859,53.5126829]]]},"properties":{"id":"1891120e-b050-4eb0-8851-f4a24d4a57fa","source_type":"ml"}},{"type":"Feature","geometry":{"type":"Polygon","coordinates":[[[50.3649793,53.5137122],[50.3650697,53.5137559],[50.3650356,53.5137809],[50.3650534,53.5137895],[50.3650166,53.5138164],[50.3649084,53.5137641],[50.3649793,53.5137122]]]},"properties":{"id":"a78787e7-8683-42f0-bc85-2e7c6257efeb","source_type":"ml"}},{"type":"Feature","geometry":{"type":"Polygon","coordinates":[[[50.3636552,53.5140871],[50.3635576,53.5140411],[50.3636637,53.5139614],[50.3637614,53.5140074],[50.3636552,53.5140871]]]},"properties":{"id":"f21c7db3-c7db-4f02-9764-7f12458361b6","source_type":"osm"}},{"type":"Feature","geometry":{"type":"Polygon","coordinates":[[[50.36289,53.5167418],[50.3629245,53.5166942],[50.3629687,53.5167056],[50.3629341,53.5167532],[50.36289,53.5167418]]]},"properties":{"id":"4d306eb5-d931-4ab8-bc66-dd7a34944b08","source_type":"ml"}},{"type":"Feature","geometry":{"type":"Polygon","coordinates":[[[50.3636469,53.516034],[50.3636855,53.5160448],[50.3636421,53.5160996],[50.3636035,53.5160888],[50.3636469,53.516034]]]},"properties":{"id":"ae740c5c-6faa-4e0e-be8b-0aa962bbdbfd","source_type":"ml"}},{"type":"Feature","geometry":{"type":"Polygon","coordinates":[[[50.3640084,53.5161085],[50.3639818,53.5161425],[50.3638936,53.5161181],[50.3639203,53.5160841],[50.3640084,53.5161085]]]},"properties":{"id":"74349883-4ef6-4b93-ab14-355643a62ad4","source_type":"ml"}},{"type":"Feature","geometry":{"type":"Polygon","coordinates":[[[50.365173,53.5164612],[50.3651295,53.5163638],[50.365254,53.5163442],[50.3652975,53.5164416],[50.365173,53.5164612]]]},"properties":{"id":"2eb0b86f-636f-41de-b0a5-d9f98cc86f0c","source_type":"osm"}},{"type":"Feature","geometry":{"type":"Polygon","coordinates":[[[50.3632496,53.5176117],[50.3632443,53.5175464],[50.3633701,53.5175428],[50.3633754,53.5176081],[50.3632496,53.5176117]]]},"properties":{"id":"3d870768-8cf8-468d-8de7-864c62f08cc1","source_type":"ml"}},{"type":"Feature","geometry":{"type":"Polygon","coordinates":[[[50.3689378,53.5118737],[50.3688795,53.5118882],[50.3688528,53.5118502],[50.3687797,53.5118683],[50.3687435,53.5118167],[50.3689056,53.5117764],[50.3689886,53.5118946],[50.3689579,53.5119022],[50.3689378,53.5118737]]]},"properties":{"id":"ac4bfb09-dd06-48bf-8a08-6d278f703f5a","source_type":"ml"}},{"type":"Feature","geometry":{"type":"Polygon","coordinates":[[[50.3803871,53.5077118],[50.3803224,53.507634],[50.3804767,53.5075886],[50.3805414,53.5076664],[50.3803871,53.5077118]]]},"properties":{"id":"5818c4e1-cd1b-46f2-807a-6746121d0ab6","source_type":"osm"}},{"type":"Feature","geometry":{"type":"Polygon","coordinates":[[[50.3797114,53.5062269],[50.379707,53.5061465],[50.3797755,53.5061452],[50.3797799,53.5062256],[50.3797114,53.5062269]]]},"properties":{"id":"be0ea44f-4ffa-465f-a6e4-da99f14ee90d","source_type":"ml"}},{"type":"Feature","geometry":{"type":"Polygon","coordinates":[[[50.3796931,53.5073726],[50.3796605,53.5073237],[50.3797898,53.5072932],[50.3798224,53.507342],[50.3796931,53.5073726]]]},"properties":{"id":"ebcf0aca-c41a-4574-990f-410c6d25bff4","source_type":"osm"}},{"type":"Feature","geometry":{"type":"Polygon","coordinates":[[[50.3800613,53.5072714],[50.3801003,53.5072627],[50.3800778,53.5072271],[50.3802288,53.5071934],[50.3803141,53.5073283],[50.3801583,53.5073631],[50.3801213,53.5073047],[50.3800872,53.5073124],[50.3800613,53.5072714]]]},"properties":{"id":"bbdbd1a6-dcac-44d9-96a5-1841929e79c6","source_type":"osm"}},{"type":"Feature","geometry":{"type":"Polygon","coordinates":[[[50.3794129,53.5091708],[50.3793443,53.5090749],[50.3796116,53.5090073],[50.3796802,53.5091032],[50.3794129,53.5091708]]]},"properties":{"id":"20b91965-c286-4c78-83e2-d38402f689eb","source_type":"osm"}},{"type":"Feature","geometry":{"type":"Polygon","coordinates":[[[50.3803265,53.5092788],[50.3802679,53.5091557],[50.380422,53.5091298],[50.3804805,53.5092529],[50.3803265,53.5092788]]]},"properties":{"id":"ff1c9824-f0db-40c3-9572-0d565d806079","source_type":"osm"}},{"type":"Feature","geometry":{"type":"Polygon","coordinates":[[[50.3803096,53.5097115],[50.3803676,53.509707],[50.3803754,53.5097431],[50.3803174,53.5097476],[50.3803096,53.5097115]]]},"properties":{"id":"b92831dc-421e-4b3f-b323-bdef2910bf37","source_type":"ml"}},{"type":"Feature","geometry":{"type":"Polygon","coordinates":[[[50.380013,53.5094766],[50.3800008,53.5094234],[50.380134,53.5094126],[50.3801462,53.5094658],[50.380013,53.5094766]]]},"properties":{"id":"13b8d8e9-6fe4-4b5f-a84c-d696710e5762","source_type":"ml"}},{"type":"Feature","geometry":{"type":"Polygon","coordinates":[[[50.3796773,53.5106757],[50.3796142,53.5105229],[50.3798058,53.510495],[50.3798688,53.5106478],[50.3796773,53.5106757]]]},"properties":{"id":"a58e2087-3fe0-4fe1-b75f-d1b0cab54c6c","source_type":"osm"}},{"type":"Feature","geometry":{"type":"Polygon","coordinates":[[[50.3787339,53.5078568],[50.3787294,53.5077412],[50.3789038,53.5077388],[50.3789083,53.5078544],[50.3787339,53.5078568]]]},"properties":{"id":"fc65cc0e-c11f-43b1-adcc-0c7e5ced8176","source_type":"osm"}},{"type":"Feature","geometry":{"type":"Polygon","coordinates":[[[50.3773541,53.529558],[50.377376,53.5295317],[50.37746,53.5295564],[50.3774382,53.5295827],[50.3773541,53.529558]]]},"properties":{"id":"06e40a9f-901b-491d-94d6-ce23b5c630a6","source_type":"ml"}},{"type":"Feature","geometry":{"type":"Polygon","coordinates":[[[50.3778326,53.5294706],[50.3778346,53.5294944],[50.3777383,53.5294973],[50.3777363,53.5294735],[50.3778326,53.5294706]]]},"properties":{"id":"318ee7c9-2eca-4295-97e5-847dca46e9e7","source_type":"ml"}},{"type":"Feature","geometry":{"type":"Polygon","coordinates":[[[50.3788904,53.5303486],[50.3788915,53.5302951],[50.3789706,53.5302957],[50.3789696,53.5303491],[50.3788904,53.5303486]]]},"properties":{"id":"e8163160-3ade-4c7c-9637-7e47bd61d449","source_type":"ml"}},{"type":"Feature","geometry":{"type":"Polygon","coordinates":[[[50.3776641,53.5316912],[50.3776624,53.5316279],[50.3778098,53.5316265],[50.3778115,53.5316898],[50.3776641,53.5316912]]]},"properties":{"id":"5d195000-8810-48eb-9dd8-e501e7a5fccb","source_type":"osm"}},{"type":"Feature","geometry":{"type":"Polygon","coordinates":[[[50.3805751,53.5299276],[50.3805727,53.5299866],[50.3804843,53.5299853],[50.3804853,53.5299598],[50.3803539,53.5299579],[50.3803553,53.5299245],[50.3805751,53.5299276]]]},"properties":{"id":"57e2f958-d127-43ec-920a-3d12ca72c362","source_type":"ml"}},{"type":"Feature","geometry":{"type":"Polygon","coordinates":[[[50.3705258,53.5275165],[50.3704724,53.5274932],[50.3704532,53.5275088],[50.3703933,53.5274826],[50.3704701,53.5274205],[50.3705381,53.5274501],[50.3705132,53.5274702],[50.3705586,53.52749],[50.3705258,53.5275165]]]},"properties":{"id":"44f35113-4d1d-494e-8b28-7955de9ce637","source_type":"ml"}},{"type":"Feature","geometry":{"type":"Polygon","coordinates":[[[50.358241,53.5259636],[50.3583537,53.5258173],[50.3584411,53.525841],[50.3583284,53.5259874],[50.358241,53.5259636]]]},"properties":{"id":"e6089e95-c0d5-454a-b764-07ed569586c1","source_type":"ml"}},{"type":"Feature","geometry":{"type":"Polygon","coordinates":[[[50.357311,53.525831],[50.3573706,53.525841],[50.3573593,53.5258646],[50.3572997,53.5258546],[50.357311,53.525831]]]},"properties":{"id":"5b97563c-ef95-4f04-a251-f204baf55e7d","source_type":"ml"}},{"type":"Feature","geometry":{"type":"Polygon","coordinates":[[[50.3576365,53.5264507],[50.3574405,53.5264195],[50.357488,53.5263142],[50.3575863,53.5263298],[50.3576048,53.5262889],[50.3577024,53.5263044],[50.3576365,53.5264507]]]},"properties":{"id":"4bffa835-7e62-40c8-b946-60be864c197c","source_type":"osm"}},{"type":"Feature","geometry":{"type":"Polygon","coordinates":[[[50.3577528,53.5261396],[50.3575698,53.5261006],[50.3576009,53.526049],[50.3577839,53.526088],[50.3577528,53.5261396]]]},"properties":{"id":"d12ec146-1919-4e32-8224-20cf762c1c6c","source_type":"ml"}},{"type":"Feature","geometry":{"type":"Polygon","coordinates":[[[50.3578616,53.5261111],[50.3578828,53.5260566],[50.3579872,53.5260709],[50.3579661,53.5261254],[50.3578616,53.5261111]]]},"properties":{"id":"f756e19a-f974-4767-be34-4a0f7753a031","source_type":"ml"}},{"type":"Feature","geometry":{"type":"Polygon","coordinates":[[[50.3563056,53.5274007],[50.3561855,53.5273733],[50.3562391,53.5272901],[50.3563592,53.5273174],[50.3563056,53.5274007]]]},"properties":{"id":"07ea8411-da98-4f99-a22c-0bbda17b6d8b","source_type":"osm"}},{"type":"Feature","geometry":{"type":"Polygon","coordinates":[[[50.3564256,53.5260253],[50.3564214,53.5260889],[50.3562875,53.5260858],[50.3562917,53.5260221],[50.3564256,53.5260253]]]},"properties":{"id":"6dbaeba1-d373-4d1f-baa8-585ed78c4417","source_type":"ml"}},{"type":"Feature","geometry":{"type":"Polygon","coordinates":[[[50.3568758,53.5257247],[50.3567259,53.5256879],[50.3567949,53.5255884],[50.3569449,53.5256252],[50.3568758,53.5257247]]]},"properties":{"id":"a3baa9c3-9e54-4cdc-aa1c-8e6b2c17bcc7","source_type":"osm"}},{"type":"Feature","geometry":{"type":"Polygon","coordinates":[[[50.3560613,53.5246898],[50.3561115,53.524634],[50.356197,53.5246612],[50.3561468,53.524717],[50.3560613,53.5246898]]]},"properties":{"id":"6e52542e-5443-4e21-a1df-dc758579ceaa","source_type":"ml"}},{"type":"Feature","geometry":{"type":"Polygon","coordinates":[[[50.3549635,53.5240441],[50.3549255,53.5240974],[50.3547698,53.5240581],[50.3548078,53.5240048],[50.3549635,53.5240441]]]},"properties":{"id":"fa4e1b19-daa2-48d5-bafe-6fa5ebd83c92","source_type":"ml"}},{"type":"Feature","geometry":{"type":"Polygon","coordinates":[[[50.3535705,53.5261693],[50.3535863,53.5261395],[50.3536497,53.5261514],[50.3536339,53.5261812],[50.3535705,53.5261693]]]},"properties":{"id":"517e2652-3175-4cd8-9218-a2c9d070a881","source_type":"ml"}},{"type":"Feature","geometry":{"type":"Polygon","coordinates":[[[50.3525491,53.5258774],[50.3524627,53.5258674],[50.3525059,53.5257353],[50.3525923,53.5257453],[50.3525491,53.5258774]]]},"properties":{"id":"758df927-b812-433a-bafb-85cafdbb6ca6","source_type":"ml"}},{"type":"Feature","geometry":{"type":"Polygon","coordinates":[[[50.3520945,53.524098],[50.351966,53.5240499],[50.3520767,53.5239454],[50.3522052,53.5239935],[50.3520945,53.524098]]]},"properties":{"id":"5eb5e5ef-77a0-4d39-b2a7-f823fbdf860d","source_type":"osm"}},{"type":"Feature","geometry":{"type":"Polygon","coordinates":[[[50.3519379,53.524636],[50.3518444,53.5246023],[50.351928,53.5245203],[50.3520214,53.5245539],[50.3519379,53.524636]]]},"properties":{"id":"33a6c994-ad7d-4d44-b657-5d3799b2319c","source_type":"osm"}},{"type":"Feature","geometry":{"type":"Polygon","coordinates":[[[50.3528623,53.5282776],[50.352943,53.5283006],[50.3529243,53.5283239],[50.3528435,53.528301],[50.3528623,53.5282776]]]},"properties":{"id":"4efc15d4-7ed7-482d-935e-91e31879c68f","source_type":"ml"}},{"type":"Feature","geometry":{"type":"Polygon","coordinates":[[[50.3203613,53.5042476],[50.3203063,53.5042484],[50.3203045,53.504203],[50.3203595,53.5042023],[50.3203613,53.5042476]]]},"properties":{"id":"47500715-6155-40c7-85aa-65746220294b","source_type":"ml"}},{"type":"Feature","geometry":{"type":"Polygon","coordinates":[[[50.3207772,53.5272317],[50.3206176,53.5272719],[50.3205599,53.5271909],[50.3207195,53.5271507],[50.3207772,53.5272317]]]},"properties":{"id":"9c28473e-9dc1-4b4f-8413-ea50e6d49f66","source_type":"osm"}},{"type":"Feature","geometry":{"type":"Polygon","coordinates":[[[50.349921,53.530313],[50.349988,53.5303117],[50.3499907,53.5303588],[50.3499238,53.5303602],[50.349921,53.530313]]]},"properties":{"id":"3e350d98-9633-4039-8bcf-30b9d8355278","source_type":"ml"}},{"type":"Feature","geometry":{"type":"Polygon","coordinates":[[[50.3505501,53.5298977],[50.3505431,53.5298545],[50.3506201,53.5298501],[50.3506272,53.5298933],[50.3505501,53.5298977]]]},"properties":{"id":"a7584673-078c-48ac-a477-af237be759f2","source_type":"ml"}},{"type":"Feature","geometry":{"type":"Polygon","coordinates":[[[50.3513495,53.527489],[50.3514312,53.5273645],[50.3515271,53.5273868],[50.3515053,53.52742],[50.3515677,53.5274345],[50.3515286,53.5274939],[50.3514715,53.5274806],[50.3514506,53.5275124],[50.3513495,53.527489]]]},"properties":{"id":"26c1c762-1e07-47cf-ad7a-718a8350911e","source_type":"osm"}},{"type":"Feature","geometry":{"type":"Polygon","coordinates":[[[50.3513362,53.5253731],[50.3511045,53.5253444],[50.3511474,53.5252222],[50.3513791,53.525251],[50.3513362,53.5253731]]]},"properties":{"id":"79567399-0185-42ce-ad4e-f23849a5ae6b","source_type":"osm"}},{"type":"Feature","geometry":{"type":"Polygon","coordinates":[[[50.3501884,53.5253197],[50.3501429,53.5253092],[50.3501656,53.5252746],[50.3502111,53.5252851],[50.3501884,53.5253197]]]},"properties":{"id":"608619cb-ba82-4856-a4f7-42fd9871355e","source_type":"ml"}},{"type":"Feature","geometry":{"type":"Polygon","coordinates":[[[50.3493168,53.527833],[50.3491616,53.5277896],[50.3492118,53.5277262],[50.349367,53.5277696],[50.3493168,53.527833]]]},"properties":{"id":"23cacc5b-df37-4bc5-95b9-7d43e695d5cd","source_type":"osm"}},{"type":"Feature","geometry":{"type":"Polygon","coordinates":[[[50.3490229,53.5277055],[50.3490783,53.5277223],[50.3490305,53.527778],[50.3489752,53.5277612],[50.3490229,53.5277055]]]},"properties":{"id":"adc7bb24-ca94-4ec9-9c11-ef3fd8b1bba1","source_type":"ml"}},{"type":"Feature","geometry":{"type":"Polygon","coordinates":[[[50.3492556,53.5271704],[50.3491268,53.5271483],[50.349139,53.5271233],[50.3492678,53.5271453],[50.3492556,53.5271704]]]},"properties":{"id":"dce2248a-9ae3-4617-b296-f8378ab051a6","source_type":"ml"}},{"type":"Feature","geometry":{"type":"Polygon","coordinates":[[[50.3495004,53.5270702],[50.3492663,53.5270122],[50.349347,53.5268971],[50.3495812,53.5269551],[50.3495004,53.5270702]]]},"properties":{"id":"036f237d-d039-4707-85dd-f90e2e666c77","source_type":"osm"}},{"type":"Feature","geometry":{"type":"Polygon","coordinates":[[[50.3495496,53.5257605],[50.3496326,53.5257626],[50.3496261,53.5258533],[50.3495431,53.5258512],[50.3495496,53.5257605]]]},"properties":{"id":"951a8ca2-9b52-4bc9-8277-44a9e884b472","source_type":"ml"}},{"type":"Feature","geometry":{"type":"Polygon","coordinates":[[[50.3487252,53.5263609],[50.3486277,53.5263425],[50.3486931,53.5262199],[50.3487906,53.5262383],[50.3487252,53.5263609]]]},"properties":{"id":"6f86be56-6618-4cdd-9be2-01a73b5d5315","source_type":"ml"}},{"type":"Feature","geometry":{"type":"Polygon","coordinates":[[[50.3482959,53.5275284],[50.3482087,53.5275091],[50.3482582,53.5274298],[50.3483454,53.5274491],[50.3482959,53.5275284]]]},"properties":{"id":"20bfc1c6-9598-464b-be31-ae5958838bad","source_type":"ml"}},{"type":"Feature","geometry":{"type":"Polygon","coordinates":[[[50.3459226,53.5314523],[50.3458211,53.5314211],[50.3458823,53.5313506],[50.3459839,53.5313819],[50.3459226,53.5314523]]]},"properties":{"id":"4d6fc342-a37b-4e06-9d14-b5be1babde39","source_type":"ml"}},{"type":"Feature","geometry":{"type":"Polygon","coordinates":[[[50.3472129,53.5296052],[50.3472466,53.5295618],[50.347377,53.5295976],[50.3473433,53.529641],[50.3472129,53.5296052]]]},"properties":{"id":"7c1eccc5-a87d-46c1-b782-e59c92b64617","source_type":"ml"}},{"type":"Feature","geometry":{"type":"Polygon","coordinates":[[[50.3450533,53.5311253],[50.345131,53.5311426],[50.3451169,53.531165],[50.3450392,53.5311477],[50.3450533,53.5311253]]]},"properties":{"id":"5199e9df-c23e-4f62-8ef2-66894a2de43d","source_type":"ml"}},{"type":"Feature","geometry":{"type":"Polygon","coordinates":[[[50.3438963,53.5271084],[50.3437884,53.5270903],[50.3438343,53.5269937],[50.3439421,53.5270118],[50.3438963,53.5271084]]]},"properties":{"id":"b413a1b0-8d3b-4d46-a72e-f586208dade6","source_type":"osm"}},{"type":"Feature","geometry":{"type":"Polygon","coordinates":[[[50.3438428,53.5266708],[50.3437554,53.5266688],[50.3437575,53.5266361],[50.3438448,53.5266381],[50.3438428,53.5266708]]]},"properties":{"id":"4d47f4f1-229a-4d4b-8749-c8b4226dc242","source_type":"ml"}},{"type":"Feature","geometry":{"type":"Polygon","coordinates":[[[50.3427751,53.5265585],[50.3427874,53.5265217],[50.3428323,53.526527],[50.34282,53.5265638],[50.3427751,53.5265585]]]},"properties":{"id":"48cd587b-cca3-4192-91ca-b2de32b26731","source_type":"ml"}},{"type":"Feature","geometry":{"type":"Polygon","coordinates":[[[50.3423952,53.5265255],[50.3423669,53.5266082],[50.3422974,53.5265999],[50.3423256,53.5265172],[50.3423952,53.5265255]]]},"properties":{"id":"c1bbbaf2-b7c9-4a26-b692-ee40da011c6c","source_type":"ml"}},{"type":"Feature","geometry":{"type":"Polygon","coordinates":[[[50.3411515,53.5263423],[50.3408329,53.526305],[50.340854,53.5262412],[50.3411726,53.5262784],[50.3411515,53.5263423]]]},"properties":{"id":"96b965c3-fc9e-4b04-841f-4af05d15f004","source_type":"osm"}},{"type":"Feature","geometry":{"type":"Polygon","coordinates":[[[50.3407084,53.5284792],[50.340875,53.5285154],[50.3408158,53.5286116],[50.3407684,53.5286013],[50.3407515,53.5286288],[50.3406427,53.5286052],[50.3406588,53.528579],[50.3406483,53.5285767],[50.3407084,53.5284792]]]},"properties":{"id":"3883f882-2d63-4629-875b-8e42aa9cc199","source_type":"ml"}},{"type":"Feature","geometry":{"type":"Polygon","coordinates":[[[50.3402631,53.5310857],[50.340134,53.5310463],[50.3402259,53.5309398],[50.340355,53.5309791],[50.3402631,53.5310857]]]},"properties":{"id":"c6761957-e63a-41c3-92b9-a88143fbc0c1","source_type":"osm"}},{"type":"Feature","geometry":{"type":"Polygon","coordinates":[[[50.3406228,53.5299908],[50.3406928,53.530008],[50.3406758,53.5300325],[50.3406058,53.5300154],[50.3406228,53.5299908]]]},"properties":{"id":"e43c6da8-6ea2-4776-8353-79a9001d9e0d","source_type":"ml"}},{"type":"Feature","geometry":{"type":"Polygon","coordinates":[[[50.3391227,53.5299755],[50.3390632,53.5299687],[50.339081,53.5299134],[50.3391405,53.5299201],[50.3391227,53.5299755]]]},"properties":{"id":"ef1cca18-7811-4f33-b2d9-d72d764554ae","source_type":"ml"}},{"type":"Feature","geometry":{"type":"Polygon","coordinates":[[[50.3399833,53.5301763],[50.3399683,53.5302001],[50.3399978,53.5302066],[50.3399749,53.530243],[50.3398831,53.5302226],[50.339921,53.5301624],[50.3399833,53.5301763]]]},"properties":{"id":"2ae75486-1e86-4d21-bbcd-431d4df15ce8","source_type":"ml"}},{"type":"Feature","geometry":{"type":"Polygon","coordinates":[[[50.3375266,53.5272125],[50.3374777,53.5272066],[50.3374919,53.5271653],[50.3375408,53.5271712],[50.3375266,53.5272125]]]},"properties":{"id":"aef70119-2043-4e1b-a6e1-23538c1b9d8a","source_type":"ml"}},{"type":"Feature","geometry":{"type":"Polygon","coordinates":[[[50.3233559,53.5310584],[50.3231595,53.5311238],[50.3230476,53.531005],[50.323244,53.5309396],[50.3233559,53.5310584]]]},"properties":{"id":"2b20f3d2-39f7-48b1-8161-ecbc7c1fb1db","source_type":"osm"}},{"type":"Feature","geometry":{"type":"Polygon","coordinates":[[[50.3218159,53.5288885],[50.321669,53.5289253],[50.321581,53.528801],[50.321728,53.5287642],[50.3218159,53.5288885]]]},"properties":{"id":"fa105527-602b-41c8-978e-92bdf040ba73","source_type":"osm"}},{"type":"Feature","geometry":{"type":"Polygon","coordinates":[[[50.325444,53.5044974],[50.32561,53.5044933],[50.3256141,53.5045522],[50.3254481,53.5045563],[50.325444,53.5044974]]]},"properties":{"id":"9327e0f0-56f6-431d-81ae-4be4ccc8babf","source_type":"ml"}},{"type":"Feature","geometry":{"type":"Polygon","coordinates":[[[50.32447,53.5040097],[50.3245891,53.5040069],[50.3245922,53.5040547],[50.3244731,53.5040574],[50.32447,53.5040097]]]},"properties":{"id":"6dad44f8-c61d-44b7-98d0-0b7b02556729","source_type":"ml"}},{"type":"Feature","geometry":{"type":"Polygon","coordinates":[[[50.3240261,53.5034208],[50.3240271,53.5033865],[50.3241332,53.5033876],[50.3241321,53.503422],[50.3240261,53.5034208]]]},"properties":{"id":"7bc4a958-5245-4dd2-8028-44af5986b4e1","source_type":"ml"}},{"type":"Feature","geometry":{"type":"Polygon","coordinates":[[[50.3233655,53.5034279],[50.3233274,53.5032776],[50.3235319,53.5032593],[50.3235701,53.5034095],[50.3233655,53.5034279]]]},"properties":{"id":"bd6c21fd-6b77-4256-a2c2-9a6225373af0","source_type":"osm"}},{"type":"Feature","geometry":{"type":"Polygon","coordinates":[[[50.3212112,53.5049999],[50.3212129,53.5050357],[50.3211445,53.5050369],[50.3211428,53.5050011],[50.3212112,53.5049999]]]},"properties":{"id":"7476e510-57aa-4a27-958a-8f71595dd6d2","source_type":"ml"}},{"type":"Feature","geometry":{"type":"Polygon","coordinates":[[[50.3219736,53.5041341],[50.321947,53.504028],[50.3220428,53.5040195],[50.3220694,53.5041256],[50.3219736,53.5041341]]]},"properties":{"id":"38f694ac-00b9-42f0-ab68-6967fb995d35","source_type":"osm"}},{"type":"Feature","geometry":{"type":"Polygon","coordinates":[[[50.3224817,53.4972574],[50.3224856,53.4972153],[50.3226179,53.4972196],[50.322614,53.4972618],[50.3224817,53.4972574]]]},"properties":{"id":"1a64d62a-15db-423d-8699-b2b64a59bfcc","source_type":"ml"}},{"type":"Feature","geometry":{"type":"Polygon","coordinates":[[[50.3314386,53.5027981],[50.3316099,53.5028027],[50.3316076,53.5028336],[50.3314363,53.502829],[50.3314386,53.5027981]]]},"properties":{"id":"00a42189-2364-4245-bc8e-f429dfd68098","source_type":"ml"}},{"type":"Feature","geometry":{"type":"Polygon","coordinates":[[[50.3341148,53.5003585],[50.3341227,53.5002612],[50.3343422,53.5002674],[50.3343344,53.5003648],[50.3341148,53.5003585]]]},"properties":{"id":"85d314ad-700e-4473-919f-f448bdee4aa4","source_type":"osm"}},{"type":"Feature","geometry":{"type":"Polygon","coordinates":[[[50.3341785,53.5033329],[50.3341753,53.5032567],[50.3342911,53.503255],[50.3342943,53.5033312],[50.3341785,53.5033329]]]},"properties":{"id":"4e26eb58-aa08-4ffe-8bb0-be0fca779bf1","source_type":"osm"}},{"type":"Feature","geometry":{"type":"Polygon","coordinates":[[[50.3339555,53.5034897],[50.3339532,53.5034275],[50.3341087,53.5034255],[50.334111,53.5034877],[50.3339555,53.5034897]]]},"properties":{"id":"669e9c2a-c358-4293-9bed-bc7751fa4195","source_type":"ml"}},{"type":"Feature","geometry":{"type":"Polygon","coordinates":[[[50.3348443,53.5026469],[50.3347678,53.5026485],[50.334765,53.5026023],[50.3348416,53.5026007],[50.3348443,53.5026469]]]},"properties":{"id":"793be117-4f5a-42c2-a9eb-dcd6a2983ff9","source_type":"ml"}},{"type":"Feature","geometry":{"type":"Polygon","coordinates":[[[50.3353416,53.503399],[50.3353444,53.5035282],[50.3352988,53.5035285],[50.3352991,53.5035429],[50.3350912,53.5035445],[50.3350901,53.503495],[50.3350084,53.5034957],[50.3350075,53.5034542],[50.3351026,53.5034535],[50.3351032,53.5034845],[50.3352736,53.5034832],[50.3352718,53.5033995],[50.3353416,53.503399]]]},"properties":{"id":"03df873a-5b8a-47e0-9a81-977071370799","source_type":"ml"}},{"type":"Feature","geometry":{"type":"Polygon","coordinates":[[[50.3346014,53.5034718],[50.3345989,53.5034081],[50.3346647,53.5034072],[50.3346672,53.5034709],[50.3346014,53.5034718]]]},"properties":{"id":"5b9fb188-bd62-4b7f-89ab-080990b1affa","source_type":"ml"}},{"type":"Feature","geometry":{"type":"Polygon","coordinates":[[[50.3346472,53.5057838],[50.3346481,53.5057511],[50.3347044,53.5057516],[50.3347035,53.5057843],[50.3346472,53.5057838]]]},"properties":{"id":"7296609b-3da3-4b03-afcb-3b2084e55259","source_type":"ml"}},{"type":"Feature","geometry":{"type":"Polygon","coordinates":[[[50.3353903,53.5034985],[50.3353879,53.5034555],[50.335451,53.5034543],[50.3354533,53.5034973],[50.3353903,53.5034985]]]},"properties":{"id":"d30e5160-1262-48ca-b8a1-7b4309e90ae3","source_type":"ml"}},{"type":"Feature","geometry":{"type":"Polygon","coordinates":[[[50.335523,53.4999471],[50.3357198,53.4999532],[50.3357179,53.4999755],[50.335521,53.4999694],[50.335523,53.4999471]]]},"properties":{"id":"9c45557f-9efd-4168-af11-b4464ed3d1d3","source_type":"ml"}},{"type":"Feature","geometry":{"type":"Polygon","coordinates":[[[50.340329,53.5006964],[50.3403303,53.5007229],[50.3402606,53.5007241],[50.3402593,53.5006976],[50.340329,53.5006964]]]},"properties":{"id":"8c3893dc-5273-4804-8afa-0b4415955b1b","source_type":"ml"}},{"type":"Feature","geometry":{"type":"Polygon","coordinates":[[[50.3412755,53.5032359],[50.3412787,53.5032035],[50.3413295,53.5032053],[50.3413262,53.5032377],[50.3412755,53.5032359]]]},"properties":{"id":"0ad9934b-27ea-4949-b499-efb5409a42dc","source_type":"ml"}},{"type":"Feature","geometry":{"type":"Polygon","coordinates":[[[50.3398893,53.504473],[50.3397582,53.5044695],[50.3397635,53.5043973],[50.3398947,53.5044007],[50.3398893,53.504473]]]},"properties":{"id":"1ee22d9a-5239-4643-9fa5-f4a90d40e2bb","source_type":"ml"}},{"type":"Feature","geometry":{"type":"Polygon","coordinates":[[[50.3390195,53.502301],[50.3387918,53.5022963],[50.338796,53.5022246],[50.3390237,53.5022293],[50.3390195,53.502301]]]},"properties":{"id":"240b25eb-40a6-4a93-ac03-3b23e81a58e2","source_type":"ml"}},{"type":"Feature","geometry":{"type":"Polygon","coordinates":[[[50.3391635,53.5034631],[50.339164,53.5033458],[50.3392972,53.503346],[50.3392967,53.5034632],[50.3391635,53.5034631]]]},"properties":{"id":"7cebcfd9-91c9-4441-8b19-63a558101e98","source_type":"osm"}},{"type":"Feature","geometry":{"type":"Polygon","coordinates":[[[50.339438,53.5033065],[50.3394409,53.5033575],[50.3393471,53.5033594],[50.3393442,53.5033084],[50.339438,53.5033065]]]},"properties":{"id":"4cc2d90f-bebe-4057-a51d-4067768366d5","source_type":"ml"}},{"type":"Feature","geometry":{"type":"Polygon","coordinates":[[[50.3401137,53.5005691],[50.3400264,53.5005665],[50.3400318,53.5005034],[50.3401191,53.5005061],[50.3401137,53.5005691]]]},"properties":{"id":"d63498fb-0139-4ddb-ac8f-9ce263c6abc7","source_type":"ml"}},{"type":"Feature","geometry":{"type":"Polygon","coordinates":[[[50.3399786,53.5003254],[50.3398927,53.500325],[50.3398936,53.5002612],[50.3399795,53.5002617],[50.3399786,53.5003254]]]},"properties":{"id":"23d70cbc-9bba-4bd0-baad-d91e130d2c79","source_type":"osm"}},{"type":"Feature","geometry":{"type":"Polygon","coordinates":[[[50.3362071,53.5023769],[50.3363412,53.502376],[50.3363417,53.5023999],[50.3362076,53.5024009],[50.3362071,53.5023769]]]},"properties":{"id":"d131b1ba-4505-4af6-a8f5-6611b00f0838","source_type":"ml"}},{"type":"Feature","geometry":{"type":"Polygon","coordinates":[[[50.3378843,53.5027018],[50.3378738,53.5025758],[50.338007,53.5025719],[50.3380121,53.5026331],[50.3380343,53.5026324],[50.3380397,53.5026972],[50.3378843,53.5027018]]]},"properties":{"id":"81ee439d-9bc8-49db-a90b-18d1d777f440","source_type":"osm"}},{"type":"Feature","geometry":{"type":"Polygon","coordinates":[[[50.3379273,53.503672],[50.3379239,53.503731],[50.337873,53.50373],[50.3378764,53.503671],[50.3379273,53.503672]]]},"properties":{"id":"c4d8f912-676b-4347-b436-9094a596b0dc","source_type":"ml"}},{"type":"Feature","geometry":{"type":"Polygon","coordinates":[[[50.3377748,53.5033495],[50.337776,53.5032389],[50.3379172,53.5032394],[50.3379161,53.50335],[50.3377748,53.5033495]]]},"properties":{"id":"2e86831d-4ec1-4abe-bf92-945ceb0b5127","source_type":"osm"}},{"type":"Feature","geometry":{"type":"Polygon","coordinates":[[[50.3373881,53.5034554],[50.3373855,53.503517],[50.3373292,53.5035161],[50.3373318,53.5034546],[50.3373881,53.5034554]]]},"properties":{"id":"89a4d903-27cb-4029-b998-5d2b02e4f226","source_type":"ml"}},{"type":"Feature","geometry":{"type":"Polygon","coordinates":[[[50.3421348,53.5114797],[50.3419865,53.5114051],[50.342007,53.5113907],[50.3420059,53.5113564],[50.3420589,53.5113542],[50.3420764,53.5113419],[50.3422247,53.5114165],[50.3422071,53.5114289],[50.3422206,53.5114357],[50.3421676,53.511473],[50.342154,53.5114662],[50.3421348,53.5114797]]]},"properties":{"id":"32846264-ed3d-459f-a580-d0ab25d9a3ff","source_type":"osm"}},{"type":"Feature","geometry":{"type":"Polygon","coordinates":[[[50.3423278,53.5122668],[50.3423271,53.5122274],[50.3425414,53.512226],[50.3425422,53.5122701],[50.342518,53.5122703],[50.3425184,53.512291],[50.3425648,53.5122907],[50.3425658,53.5123495],[50.3425263,53.5123497],[50.3425266,53.5123619],[50.342355,53.512363],[50.3423533,53.5122667],[50.3423278,53.5122668]]]},"properties":{"id":"24550077-3be2-4e1e-a6c3-d0a6539b8e9f","source_type":"osm"}},{"type":"Feature","geometry":{"type":"Polygon","coordinates":[[[50.3419273,53.512172],[50.3419197,53.512082],[50.3420618,53.5120777],[50.3420694,53.5121678],[50.3419273,53.512172]]]},"properties":{"id":"d7431755-c421-4426-96ba-04a8268d352f","source_type":"osm"}},{"type":"Feature","geometry":{"type":"Polygon","coordinates":[[[50.3441681,53.504359],[50.3440691,53.5043522],[50.3440923,53.5042322],[50.3441913,53.504239],[50.3441681,53.504359]]]},"properties":{"id":"7c6ac945-6ee4-430b-8e79-8a6bf9aaf2e9","source_type":"osm"}},{"type":"Feature","geometry":{"type":"Polygon","coordinates":[[[50.3440149,53.502632],[50.3439173,53.5026292],[50.343923,53.5025591],[50.3440205,53.5025619],[50.3440149,53.502632]]]},"properties":{"id":"78f48b07-46a9-40eb-a8c3-7bf357541ae2","source_type":"osm"}},{"type":"Feature","geometry":{"type":"Polygon","coordinates":[[[50.344561,53.5032783],[50.3445592,53.5031702],[50.3447899,53.5031688],[50.3447917,53.503277],[50.344561,53.5032783]]]},"properties":{"id":"b9e7e0ac-e589-4de1-bac1-558a3858ef73","source_type":"osm"}},{"type":"Feature","geometry":{"type":"Polygon","coordinates":[[[50.3440206,53.5007059],[50.3439219,53.5007064],[50.3439211,53.5006452],[50.3440199,53.5006447],[50.3440206,53.5007059]]]},"properties":{"id":"50ab21ac-2ada-4565-a40c-a2c43e56120d","source_type":"osm"}},{"type":"Feature","geometry":{"type":"Polygon","coordinates":[[[50.3464893,53.500285],[50.3464914,53.5003345],[50.3464485,53.5003351],[50.3464464,53.5002857],[50.3464893,53.500285]]]},"properties":{"id":"f06956b5-a185-40ae-87b5-ccd0d6a8a64b","source_type":"ml"}},{"type":"Feature","geometry":{"type":"Polygon","coordinates":[[[50.3528714,53.5034243],[50.3527879,53.5033452],[50.3528897,53.5033072],[50.3529732,53.5033863],[50.3528714,53.5034243]]]},"properties":{"id":"7c8fc504-d5be-4ece-a029-b67bbafc97cc","source_type":"osm"}},{"type":"Feature","geometry":{"type":"Polygon","coordinates":[[[50.3524598,53.505092],[50.3523065,53.5051475],[50.3522404,53.5050829],[50.3523937,53.5050274],[50.3524598,53.505092]]]},"properties":{"id":"263d1fff-158c-45bb-97d1-0896a5d3bcd1","source_type":"osm"}},{"type":"Feature","geometry":{"type":"Polygon","coordinates":[[[50.3540282,53.5067365],[50.3538553,53.5067455],[50.3538462,53.5066844],[50.3540191,53.5066753],[50.3540282,53.5067365]]]},"properties":{"id":"4a41d8b9-6702-48f0-99b6-07fccc9663a2","source_type":"osm"}},{"type":"Feature","geometry":{"type":"Polygon","coordinates":[[[50.355073,53.5074524],[50.3550081,53.5073992],[50.355177,53.5073262],[50.3552419,53.5073794],[50.355073,53.5074524]]]},"properties":{"id":"be00721a-0612-49d0-91ba-25b534d24c4d","source_type":"osm"}},{"type":"Feature","geometry":{"type":"Polygon","coordinates":[[[50.3519844,53.5237628],[50.351829,53.5237112],[50.3518655,53.5236723],[50.3520209,53.5237239],[50.3519844,53.5237628]]]},"properties":{"id":"05e991ca-24fc-4005-969f-e8a9c6ca5ad1","source_type":"ml"}},{"type":"Feature","geometry":{"type":"Polygon","coordinates":[[[50.3520156,53.5235646],[50.3521244,53.5235958],[50.3520981,53.5236282],[50.3519893,53.5235969],[50.3520156,53.5235646]]]},"properties":{"id":"106a0a4c-557b-4bb1-831f-51b96c480556","source_type":"ml"}},{"type":"Feature","geometry":{"type":"Polygon","coordinates":[[[50.3537557,53.5234703],[50.3539881,53.5234975],[50.3539764,53.5235328],[50.353744,53.5235056],[50.3537557,53.5234703]]]},"properties":{"id":"c25ab645-0b23-4ab4-b1f6-c4153c8993a9","source_type":"ml"}},{"type":"Feature","geometry":{"type":"Polygon","coordinates":[[[50.3554713,53.5234649],[50.355385,53.5234431],[50.3554043,53.523416],[50.3554906,53.5234379],[50.3554713,53.5234649]]]},"properties":{"id":"e28a7ae7-6aca-498a-bba1-6523f682a496","source_type":"ml"}},{"type":"Feature","geometry":{"type":"Polygon","coordinates":[[[50.3569044,53.5223255],[50.3567709,53.5222892],[50.3568268,53.5222166],[50.3569603,53.5222529],[50.3569044,53.5223255]]]},"properties":{"id":"563d2fa9-3e7a-4c33-a318-941b804b5659","source_type":"osm"}},{"type":"Feature","geometry":{"type":"Polygon","coordinates":[[[50.3570301,53.5216646],[50.3571267,53.5216933],[50.3570978,53.5217278],[50.3570011,53.5216991],[50.3570301,53.5216646]]]},"properties":{"id":"e38ea707-8770-43d5-bdf3-4e1a84aa9c62","source_type":"ml"}},{"type":"Feature","geometry":{"type":"Polygon","coordinates":[[[50.3600482,53.5162864],[50.3599091,53.516248],[50.3599351,53.5162147],[50.3600742,53.5162531],[50.3600482,53.5162864]]]},"properties":{"id":"8c915dd4-a369-404f-87c5-82f6687a69d5","source_type":"ml"}},{"type":"Feature","geometry":{"type":"Polygon","coordinates":[[[50.3598536,53.5167628],[50.3598829,53.5167024],[50.3599745,53.5167181],[50.3599453,53.5167785],[50.3598536,53.5167628]]]},"properties":{"id":"d37a501f-30a9-4b1c-9ba8-a770ed53f74e","source_type":"ml"}},{"type":"Feature","geometry":{"type":"Polygon","coordinates":[[[50.3576111,53.5220219],[50.3574849,53.5219878],[50.3575585,53.5218916],[50.3576846,53.5219257],[50.3576111,53.5220219]]]},"properties":{"id":"658d35ef-9db5-41d6-952f-de84b8a47bf6","source_type":"osm"}},{"type":"Feature","geometry":{"type":"Polygon","coordinates":[[[50.3574961,53.5225118],[50.3575476,53.5224633],[50.357627,53.5224931],[50.3575755,53.5225416],[50.3574961,53.5225118]]]},"properties":{"id":"cb8ce099-1125-4dbc-893d-09a66e1c8679","source_type":"ml"}},{"type":"Feature","geometry":{"type":"Polygon","coordinates":[[[50.3571619,53.5224593],[50.3572237,53.5223667],[50.3573085,53.5223866],[50.3572761,53.5224351],[50.3573214,53.5224458],[50.3572919,53.52249],[50.3571619,53.5224593]]]},"properties":{"id":"01522639-86c9-4a53-99eb-c0ac1b8d96c4","source_type":"osm"}},{"type":"Feature","geometry":{"type":"Polygon","coordinates":[[[50.3582299,53.523167],[50.3580571,53.5231118],[50.3580826,53.5230835],[50.3581196,53.5230953],[50.3581662,53.5230439],[50.358302,53.5230873],[50.3582299,53.523167]]]},"properties":{"id":"528d64d4-40b5-44f3-91fb-007228df0826","source_type":"osm"}},{"type":"Feature","geometry":{"type":"Polygon","coordinates":[[[50.3615521,53.5176021],[50.361629,53.5176964],[50.3615313,53.5177246],[50.3614544,53.5176303],[50.3615521,53.5176021]]]},"properties":{"id":"4dfe6afe-aa5f-44b2-9f6f-ee0127fa6c07","source_type":"ml"}},{"type":"Feature","geometry":{"type":"Polygon","coordinates":[[[50.3613618,53.5167909],[50.3614225,53.516735],[50.3615086,53.5167681],[50.3614479,53.516824],[50.3613618,53.5167909]]]},"properties":{"id":"02e5c686-d8b8-4534-be0d-e565107908e8","source_type":"ml"}},{"type":"Feature","geometry":{"type":"Polygon","coordinates":[[[50.3618139,53.5159838],[50.3617979,53.5160051],[50.361836,53.5160152],[50.3618138,53.516045],[50.3616704,53.5160071],[50.3617086,53.515956],[50.3618139,53.5159838]]]},"properties":{"id":"ba04dd58-d8c2-4346-891b-943981b76782","source_type":"ml"}},{"type":"Feature","geometry":{"type":"Polygon","coordinates":[[[50.362776,53.5159187],[50.3626301,53.5158712],[50.3626918,53.5158043],[50.3628376,53.5158518],[50.362776,53.5159187]]]},"properties":{"id":"cf5842eb-fe47-4d9a-97a6-a6c76a5820d3","source_type":"osm"}},{"type":"Feature","geometry":{"type":"Polygon","coordinates":[[[50.3616471,53.5135448],[50.3616062,53.5134759],[50.361759,53.5134438],[50.3617999,53.5135127],[50.3616471,53.5135448]]]},"properties":{"id":"69f7e906-5a51-4204-919d-b72db685d05f","source_type":"osm"}},{"type":"Feature","geometry":{"type":"Polygon","coordinates":[[[50.3598829,53.5103009],[50.3597455,53.5103731],[50.3596698,53.5103223],[50.3598072,53.51025],[50.3598829,53.5103009]]]},"properties":{"id":"528da0a2-da4b-494c-b92c-7c01fa7cf826","source_type":"osm"}},{"type":"Feature","geometry":{"type":"Polygon","coordinates":[[[50.358306,53.5101573],[50.3581562,53.5102453],[50.3580653,53.5101906],[50.358215,53.5101026],[50.358306,53.5101573]]]},"properties":{"id":"335e88b7-77c1-4f97-b71f-236f0017c9d2","source_type":"osm"}},{"type":"Feature","geometry":{"type":"Polygon","coordinates":[[[50.3579331,53.5099521],[50.3578045,53.5098766],[50.3578831,53.5098293],[50.3580117,53.5099048],[50.3579331,53.5099521]]]},"properties":{"id":"24af2a9d-9efa-444c-92a3-001ab76e2096","source_type":"osm"}},{"type":"Feature","geometry":{"type":"Polygon","coordinates":[[[50.3679813,53.5119177],[50.3679065,53.5118511],[50.3680064,53.5118115],[50.3680812,53.5118781],[50.3679813,53.5119177]]]},"properties":{"id":"108b75df-38a4-4e07-a7b5-e6db8a832eda","source_type":"osm"}},{"type":"Feature","geometry":{"type":"Polygon","coordinates":[[[50.3682441,53.512702],[50.3681258,53.5126159],[50.3682155,53.5125723],[50.3683338,53.5126584],[50.3682441,53.512702]]]},"properties":{"id":"1ac0d457-de63-45ba-879c-a45f05e9804e","source_type":"osm"}},{"type":"Feature","geometry":{"type":"Polygon","coordinates":[[[50.3677376,53.5129099],[50.3677175,53.5128768],[50.3678323,53.5128521],[50.3678524,53.5128852],[50.3677376,53.5129099]]]},"properties":{"id":"c1a7fa57-78d9-4519-8b32-4f210c639812","source_type":"ml"}},{"type":"Feature","geometry":{"type":"Polygon","coordinates":[[[50.3656761,53.5132823],[50.3655454,53.5132054],[50.3656599,53.5131366],[50.3657906,53.5132135],[50.3656761,53.5132823]]]},"properties":{"id":"0c4d29d0-4c9f-4956-8eb5-7afe66d1ffa5","source_type":"osm"}},{"type":"Feature","geometry":{"type":"Polygon","coordinates":[[[50.3660831,53.5142848],[50.3659979,53.5142211],[50.3660973,53.5141741],[50.3661825,53.5142377],[50.3660831,53.5142848]]]},"properties":{"id":"57f21660-6dc3-4478-bde3-424ca871b2a0","source_type":"osm"}},{"type":"Feature","geometry":{"type":"Polygon","coordinates":[[[50.365316,53.51405],[50.3652826,53.5140281],[50.3653553,53.5139889],[50.3653887,53.5140108],[50.365316,53.51405]]]},"properties":{"id":"7974cb43-edd4-4716-baa0-269129e0db3b","source_type":"ml"}},{"type":"Feature","geometry":{"type":"Polygon","coordinates":[[[50.3650487,53.5141024],[50.3651095,53.514135],[50.3650542,53.5141715],[50.3649934,53.514139],[50.3650487,53.5141024]]]},"properties":{"id":"c625fc3e-662e-48fc-a328-95cf63a473f7","source_type":"ml"}},{"type":"Feature","geometry":{"type":"Polygon","coordinates":[[[50.3642037,53.5137116],[50.3640839,53.5136488],[50.364179,53.5135847],[50.3642246,53.5136087],[50.3642407,53.5135978],[50.3643148,53.5136367],[50.3642037,53.5137116]]]},"properties":{"id":"d05ed674-14c5-4661-84e5-37a1a67a2a05","source_type":"osm"}},{"type":"Feature","geometry":{"type":"Polygon","coordinates":[[[50.3651123,53.5129448],[50.3650204,53.5128847],[50.3651256,53.5128277],[50.3652176,53.5128879],[50.3651123,53.5129448]]]},"properties":{"id":"0e36a33f-710e-4c40-94d8-654f52282b99","source_type":"osm"}},{"type":"Feature","geometry":{"type":"Polygon","coordinates":[[[50.3638645,53.5138849],[50.3638876,53.5138634],[50.3639606,53.5138912],[50.3639374,53.5139127],[50.3638645,53.5138849]]]},"properties":{"id":"7d79799a-15ed-437f-83b3-d0d7592c0b8b","source_type":"ml"}},{"type":"Feature","geometry":{"type":"Polygon","coordinates":[[[50.3638747,53.5165334],[50.3639112,53.5164744],[50.3640175,53.5164976],[50.3639811,53.5165566],[50.3638747,53.5165334]]]},"properties":{"id":"068a3748-9cf1-456a-9340-d7d36455d163","source_type":"ml"}},{"type":"Feature","geometry":{"type":"Polygon","coordinates":[[[50.365359,53.5168882],[50.3653313,53.5168152],[50.3654208,53.5168032],[50.3654484,53.5168763],[50.365359,53.5168882]]]},"properties":{"id":"b79736ba-b217-4aa4-b344-f961f70b0eec","source_type":"osm"}},{"type":"Feature","geometry":{"type":"Polygon","coordinates":[[[50.3664703,53.5155261],[50.3664609,53.5154671],[50.3665895,53.5154599],[50.3665989,53.5155189],[50.3664703,53.5155261]]]},"properties":{"id":"297c932d-6539-44cf-be85-3fc4b2ac72af","source_type":"osm"}},{"type":"Feature","geometry":{"type":"Polygon","coordinates":[[[50.3681054,53.5150934],[50.3679023,53.5150758],[50.3679222,53.5149948],[50.3681253,53.5150125],[50.3681054,53.5150934]]]},"properties":{"id":"7400e96b-88ef-4f1a-9cda-5f227dc2cce1","source_type":"osm"}},{"type":"Feature","geometry":{"type":"Polygon","coordinates":[[[50.3683792,53.5119315],[50.3683182,53.5118846],[50.3683601,53.5118653],[50.3684211,53.5119122],[50.3683792,53.5119315]]]},"properties":{"id":"a3496bdd-2d9d-4d2f-b3dd-cf556f2b62f4","source_type":"ml"}},{"type":"Feature","geometry":{"type":"Polygon","coordinates":[[[50.3703721,53.5117395],[50.3702649,53.5117379],[50.3702667,53.5116949],[50.3703739,53.5116965],[50.3703721,53.5117395]]]},"properties":{"id":"a11e4f75-f353-4575-a735-47963d787580","source_type":"ml"}},{"type":"Feature","geometry":{"type":"Polygon","coordinates":[[[50.3797599,53.5065202],[50.3796839,53.5064273],[50.3798286,53.5063855],[50.3799045,53.5064784],[50.3797599,53.5065202]]]},"properties":{"id":"bd69a7b0-f372-4504-96fc-505eac64770f","source_type":"osm"}},{"type":"Feature","geometry":{"type":"Polygon","coordinates":[[[50.3796663,53.5080294],[50.3795992,53.5079307],[50.3797175,53.5079023],[50.3797845,53.5080011],[50.3796663,53.5080294]]]},"properties":{"id":"344a0c2f-0f49-4114-a204-ac857f8db9d7","source_type":"osm"}},{"type":"Feature","geometry":{"type":"Polygon","coordinates":[[[50.3794994,53.5086737],[50.3794638,53.5086198],[50.3795126,53.5086084],[50.3795482,53.5086623],[50.3794994,53.5086737]]]},"properties":{"id":"db153187-9f4f-4af3-84f5-6b9df3fb0dba","source_type":"ml"}},{"type":"Feature","geometry":{"type":"Polygon","coordinates":[[[50.3798881,53.5088565],[50.3798525,53.5087828],[50.3799689,53.5087629],[50.3800046,53.5088365],[50.3798881,53.5088565]]]},"properties":{"id":"e58c0e3f-e872-4834-9f97-81db2bf695b1","source_type":"ml"}},{"type":"Feature","geometry":{"type":"Polygon","coordinates":[[[50.3807886,53.5099186],[50.3808283,53.5099719],[50.3807273,53.5099985],[50.3806876,53.5099451],[50.3807886,53.5099186]]]},"properties":{"id":"8ca63efa-83f4-4ddf-9cb6-e2d90da497d3","source_type":"ml"}},{"type":"Feature","geometry":{"type":"Polygon","coordinates":[[[50.3799328,53.5099564],[50.3799024,53.5098965],[50.3800032,53.5098783],[50.3800336,53.5099383],[50.3799328,53.5099564]]]},"properties":{"id":"831829e8-293f-42f7-8671-ef0158bedb3a","source_type":"ml"}},{"type":"Feature","geometry":{"type":"Polygon","coordinates":[[[50.3797584,53.5109306],[50.3797616,53.51098],[50.3795527,53.5109848],[50.3795495,53.5109354],[50.3797584,53.5109306]]]},"properties":{"id":"54d8eaa8-7a55-4e62-880b-990d8f8d0cb8","source_type":"ml"}},{"type":"Feature","geometry":{"type":"Polygon","coordinates":[[[50.3791338,53.5074041],[50.3791238,53.5073834],[50.3791981,53.5073707],[50.3792081,53.5073913],[50.3791338,53.5074041]]]},"properties":{"id":"3e5df1d9-9559-4454-ae31-b852464726a6","source_type":"ml"}},{"type":"Feature","geometry":{"type":"Polygon","coordinates":[[[50.3786487,53.5067077],[50.3787627,53.5066681],[50.3787942,53.5067003],[50.3786802,53.5067399],[50.3786487,53.5067077]]]},"properties":{"id":"c1d99542-f15b-48f0-9b86-31faa7b70a38","source_type":"ml"}},{"type":"Feature","geometry":{"type":"Polygon","coordinates":[[[50.3769919,53.5291387],[50.3769891,53.5290204],[50.3771446,53.529019],[50.3771475,53.5291374],[50.3769919,53.5291387]]]},"properties":{"id":"8c8382d5-3605-49ff-92e5-cf11fafe185e","source_type":"osm"}},{"type":"Feature","geometry":{"type":"Polygon","coordinates":[[[50.3773682,53.5304495],[50.377371,53.5303728],[50.3776078,53.5303759],[50.377605,53.5304526],[50.3773682,53.5304495]]]},"properties":{"id":"007d899c-df59-4d29-9100-0bd659463e7d","source_type":"osm"}},{"type":"Feature","geometry":{"type":"Polygon","coordinates":[[[50.3779458,53.5302302],[50.3779483,53.5302676],[50.3778974,53.5302688],[50.3778949,53.5302314],[50.3779458,53.5302302]]]},"properties":{"id":"faa5939a-bc50-41dd-88a2-8afc466f6169","source_type":"ml"}},{"type":"Feature","geometry":{"type":"Polygon","coordinates":[[[50.3778461,53.529616],[50.3778532,53.5296424],[50.3777616,53.529651],[50.3777546,53.5296246],[50.3778461,53.529616]]]},"properties":{"id":"fcf6296a-96cb-4f87-9235-0592d47efbef","source_type":"ml"}},{"type":"Feature","geometry":{"type":"Polygon","coordinates":[[[50.3779719,53.5315947],[50.377901,53.5315938],[50.3779021,53.5315643],[50.377973,53.5315652],[50.3779719,53.5315947]]]},"properties":{"id":"7ba99e82-0b77-4e78-a207-926b73e7f142","source_type":"ml"}},{"type":"Feature","geometry":{"type":"Polygon","coordinates":[[[50.3765524,53.5301215],[50.376555,53.530076],[50.3766434,53.5300779],[50.3766408,53.5301233],[50.3765524,53.5301215]]]},"properties":{"id":"6de4ed29-161d-419d-b8be-8c01117261cd","source_type":"ml"}},{"type":"Feature","geometry":{"type":"Polygon","coordinates":[[[50.373855,53.5308803],[50.373855,53.5307957],[50.3739717,53.5307957],[50.3739717,53.5308803],[50.373855,53.5308803]]]},"properties":{"id":"fb221dee-fe07-41d9-ba1a-fc835052522e","source_type":"osm"}},{"type":"Feature","geometry":{"type":"Polygon","coordinates":[[[50.3709228,53.5310791],[50.370922,53.5310104],[50.3710421,53.5310099],[50.3710429,53.5310786],[50.3709228,53.5310791]]]},"properties":{"id":"257f394e-e6ee-4379-af67-59055631132f","source_type":"osm"}},{"type":"Feature","geometry":{"type":"Polygon","coordinates":[[[50.358247,53.5258491],[50.358109,53.525809],[50.3581851,53.5257165],[50.3583231,53.5257566],[50.358247,53.5258491]]]},"properties":{"id":"14018f8b-348b-44b4-9e0b-e0d29fdf692b","source_type":"osm"}},{"type":"Feature","geometry":{"type":"Polygon","coordinates":[[[50.3575698,53.5243444],[50.3574078,53.524298],[50.3574892,53.5241974],[50.3576513,53.5242438],[50.3575698,53.5243444]]]},"properties":{"id":"946073f2-a985-4fa1-a1e9-bc0f3c31c367","source_type":"osm"}},{"type":"Feature","geometry":{"type":"Polygon","coordinates":[[[50.3552162,53.5283973],[50.3550373,53.528347],[50.3551421,53.5282152],[50.3552693,53.5282509],[50.3552848,53.5282314],[50.3554062,53.5282655],[50.3553086,53.5283882],[50.355239,53.5283686],[50.3552162,53.5283973]]]},"properties":{"id":"b7ccb6e6-5dc6-4554-8a2f-a432ecb2cc8f","source_type":"osm"}},{"type":"Feature","geometry":{"type":"Polygon","coordinates":[[[50.35659,53.526275],[50.3563976,53.5262473],[50.3564525,53.5261128],[50.3566182,53.5261367],[50.356579,53.5262329],[50.3566056,53.5262367],[50.35659,53.526275]]]},"properties":{"id":"b5d6d2b2-b3df-411f-bbb9-966ee46f91c5","source_type":"osm"}},{"type":"Feature","geometry":{"type":"Polygon","coordinates":[[[50.3567456,53.5245159],[50.3568307,53.5245365],[50.3568166,53.524557],[50.3567315,53.5245364],[50.3567456,53.5245159]]]},"properties":{"id":"ed1d4ff1-fba3-47c4-8cca-3de424517022","source_type":"ml"}},{"type":"Feature","geometry":{"type":"Polygon","coordinates":[[[50.3564851,53.5256248],[50.3563155,53.5255728],[50.3563859,53.5254918],[50.3565554,53.5255438],[50.3564851,53.5256248]]]},"properties":{"id":"c4eafc43-2c12-4def-a2b4-b00656158019","source_type":"osm"}},{"type":"Feature","geometry":{"type":"Polygon","coordinates":[[[50.3549065,53.5247223],[50.3548399,53.5248132],[50.3546739,53.5247702],[50.3547406,53.5246793],[50.3549065,53.5247223]]]},"properties":{"id":"f500ce1a-2539-4996-aee6-191aad9dd3f9","source_type":"osm"}},{"type":"Feature","geometry":{"type":"Polygon","coordinates":[[[50.3546757,53.5243482],[50.3547436,53.5243646],[50.3547192,53.5244002],[50.3546514,53.5243838],[50.3546757,53.5243482]]]},"properties":{"id":"381c45af-bb18-4cd3-8475-fe5bfecce78b","source_type":"ml"}},{"type":"Feature","geometry":{"type":"Polygon","coordinates":[[[50.3547219,53.5248844],[50.3547405,53.5248542],[50.3548197,53.5248714],[50.3548011,53.5249016],[50.3547219,53.5248844]]]},"properties":{"id":"f57f1920-e060-450b-957d-a66b3ee4a0a8","source_type":"ml"}},{"type":"Feature","geometry":{"type":"Polygon","coordinates":[[[50.3557857,53.526195],[50.3558516,53.5262001],[50.3558433,53.5262378],[50.3557774,53.5262326],[50.3557857,53.526195]]]},"properties":{"id":"a9c011c5-c1c2-48d6-b4b0-539cc979259f","source_type":"ml"}},{"type":"Feature","geometry":{"type":"Polygon","coordinates":[[[50.3551774,53.5267512],[50.3550538,53.5267145],[50.3551226,53.5266326],[50.3552463,53.5266694],[50.3551774,53.5267512]]]},"properties":{"id":"aef7e9aa-e507-4b58-bf7a-42862f31c1f4","source_type":"osm"}},{"type":"Feature","geometry":{"type":"Polygon","coordinates":[[[50.3536232,53.528019],[50.3534849,53.5279846],[50.3535461,53.5278976],[50.353727,53.5279426],[50.3536779,53.5280123],[50.3536354,53.5280018],[50.3536232,53.528019]]]},"properties":{"id":"f7645cdb-5061-4259-87cc-210a96f4550e","source_type":"osm"}},{"type":"Feature","geometry":{"type":"Polygon","coordinates":[[[50.3536264,53.5252284],[50.3536556,53.525175],[50.3538715,53.5252167],[50.3538423,53.5252701],[50.3536264,53.5252284]]]},"properties":{"id":"95a29578-728d-4be1-90f5-be28bb17a6d5","source_type":"ml"}},{"type":"Feature","geometry":{"type":"Polygon","coordinates":[[[50.3544463,53.5243962],[50.3544163,53.5244419],[50.3543767,53.5244327],[50.3544067,53.5243871],[50.3544463,53.5243962]]]},"properties":{"id":"bfde3ada-cb16-4856-bf59-56384475ba69","source_type":"ml"}},{"type":"Feature","geometry":{"type":"Polygon","coordinates":[[[50.3527838,53.5256574],[50.3528704,53.5256692],[50.3528353,53.5257601],[50.3527487,53.5257483],[50.3527838,53.5256574]]]},"properties":{"id":"49709fdb-b500-4ebc-b969-db90d92c6d2b","source_type":"ml"}},{"type":"Feature","geometry":{"type":"Polygon","coordinates":[[[50.3522706,53.5250831],[50.3522959,53.5249773],[50.352485,53.5249932],[50.3524597,53.5250991],[50.3522706,53.5250831]]]},"properties":{"id":"11019fb3-089a-487b-a10e-8fee5a6e9ab8","source_type":"osm"}},{"type":"Feature","geometry":{"type":"Polygon","coordinates":[[[50.352689,53.5239337],[50.3524946,53.5238677],[50.3525828,53.523776],[50.3526737,53.5238068],[50.3527259,53.5237525],[50.3527789,53.5237705],[50.3527268,53.5238246],[50.3527774,53.5238418],[50.352689,53.5239337]]]},"properties":{"id":"95b93e08-c70d-49dc-9b2b-b81dc76c68e3","source_type":"osm"}},{"type":"Feature","geometry":{"type":"Polygon","coordinates":[[[50.3530023,53.5278951],[50.3528466,53.527854],[50.3529233,53.5277514],[50.353079,53.5277926],[50.3530023,53.5278951]]]},"properties":{"id":"5c084c9a-f4db-452b-b0d2-0717c9b1ca01","source_type":"osm"}},{"type":"Feature","geometry":{"type":"Polygon","coordinates":[[[50.351778,53.527305],[50.3516927,53.527282],[50.3517102,53.527259],[50.3517955,53.527282],[50.351778,53.527305]]]},"properties":{"id":"b8230724-241c-4796-af50-559bfcb37caa","source_type":"ml"}},{"type":"Feature","geometry":{"type":"Polygon","coordinates":[[[50.3522307,53.5288198],[50.35225,53.5287836],[50.3523353,53.5287997],[50.3523159,53.5288359],[50.3522307,53.5288198]]]},"properties":{"id":"85e0fd3b-fbe2-46af-ac96-462a676c0485","source_type":"ml"}},{"type":"Feature","geometry":{"type":"Polygon","coordinates":[[[50.3362498,53.5143531],[50.3361524,53.5143992],[50.3360332,53.5143103],[50.3361306,53.5142641],[50.3362498,53.5143531]]]},"properties":{"id":"c520e350-a92e-4848-ab7d-9b1e3d12d40c","source_type":"my"}},{"type":"Feature","geometry":{"type":"Polygon","coordinates":[[[50.320776,53.5042065],[50.3208443,53.5042046],[50.3208501,53.5042753],[50.3207818,53.5042773],[50.320776,53.5042065]]]},"properties":{"id":"1f40d0b7-7b07-4795-b64c-79ffbc7418ac","source_type":"ml"}},{"type":"Feature","geometry":{"type":"Polygon","coordinates":[[[50.3513462,53.5273178],[50.3513515,53.5272541],[50.3514077,53.5272558],[50.3514095,53.5272335],[50.3514577,53.5272349],[50.3514506,53.5273208],[50.3513462,53.5273178]]]},"properties":{"id":"c45b6af8-1c4e-4b68-913b-9630b8b8c1d6","source_type":"ml"}},{"type":"Feature","geometry":{"type":"Polygon","coordinates":[[[50.3501138,53.5259808],[50.350125,53.5259404],[50.3503208,53.5259596],[50.3503096,53.526],[50.3501138,53.5259808]]]},"properties":{"id":"fc94fa5a-d948-4696-90a4-7b1d5d601ca5","source_type":"ml"}},{"type":"Feature","geometry":{"type":"Polygon","coordinates":[[[50.3499717,53.5260813],[50.3498265,53.5260502],[50.3498949,53.5259373],[50.3500401,53.5259683],[50.3499717,53.5260813]]]},"properties":{"id":"0c89631d-f2af-4d25-ba48-dc28c576d321","source_type":"osm"}},{"type":"Feature","geometry":{"type":"Polygon","coordinates":[[[50.3486276,53.5265425],[50.348475,53.5265105],[50.3484986,53.5264708],[50.3486512,53.5265029],[50.3486276,53.5265425]]]},"properties":{"id":"b3469672-561b-4e76-b25d-3b7e0df2f1d3","source_type":"ml"}},{"type":"Feature","geometry":{"type":"Polygon","coordinates":[[[50.3482326,53.5279622],[50.3482224,53.5279945],[50.3481369,53.5279849],[50.3481471,53.5279526],[50.3482326,53.5279622]]]},"properties":{"id":"08cb0c2f-6770-450c-9242-415df4936f40","source_type":"ml"}},{"type":"Feature","geometry":{"type":"Polygon","coordinates":[[[50.3447173,53.5271654],[50.3446117,53.5271489],[50.3446518,53.5270583],[50.3448294,53.527086],[50.3447666,53.5272282],[50.3446945,53.5272169],[50.3447173,53.5271654]]]},"properties":{"id":"6e5b4023-d2ec-4980-ae06-13edf619c2de","source_type":"osm"}},{"type":"Feature","geometry":{"type":"Polygon","coordinates":[[[50.3433218,53.5265359],[50.3434154,53.526533],[50.3434185,53.5265688],[50.3433249,53.5265716],[50.3433218,53.5265359]]]},"properties":{"id":"347f4a8e-8a1a-4346-abef-0662eaa9e801","source_type":"ml"}},{"type":"Feature","geometry":{"type":"Polygon","coordinates":[[[50.3415223,53.5281958],[50.341587,53.5282124],[50.341545,53.5282702],[50.3414804,53.5282537],[50.3415223,53.5281958]]]},"properties":{"id":"ddad9537-fd55-4e11-9ef7-0fa70f97e920","source_type":"ml"}},{"type":"Feature","geometry":{"type":"Polygon","coordinates":[[[50.3415183,53.5259114],[50.3414539,53.5258537],[50.3415493,53.5258161],[50.3416137,53.5258737],[50.3415183,53.5259114]]]},"properties":{"id":"b0e20d1d-c1be-4e05-afb9-4fa5cc96776f","source_type":"osm"}},{"type":"Feature","geometry":{"type":"Polygon","coordinates":[[[50.3410382,53.526543],[50.3411681,53.5265608],[50.34115,53.5266077],[50.34102,53.52659],[50.3410382,53.526543]]]},"properties":{"id":"32eacd18-41ba-4a0b-8c97-baf65cc31c14","source_type":"ml"}},{"type":"Feature","geometry":{"type":"Polygon","coordinates":[[[50.3405089,53.5308622],[50.3405288,53.5308238],[50.3405791,53.530833],[50.3405592,53.5308714],[50.3405089,53.5308622]]]},"properties":{"id":"27f40d6f-a4f2-43f9-bf00-e91869f1e1e5","source_type":"ml"}},{"type":"Feature","geometry":{"type":"Polygon","coordinates":[[[50.3420134,53.5289225],[50.3419518,53.5289022],[50.3419909,53.5288602],[50.3420525,53.5288805],[50.3420134,53.5289225]]]},"properties":{"id":"b9af3d49-db43-4570-a7d0-a0266492d749","source_type":"ml"}},{"type":"Feature","geometry":{"type":"Polygon","coordinates":[[[50.3388195,53.5286543],[50.3387031,53.5286235],[50.3387389,53.5285756],[50.3388554,53.5286063],[50.3388195,53.5286543]]]},"properties":{"id":"2570b193-f550-43a4-9d7c-74384576ceb4","source_type":"ml"}},{"type":"Feature","geometry":{"type":"Polygon","coordinates":[[[50.3222999,53.5311131],[50.3223249,53.5311362],[50.3222472,53.5311659],[50.3222221,53.5311428],[50.3222999,53.5311131]]]},"properties":{"id":"9bc5f191-cb73-4154-8d9f-7ef04a291bf4","source_type":"ml"}},{"type":"Feature","geometry":{"type":"Polygon","coordinates":[[[50.3279312,53.5038502],[50.3279187,53.5038002],[50.328017,53.5037915],[50.3280295,53.5038415],[50.3279312,53.5038502]]]},"properties":{"id":"404b99e6-dbd3-4339-a656-1487c5b9b38a","source_type":"ml"}},{"type":"Feature","geometry":{"type":"Polygon","coordinates":[[[50.328372,53.5040778],[50.3283676,53.503997],[50.3285189,53.5039941],[50.3285216,53.5040447],[50.32845,53.5040461],[50.3284516,53.5040763],[50.328372,53.5040778]]]},"properties":{"id":"898dc475-6d84-4172-970d-5abd1252257d","source_type":"osm"}},{"type":"Feature","geometry":{"type":"Polygon","coordinates":[[[50.3258785,53.5029341],[50.3256919,53.5029351],[50.3256913,53.5028936],[50.3258779,53.5028926],[50.3258785,53.5029341]]]},"properties":{"id":"a1b94a78-0928-485f-bf6a-837d68eaba20","source_type":"ml"}},{"type":"Feature","geometry":{"type":"Polygon","coordinates":[[[50.326094,53.5055493],[50.325918,53.5055267],[50.3259774,53.5053631],[50.3261534,53.5053856],[50.326094,53.5055493]]]},"properties":{"id":"51aeddd2-23e1-4ed3-b0ea-8510a9450f72","source_type":"osm"}},{"type":"Feature","geometry":{"type":"Polygon","coordinates":[[[50.3240735,53.5054614],[50.3241397,53.505472],[50.3241269,53.5055002],[50.3240607,53.5054897],[50.3240735,53.5054614]]]},"properties":{"id":"232fc974-fff5-43c4-bb82-270dcd29b40b","source_type":"ml"}},{"type":"Feature","geometry":{"type":"Polygon","coordinates":[[[50.3245981,53.5039958],[50.3245994,53.5039528],[50.3246531,53.5039534],[50.3246517,53.5039964],[50.3245981,53.5039958]]]},"properties":{"id":"2c672b9b-fb61-4dd1-951a-401d96b9ee42","source_type":"ml"}},{"type":"Feature","geometry":{"type":"Polygon","coordinates":[[[50.3239989,53.5039265],[50.3239857,53.5038568],[50.3242002,53.5038425],[50.3242168,53.5039298],[50.3241203,53.5039363],[50.3241169,53.5039186],[50.3239989,53.5039265]]]},"properties":{"id":"5abbb8a4-44b1-451c-8913-7207246c7f63","source_type":"osm"}},{"type":"Feature","geometry":{"type":"Polygon","coordinates":[[[50.3236688,53.5040018],[50.3235253,53.5040112],[50.3235027,53.5038895],[50.3237167,53.5038755],[50.323728,53.5039364],[50.3236576,53.5039411],[50.3236688,53.5040018]]]},"properties":{"id":"c809259b-5ce4-4b98-a7a1-18f985dad18d","source_type":"osm"}},{"type":"Feature","geometry":{"type":"Polygon","coordinates":[[[50.3224454,53.5042326],[50.3224325,53.5041471],[50.3225017,53.5041434],[50.3225146,53.5042289],[50.3224454,53.5042326]]]},"properties":{"id":"0f502f67-2973-4469-ae50-322c70df01ec","source_type":"ml"}},{"type":"Feature","geometry":{"type":"Polygon","coordinates":[[[50.3215728,53.5003702],[50.3215932,53.5004448],[50.321555,53.5004485],[50.3215346,53.5003739],[50.3215728,53.5003702]]]},"properties":{"id":"6a000c7a-2847-4bbf-af4f-31bfb2a8c8e7","source_type":"ml"}},{"type":"Feature","geometry":{"type":"Polygon","coordinates":[[[50.3295427,53.5035485],[50.3293852,53.5035536],[50.3293784,53.5034798],[50.3295359,53.5034748],[50.3295427,53.5035485]]]},"properties":{"id":"f6c414bd-db73-485d-86f3-c5890fbb6674","source_type":"osm"}},{"type":"Feature","geometry":{"type":"Polygon","coordinates":[[[50.32976,53.5042886],[50.3297666,53.5043569],[50.3296891,53.5043596],[50.3296825,53.5042912],[50.32976,53.5042886]]]},"properties":{"id":"a31d53b6-9cd6-441d-ae67-51f915f47a1c","source_type":"ml"}},{"type":"Feature","geometry":{"type":"Polygon","coordinates":[[[50.3313412,53.504646],[50.3313385,53.5045886],[50.3313773,53.504588],[50.3313758,53.5045545],[50.331424,53.5045537],[50.3314283,53.5046446],[50.3313412,53.504646]]]},"properties":{"id":"35446d71-e6a9-4d96-b4e4-c49821d1b284","source_type":"ml"}},{"type":"Feature","geometry":{"type":"Polygon","coordinates":[[[50.3344191,53.5052511],[50.3344153,53.5053204],[50.3343134,53.5053184],[50.3343173,53.5052491],[50.3344191,53.5052511]]]},"properties":{"id":"ccde0be2-ff87-4869-85aa-bc54f8b4966c","source_type":"ml"}},{"type":"Feature","geometry":{"type":"Polygon","coordinates":[[[50.3354514,53.50368],[50.3354497,53.5036433],[50.3355811,53.5036412],[50.3355827,53.5036779],[50.3354514,53.50368]]]},"properties":{"id":"572ee756-ab0b-4dbf-b2db-ca172126e82a","source_type":"ml"}},{"type":"Feature","geometry":{"type":"Polygon","coordinates":[[[50.3357072,53.502479],[50.3358397,53.5024808],[50.3358375,53.5025382],[50.3359286,53.5025394],[50.3359272,53.5025761],[50.3357036,53.5025731],[50.3357072,53.502479]]]},"properties":{"id":"628a3b96-f96b-461d-9a54-8dc879fc1cc7","source_type":"ml"}},{"type":"Feature","geometry":{"type":"Polygon","coordinates":[[[50.3361509,53.5026892],[50.3361523,53.5025488],[50.3362622,53.5025492],[50.3362618,53.5025923],[50.3362227,53.5025921],[50.3362218,53.5026895],[50.3361509,53.5026892]]]},"properties":{"id":"bd82fd06-01c2-421b-a00e-2948a6e85a07","source_type":"ml"}},{"type":"Feature","geometry":{"type":"Polygon","coordinates":[[[50.3347028,53.5016803],[50.3348084,53.5016815],[50.3348077,53.5017038],[50.3347021,53.5017026],[50.3347028,53.5016803]]]},"properties":{"id":"53ee022e-3394-42ad-b2d9-b7aff398c78a","source_type":"ml"}},{"type":"Feature","geometry":{"type":"Polygon","coordinates":[[[50.3409551,53.5021268],[50.3409542,53.5020378],[50.3411002,53.5020373],[50.3411011,53.5021263],[50.3409551,53.5021268]]]},"properties":{"id":"464ff3e8-4353-4c1f-8430-fe61f0ba0c7b","source_type":"osm"}},{"type":"Feature","geometry":{"type":"Polygon","coordinates":[[[50.3409734,53.5000435],[50.3409704,53.5001041],[50.3409168,53.5001031],[50.3409198,53.5000426],[50.3409734,53.5000435]]]},"properties":{"id":"2b4213a8-d2b8-4019-abdc-d8a00de39cfc","source_type":"ml"}},{"type":"Feature","geometry":{"type":"Polygon","coordinates":[[[50.3419106,53.503283],[50.3419133,53.5031973],[50.3420001,53.5031983],[50.3419988,53.503239],[50.3420308,53.5032393],[50.3420294,53.5032843],[50.3419106,53.503283]]]},"properties":{"id":"77c7b8c3-d457-487c-ba41-cdca6663f924","source_type":"osm"}},{"type":"Feature","geometry":{"type":"Polygon","coordinates":[[[50.3387362,53.5052625],[50.3385258,53.5052651],[50.3385208,53.5051248],[50.3387312,53.5051221],[50.3387362,53.5052625]]]},"properties":{"id":"80b46a70-a2c1-412a-b310-f85b608bd61e","source_type":"osm"}},{"type":"Feature","geometry":{"type":"Polygon","coordinates":[[[50.3381872,53.5027056],[50.3381889,53.5025915],[50.3383128,53.5025921],[50.3383112,53.5027062],[50.3381872,53.5027056]]]},"properties":{"id":"6ee56004-05df-475a-8ef3-164ed1b37e59","source_type":"osm"}},{"type":"Feature","geometry":{"type":"Polygon","coordinates":[[[50.3400674,53.5026799],[50.3399312,53.5026787],[50.3399336,53.5025866],[50.3400697,53.5025878],[50.3400674,53.5026799]]]},"properties":{"id":"cd6488df-c9b3-48f6-88d5-fd055e73adeb","source_type":"osm"}},{"type":"Feature","geometry":{"type":"Polygon","coordinates":[[[50.3377087,53.5008434],[50.3377098,53.5008801],[50.3376535,53.5008807],[50.3376524,53.500844],[50.3377087,53.5008434]]]},"properties":{"id":"a953477f-8da2-4ec6-886a-eb95abee4eb2","source_type":"ml"}},{"type":"Feature","geometry":{"type":"Polygon","coordinates":[[[50.3366367,53.5035493],[50.3366955,53.5035511],[50.3366929,53.5035813],[50.336634,53.5035795],[50.3366367,53.5035493]]]},"properties":{"id":"4efd307b-6742-4e81-8e66-b53ede072565","source_type":"ml"}},{"type":"Feature","geometry":{"type":"Polygon","coordinates":[[[50.3429474,53.5114093],[50.3428201,53.5113509],[50.3429021,53.5112877],[50.342975,53.5113211],[50.3429937,53.5113067],[50.3429729,53.5112972],[50.3430207,53.5112604],[50.3430468,53.5112723],[50.343076,53.5112498],[50.3431406,53.5112794],[50.3431619,53.5112629],[50.3432129,53.5112863],[50.3431896,53.5113043],[50.3432315,53.5113235],[50.343181,53.5113625],[50.3431987,53.5113706],[50.3431692,53.5113934],[50.3431448,53.5113822],[50.343105,53.5114129],[50.3430033,53.5113662],[50.3429474,53.5114093]]]},"properties":{"id":"576a8169-179c-49aa-a6e7-3182a09fb700","source_type":"osm"}},{"type":"Feature","geometry":{"type":"Polygon","coordinates":[[[50.3513468,53.5242884],[50.3514117,53.5242954],[50.3514015,53.5243287],[50.3513366,53.5243217],[50.3513468,53.5242884]]]},"properties":{"id":"7a5eb36c-2553-4e5a-ac28-8c7869fea461","source_type":"ml"}},{"type":"Feature","geometry":{"type":"Polygon","coordinates":[[[50.3513688,53.5240455],[50.3514225,53.5239591],[50.3514992,53.5239759],[50.3514455,53.5240624],[50.3513688,53.5240455]]]},"properties":{"id":"c84e2a2f-90b4-4118-a6b3-b8fd65405290","source_type":"ml"}},{"type":"Feature","geometry":{"type":"Polygon","coordinates":[[[50.3440365,53.5033815],[50.344032,53.5033162],[50.3441204,53.5033141],[50.3441249,53.5033794],[50.3440365,53.5033815]]]},"properties":{"id":"f95087fe-87f1-4480-a50c-915aa9003574","source_type":"ml"}},{"type":"Feature","geometry":{"type":"Polygon","coordinates":[[[50.3442902,53.5025711],[50.3442879,53.5026349],[50.3442236,53.5026341],[50.3442259,53.5025703],[50.3442902,53.5025711]]]},"properties":{"id":"4cc00096-f843-4e08-b0e6-1d703487cec5","source_type":"ml"}},{"type":"Feature","geometry":{"type":"Polygon","coordinates":[[[50.345208,53.502531],[50.3452058,53.502488],[50.3452754,53.5024867],[50.3452777,53.5025297],[50.345208,53.502531]]]},"properties":{"id":"34490899-c42b-4f48-ac10-bf43e947db23","source_type":"ml"}},{"type":"Feature","geometry":{"type":"Polygon","coordinates":[[[50.3451399,53.5003999],[50.3448879,53.5003999],[50.3448879,53.5002867],[50.3451399,53.5002867],[50.3451399,53.5003999]]]},"properties":{"id":"14474d09-fea9-44a0-924f-ac0e3f07062f","source_type":"osm"}},{"type":"Feature","geometry":{"type":"Polygon","coordinates":[[[50.3547592,53.502864],[50.3544402,53.5030327],[50.3543483,53.5029713],[50.3546673,53.5028026],[50.3547592,53.502864]]]},"properties":{"id":"81ea5825-879c-4d41-94ee-c8db79b6a31f","source_type":"osm"}},{"type":"Feature","geometry":{"type":"Polygon","coordinates":[[[50.3544667,53.5055415],[50.3542993,53.5055195],[50.3543247,53.505451],[50.3544921,53.505473],[50.3544667,53.5055415]]]},"properties":{"id":"69df236f-5837-4a3d-a9b3-f962b1fcc0bf","source_type":"osm"}},{"type":"Feature","geometry":{"type":"Polygon","coordinates":[[[50.3529732,53.5050924],[50.3528969,53.5050646],[50.3529725,53.5049911],[50.3530488,53.5050189],[50.3529732,53.5050924]]]},"properties":{"id":"2db9bdfa-f947-4133-a036-cd52333d93e9","source_type":"osm"}},{"type":"Feature","geometry":{"type":"Polygon","coordinates":[[[50.3528263,53.5047765],[50.3527082,53.5048488],[50.3526277,53.5048023],[50.3527458,53.50473],[50.3528263,53.5047765]]]},"properties":{"id":"b4237eba-c2e8-48f7-bf2e-643acd35ecd2","source_type":"osm"}},{"type":"Feature","geometry":{"type":"Polygon","coordinates":[[[50.3535572,53.5072966],[50.3533908,53.5073053],[50.3533816,53.5072434],[50.353548,53.5072347],[50.3535572,53.5072966]]]},"properties":{"id":"79d782e0-b52d-47bd-9786-1dd1cf951815","source_type":"osm"}},{"type":"Feature","geometry":{"type":"Polygon","coordinates":[[[50.3545689,53.5069916],[50.3544977,53.5069367],[50.3546213,53.5068801],[50.3546924,53.506935],[50.3545689,53.5069916]]]},"properties":{"id":"247630ad-6572-4a6e-b015-a9c0c142ef3d","source_type":"osm"}},{"type":"Feature","geometry":{"type":"Polygon","coordinates":[[[50.3548004,53.5071901],[50.3547315,53.5071406],[50.3548726,53.5070712],[50.3549415,53.5071208],[50.3548004,53.5071901]]]},"properties":{"id":"3e701ade-ad9f-455d-9507-1de16ef7d95c","source_type":"osm"}},{"type":"Feature","geometry":{"type":"Polygon","coordinates":[[[50.3569403,53.5097825],[50.3568811,53.5097343],[50.3570298,53.5096697],[50.357089,53.5097179],[50.3569403,53.5097825]]]},"properties":{"id":"ed8804ed-1151-43a0-b99e-baf3a7a245c5","source_type":"osm"}},{"type":"Feature","geometry":{"type":"Polygon","coordinates":[[[50.3532347,53.5232823],[50.353268,53.5232291],[50.3534235,53.5232635],[50.3533902,53.5233167],[50.3532347,53.5232823]]]},"properties":{"id":"ff7dea1d-2444-4c57-a381-fa91dd691c8c","source_type":"ml"}},{"type":"Feature","geometry":{"type":"Polygon","coordinates":[[[50.3541334,53.5228979],[50.3539516,53.522849],[50.3540542,53.5227142],[50.3541527,53.5227406],[50.3541339,53.5227654],[50.3542171,53.5227878],[50.3541334,53.5228979]]]},"properties":{"id":"494ed0c7-b2e4-474a-a575-0598245c8e65","source_type":"osm"}},{"type":"Feature","geometry":{"type":"Polygon","coordinates":[[[50.3551553,53.5235861],[50.355187,53.5235413],[50.3553112,53.5235724],[50.3552796,53.5236171],[50.3551553,53.5235861]]]},"properties":{"id":"ad515a05-516d-40c1-8414-ba7d162b95bd","source_type":"ml"}},{"type":"Feature","geometry":{"type":"Polygon","coordinates":[[[50.3554769,53.5230417],[50.3554472,53.5230205],[50.3555082,53.5229903],[50.3555379,53.5230115],[50.3554769,53.5230417]]]},"properties":{"id":"321ca5b0-611e-4251-8e5a-08534969b8f1","source_type":"ml"}},{"type":"Feature","geometry":{"type":"Polygon","coordinates":[[[50.3597146,53.5172766],[50.3597629,53.5172563],[50.3598172,53.5173021],[50.3597689,53.5173223],[50.3597146,53.5172766]]]},"properties":{"id":"c44efb55-586c-4d9c-88f8-26955b3a8f10","source_type":"ml"}},{"type":"Feature","geometry":{"type":"Polygon","coordinates":[[[50.3581241,53.5181561],[50.3582071,53.5181383],[50.3582316,53.5181786],[50.3581486,53.5181964],[50.3581241,53.5181561]]]},"properties":{"id":"b86b2ba2-9d20-445a-aad8-b0a938763fa4","source_type":"ml"}},{"type":"Feature","geometry":{"type":"Polygon","coordinates":[[[50.3572937,53.5184603],[50.3573032,53.5184148],[50.3573957,53.5184216],[50.3573861,53.5184672],[50.3572937,53.5184603]]]},"properties":{"id":"55de3184-bf5b-4735-96a2-b6193c9106b1","source_type":"ml"}},{"type":"Feature","geometry":{"type":"Polygon","coordinates":[[[50.3580011,53.5230312],[50.3579066,53.5230105],[50.3579798,53.5228926],[50.3580742,53.5229133],[50.3580011,53.5230312]]]},"properties":{"id":"7525c2dc-8673-42de-885a-e8c4047f04d4","source_type":"ml"}},{"type":"Feature","geometry":{"type":"Polygon","coordinates":[[[50.3584134,53.5227396],[50.3584442,53.5226944],[50.3586088,53.5227341],[50.3585779,53.5227793],[50.3584134,53.5227396]]]},"properties":{"id":"51aaca9b-6aca-4f9d-a997-52c94622267c","source_type":"ml"}},{"type":"Feature","geometry":{"type":"Polygon","coordinates":[[[50.358812,53.5219299],[50.3586336,53.5219071],[50.3586505,53.5218605],[50.3589453,53.5218982],[50.3589211,53.5219653],[50.3588046,53.5219504],[50.358812,53.5219299]]]},"properties":{"id":"1a2ecfa9-1747-4de9-8ade-2e0a19a257b1","source_type":"ml"}},{"type":"Feature","geometry":{"type":"Polygon","coordinates":[[[50.3598655,53.5227358],[50.3597848,53.5227274],[50.3598346,53.5225588],[50.3599152,53.5225672],[50.3598655,53.5227358]]]},"properties":{"id":"caa0e510-f713-4b6f-a93d-f57047963893","source_type":"ml"}},{"type":"Feature","geometry":{"type":"Polygon","coordinates":[[[50.362101,53.5222566],[50.3621264,53.5223498],[50.3620662,53.5223556],[50.3620408,53.5222624],[50.362101,53.5222566]]]},"properties":{"id":"3b82c76c-6063-43dc-9176-3cc617a90a37","source_type":"ml"}},{"type":"Feature","geometry":{"type":"Polygon","coordinates":[[[50.3615969,53.5223216],[50.3615584,53.5221892],[50.3617362,53.5221709],[50.3617682,53.522281],[50.3617036,53.5222876],[50.3617101,53.52231],[50.3615969,53.5223216]]]},"properties":{"id":"fc0f2086-4e1b-4b74-887d-72a619640463","source_type":"osm"}},{"type":"Feature","geometry":{"type":"Polygon","coordinates":[[[50.3602934,53.5181563],[50.3602446,53.5180765],[50.3604178,53.5180391],[50.3604666,53.5181189],[50.3602934,53.5181563]]]},"properties":{"id":"3fd60726-73fc-4b82-bd97-efdde17fbd04","source_type":"osm"}},{"type":"Feature","geometry":{"type":"Polygon","coordinates":[[[50.3606706,53.5181703],[50.36062,53.5181063],[50.3607723,53.5180637],[50.3608466,53.5181576],[50.3607682,53.5181795],[50.3607446,53.5181496],[50.3606706,53.5181703]]]},"properties":{"id":"c1c77b2b-2a62-44bd-a94e-9ec24cbcc0f9","source_type":"osm"}},{"type":"Feature","geometry":{"type":"Polygon","coordinates":[[[50.3610095,53.5167277],[50.3608625,53.5166819],[50.3609196,53.5166171],[50.3610667,53.5166629],[50.3610095,53.5167277]]]},"properties":{"id":"df830807-3137-49dc-867f-6ebd1dc4e155","source_type":"osm"}},{"type":"Feature","geometry":{"type":"Polygon","coordinates":[[[50.3610423,53.5170067],[50.3609071,53.5169579],[50.3609838,53.5168828],[50.3611189,53.5169316],[50.3610423,53.5170067]]]},"properties":{"id":"760ded7c-f9fb-4d2a-a66c-1b8787de3495","source_type":"osm"}},{"type":"Feature","geometry":{"type":"Polygon","coordinates":[[[50.3605586,53.5167986],[50.360609,53.5167393],[50.3607078,53.516769],[50.3606573,53.5168283],[50.3605586,53.5167986]]]},"properties":{"id":"50fa24e4-d4ae-484f-870f-d0021035b766","source_type":"osm"}},{"type":"Feature","geometry":{"type":"Polygon","coordinates":[[[50.3615642,53.5162503],[50.3614814,53.516225],[50.361524,53.5161758],[50.3616067,53.5162011],[50.3615642,53.5162503]]]},"properties":{"id":"49999605-6dc9-47c4-8794-5a1eee10a846","source_type":"ml"}},{"type":"Feature","geometry":{"type":"Polygon","coordinates":[[[50.3627925,53.5168111],[50.3627218,53.5167978],[50.3627471,53.51675],[50.3628179,53.5167632],[50.3627925,53.5168111]]]},"properties":{"id":"c7a19541-1f77-4e1c-b0e1-0389cdfb1cfd","source_type":"ml"}},{"type":"Feature","geometry":{"type":"Polygon","coordinates":[[[50.3626719,53.5153464],[50.3625628,53.5153209],[50.3625975,53.5152684],[50.3627066,53.5152939],[50.3626719,53.5153464]]]},"properties":{"id":"f280de33-6022-429e-b22a-208809589160","source_type":"ml"}},{"type":"Feature","geometry":{"type":"Polygon","coordinates":[[[50.3592182,53.5134862],[50.3593162,53.5134835],[50.3593211,53.5135465],[50.3592231,53.5135492],[50.3592182,53.5134862]]]},"properties":{"id":"13fb6f04-b4af-418b-bbce-1433c26ca694","source_type":"ml"}},{"type":"Feature","geometry":{"type":"Polygon","coordinates":[[[50.3584543,53.5103112],[50.3583759,53.5102631],[50.3584958,53.510194],[50.3585743,53.5102421],[50.3584543,53.5103112]]]},"properties":{"id":"d4ee91d9-728c-4f50-a8fd-7aa0dede044f","source_type":"osm"}},{"type":"Feature","geometry":{"type":"Polygon","coordinates":[[[50.3664289,53.5125978],[50.3663071,53.5125197],[50.3664318,53.512451],[50.3665535,53.5125291],[50.3664289,53.5125978]]]},"properties":{"id":"a45256f8-88e9-4199-9257-691ea4f072c0","source_type":"osm"}},{"type":"Feature","geometry":{"type":"Polygon","coordinates":[[[50.3676954,53.512547],[50.3676466,53.5125076],[50.3677713,53.512453],[50.3678688,53.5125317],[50.3677441,53.5125863],[50.3676954,53.512547]]]},"properties":{"id":"e167a21c-f1a0-40b1-acad-eb8084a283d0","source_type":"osm"}},{"type":"Feature","geometry":{"type":"Polygon","coordinates":[[[50.367428,53.5125881],[50.3673551,53.5124981],[50.3674064,53.5124834],[50.3674793,53.5125734],[50.367428,53.5125881]]]},"properties":{"id":"a62a0089-4026-423a-b6fb-ffcd3a7b2530","source_type":"ml"}},{"type":"Feature","geometry":{"type":"Polygon","coordinates":[[[50.3671426,53.5125945],[50.3670838,53.5125179],[50.3672163,53.512482],[50.3672751,53.5125586],[50.3671426,53.5125945]]]},"properties":{"id":"e29eb5d6-239a-446d-920f-1e33a2f1b400","source_type":"osm"}},{"type":"Feature","geometry":{"type":"Polygon","coordinates":[[[50.367318,53.5137289],[50.3671815,53.5137641],[50.3671293,53.5136927],[50.3672658,53.5136574],[50.367318,53.5137289]]]},"properties":{"id":"2edc47ec-f593-4f1d-8e22-be09b65fc6c8","source_type":"osm"}},{"type":"Feature","geometry":{"type":"Polygon","coordinates":[[[50.3679191,53.5131258],[50.3680355,53.5131243],[50.3680378,53.513192],[50.3679214,53.5131935],[50.3679191,53.5131258]]]},"properties":{"id":"c49249bd-0bbf-4e7a-b719-6dd8544637fe","source_type":"ml"}},{"type":"Feature","geometry":{"type":"Polygon","coordinates":[[[50.3676202,53.5140234],[50.3677015,53.5140215],[50.3677038,53.5140574],[50.3676225,53.5140593],[50.3676202,53.5140234]]]},"properties":{"id":"53677652-216a-4484-a23d-8b71a4d4ffb6","source_type":"ml"}},{"type":"Feature","geometry":{"type":"Polygon","coordinates":[[[50.3655288,53.5138363],[50.3656074,53.5137843],[50.3657301,53.5138499],[50.3657109,53.5138626],[50.3657725,53.5138955],[50.3657131,53.5139348],[50.3655288,53.5138363]]]},"properties":{"id":"eff50b00-e071-4867-b6ee-2d795ef85ce3","source_type":"osm"}},{"type":"Feature","geometry":{"type":"Polygon","coordinates":[[[50.3644517,53.5144938],[50.3643715,53.5143535],[50.364542,53.514319],[50.3646222,53.5144593],[50.3644517,53.5144938]]]},"properties":{"id":"e3d6e716-4bfb-4d08-be08-921f907a6d5e","source_type":"osm"}},{"type":"Feature","geometry":{"type":"Polygon","coordinates":[[[50.3650096,53.5131787],[50.3651074,53.51324],[50.3650734,53.5132592],[50.3649757,53.5131978],[50.3650096,53.5131787]]]},"properties":{"id":"6b3c17d2-c17f-461b-9599-7cd372503d84","source_type":"ml"}},{"type":"Feature","geometry":{"type":"Polygon","coordinates":[[[50.3650172,53.5136301],[50.3650682,53.5136615],[50.364943,53.5137333],[50.364892,53.5137018],[50.3650172,53.5136301]]]},"properties":{"id":"139d51e6-efa6-4671-a46a-0de0b0c130a3","source_type":"ml"}},{"type":"Feature","geometry":{"type":"Polygon","coordinates":[[[50.3632591,53.5169308],[50.3631195,53.5168962],[50.363194,53.5167899],[50.3633336,53.5168245],[50.3632591,53.5169308]]]},"properties":{"id":"50957e03-9fe3-4655-b97f-74912048e445","source_type":"osm"}},{"type":"Feature","geometry":{"type":"Polygon","coordinates":[[[50.36374,53.516296],[50.3636103,53.5162527],[50.3636647,53.5161952],[50.3637944,53.5162385],[50.36374,53.516296]]]},"properties":{"id":"df16cb46-6402-4622-a6d4-bbd41e81fb8e","source_type":"osm"}},{"type":"Feature","geometry":{"type":"Polygon","coordinates":[[[50.3651614,53.5174909],[50.3651562,53.5174267],[50.3653085,53.5174224],[50.3653136,53.5174866],[50.3651614,53.5174909]]]},"properties":{"id":"5a0c14b1-824d-4ce4-9f8b-0b2a2e2724d0","source_type":"osm"}},{"type":"Feature","geometry":{"type":"Polygon","coordinates":[[[50.3655508,53.5170066],[50.3655278,53.5169394],[50.3656368,53.5169262],[50.3656597,53.5169934],[50.3655508,53.5170066]]]},"properties":{"id":"8b81d2c2-9261-4868-9185-0f278251c739","source_type":"osm"}},{"type":"Feature","geometry":{"type":"Polygon","coordinates":[[[50.3664576,53.5153207],[50.3664664,53.5152464],[50.3665994,53.515252],[50.3665906,53.5153263],[50.3664576,53.5153207]]]},"properties":{"id":"26e132b1-16e4-4d62-9b28-c2a7c7f1547f","source_type":"osm"}},{"type":"Feature","geometry":{"type":"Polygon","coordinates":[[[50.3666178,53.5151641],[50.3666215,53.5150548],[50.3667385,53.5150562],[50.3667348,53.5151655],[50.3666178,53.5151641]]]},"properties":{"id":"7f751685-27de-4362-9d5a-2d22c21af2ba","source_type":"osm"}},{"type":"Feature","geometry":{"type":"Polygon","coordinates":[[[50.3670764,53.516369],[50.3670098,53.5162999],[50.3670926,53.5162717],[50.3671593,53.5163408],[50.3670764,53.516369]]]},"properties":{"id":"db7ba3aa-626c-429c-ba2c-741318ce6d65","source_type":"osm"}},{"type":"Feature","geometry":{"type":"Polygon","coordinates":[[[50.3685388,53.5118403],[50.368364,53.5116715],[50.3684851,53.5116271],[50.3686598,53.511796],[50.3685388,53.5118403]]]},"properties":{"id":"7563916f-986c-47c8-89d7-927f55bb107c","source_type":"osm"}},{"type":"Feature","geometry":{"type":"Polygon","coordinates":[[[50.3687648,53.5116411],[50.3688121,53.5116855],[50.3687547,53.5117071],[50.3687074,53.5116628],[50.3687648,53.5116411]]]},"properties":{"id":"29bb5e0d-3c22-495c-b119-ef729691ca1e","source_type":"ml"}},{"type":"Feature","geometry":{"type":"Polygon","coordinates":[[[50.3694203,53.5109845],[50.369347,53.5109777],[50.3693548,53.5109481],[50.3694281,53.5109549],[50.3694203,53.5109845]]]},"properties":{"id":"6688eaea-643a-4075-85bd-7187410f0b6e","source_type":"ml"}},{"type":"Feature","geometry":{"type":"Polygon","coordinates":[[[50.3796101,53.4961596],[50.3796367,53.496242],[50.3795695,53.4962497],[50.3795429,53.4961673],[50.3796101,53.4961596]]]},"properties":{"id":"d1cbaa7b-1fec-4944-b8f8-bef26c7510fe","source_type":"ml"}},{"type":"Feature","geometry":{"type":"Polygon","coordinates":[[[50.3795935,53.5081272],[50.3795641,53.5081003],[50.3796208,53.5080784],[50.3796502,53.5081054],[50.3795935,53.5081272]]]},"properties":{"id":"fb047c66-5dbe-4dbc-9a0a-160d326eab39","source_type":"ml"}},{"type":"Feature","geometry":{"type":"Polygon","coordinates":[[[50.3804305,53.509795],[50.3804623,53.5098416],[50.380337,53.5098719],[50.3803052,53.5098254],[50.3804305,53.509795]]]},"properties":{"id":"caca6e4d-1831-4063-85d8-81fcce31df92","source_type":"ml"}},{"type":"Feature","geometry":{"type":"Polygon","coordinates":[[[50.3805144,53.5098604],[50.3805567,53.509914],[50.3804863,53.5099336],[50.380444,53.50988],[50.3805144,53.5098604]]]},"properties":{"id":"cf2812b2-0e29-4c05-9edc-f0d5ef8f4b84","source_type":"ml"}},{"type":"Feature","geometry":{"type":"Polygon","coordinates":[[[50.3794099,53.5093752],[50.3795335,53.5093499],[50.3795579,53.509392],[50.3794343,53.5094173],[50.3794099,53.5093752]]]},"properties":{"id":"95d86cec-7824-4ca3-a530-c33e9109934d","source_type":"ml"}},{"type":"Feature","geometry":{"type":"Polygon","coordinates":[[[50.3791075,53.5102684],[50.3791087,53.5102525],[50.3791635,53.510254],[50.3791614,53.5102811],[50.37912,53.5102799],[50.3791163,53.5103269],[50.3789944,53.5103235],[50.378999,53.5102654],[50.3791075,53.5102684]]]},"properties":{"id":"0ccbc385-a451-4ba3-bd1f-1f871811256c","source_type":"ml"}},{"type":"Feature","geometry":{"type":"Polygon","coordinates":[[[50.3794473,53.508917],[50.3792779,53.5089569],[50.3792042,53.5088463],[50.3793736,53.5088064],[50.3794473,53.508917]]]},"properties":{"id":"0fec0380-ff27-4a43-996f-c9b138478c96","source_type":"osm"}},{"type":"Feature","geometry":{"type":"Polygon","coordinates":[[[50.3793885,53.5079715],[50.3794269,53.5079646],[50.3794492,53.5080085],[50.3794108,53.5080154],[50.3793885,53.5079715]]]},"properties":{"id":"f1032a6a-5b92-4ea3-9aa9-ead48975cba7","source_type":"ml"}},{"type":"Feature","geometry":{"type":"Polygon","coordinates":[[[50.3794315,53.5064695],[50.3793952,53.5064077],[50.3794979,53.5063863],[50.3795342,53.5064481],[50.3794315,53.5064695]]]},"properties":{"id":"feb232e0-bcaa-4e32-8522-b230c10483c4","source_type":"ml"}},{"type":"Feature","geometry":{"type":"Polygon","coordinates":[[[50.3792863,53.5064834],[50.3793503,53.5064709],[50.3793741,53.5065141],[50.3793102,53.5065266],[50.3792863,53.5064834]]]},"properties":{"id":"04b7ef87-20ba-41c9-900e-8912bd6bcb49","source_type":"ml"}},{"type":"Feature","geometry":{"type":"Polygon","coordinates":[[[50.3792937,53.5062726],[50.3792496,53.506186],[50.3793847,53.5061617],[50.3794288,53.5062483],[50.3792937,53.5062726]]]},"properties":{"id":"ea27b61b-a32c-4836-9c68-e63696d92a6f","source_type":"osm"}},{"type":"Feature","geometry":{"type":"Polygon","coordinates":[[[50.3790646,53.5063554],[50.3789893,53.5061909],[50.3791302,53.5061681],[50.3791662,53.5062466],[50.3792153,53.5062386],[50.3792547,53.5063247],[50.3790646,53.5063554]]]},"properties":{"id":"a4772535-395f-4c51-aaa2-0f266446e13f","source_type":"osm"}},{"type":"Feature","geometry":{"type":"Polygon","coordinates":[[[50.3784847,53.5308448],[50.3784871,53.5308846],[50.3784121,53.5308862],[50.3784097,53.5308464],[50.3784847,53.5308448]]]},"properties":{"id":"56710fbe-e030-436f-8e52-d659dc437b25","source_type":"ml"}},{"type":"Feature","geometry":{"type":"Polygon","coordinates":[[[50.3590053,53.5253978],[50.3587243,53.5257426],[50.3586635,53.5257251],[50.3585498,53.5258646],[50.3584021,53.525822],[50.3585357,53.525658],[50.3585314,53.5256568],[50.3585636,53.5256173],[50.3586179,53.5256329],[50.3586994,53.5255329],[50.3587515,53.5255479],[50.3587778,53.5255157],[50.3587713,53.5255138],[50.3588923,53.5253653],[50.3590053,53.5253978]]]},"properties":{"id":"04bb1aa1-4eb7-4ca0-a672-4130575bc3dc","source_type":"ml"}},{"type":"Feature","geometry":{"type":"Polygon","coordinates":[[[50.3576396,53.5245398],[50.3576467,53.5244811],[50.3577148,53.524484],[50.3577077,53.5245427],[50.3576396,53.5245398]]]},"properties":{"id":"5397227b-eb59-4e83-8f2a-eb6cf73309eb","source_type":"ml"}},{"type":"Feature","geometry":{"type":"Polygon","coordinates":[[[50.355756,53.5281401],[50.3558299,53.5280253],[50.3558953,53.5280402],[50.3558814,53.5280619],[50.3559549,53.5280786],[50.355895,53.5281717],[50.355756,53.5281401]]]},"properties":{"id":"5a680156-15a2-477a-b85a-14eb7b5b7e36","source_type":"osm"}},{"type":"Feature","geometry":{"type":"Polygon","coordinates":[[[50.357216,53.5257054],[50.3571942,53.5257597],[50.357146,53.5257529],[50.3571412,53.525765],[50.3569914,53.5257438],[50.357018,53.5256774],[50.357216,53.5257054]]]},"properties":{"id":"d81accc9-fb58-4a1e-bac1-2ee04df582fb","source_type":"ml"}},{"type":"Feature","geometry":{"type":"Polygon","coordinates":[[[50.357038,53.5246666],[50.3568679,53.5246199],[50.3569092,53.5245668],[50.3568707,53.5245562],[50.3568991,53.5245197],[50.3571077,53.5245769],[50.357038,53.5246666]]]},"properties":{"id":"eaf86b35-8b7e-41c8-bcca-a42f8d1aee2b","source_type":"osm"}},{"type":"Feature","geometry":{"type":"Polygon","coordinates":[[[50.3545752,53.5247023],[50.3544879,53.5246854],[50.3545257,53.5246162],[50.3546131,53.524633],[50.3545752,53.5247023]]]},"properties":{"id":"2bc88b81-ad90-44ae-b4c7-7e8c632857fa","source_type":"ml"}},{"type":"Feature","geometry":{"type":"Polygon","coordinates":[[[50.3538917,53.5265003],[50.3539196,53.526465],[50.3540272,53.5264951],[50.3539993,53.5265304],[50.3538917,53.5265003]]]},"properties":{"id":"0aaa8cb2-97ca-4ac1-9f9a-d79e95ed2c47","source_type":"ml"}},{"type":"Feature","geometry":{"type":"Polygon","coordinates":[[[50.3540011,53.5258037],[50.3540558,53.5257366],[50.3541479,53.5257632],[50.3540932,53.5258303],[50.3540011,53.5258037]]]},"properties":{"id":"73e8f41a-e6aa-4ed0-9376-537df93176e5","source_type":"ml"}},{"type":"Feature","geometry":{"type":"Polygon","coordinates":[[[50.3532654,53.5253522],[50.3532592,53.5253975],[50.3532193,53.5253956],[50.3532254,53.5253503],[50.3532654,53.5253522]]]},"properties":{"id":"ab66eccc-acfc-4b62-85a5-8e1d6defa51c","source_type":"ml"}},{"type":"Feature","geometry":{"type":"Polygon","coordinates":[[[50.3520108,53.5288377],[50.3520304,53.528797],[50.3520899,53.5288071],[50.3520703,53.5288478],[50.3520108,53.5288377]]]},"properties":{"id":"06077fba-556e-4b48-8fd1-94e76249d7ce","source_type":"ml"}},{"type":"Feature","geometry":{"type":"Polygon","coordinates":[[[50.3533343,53.5287818],[50.3532875,53.5287711],[50.353309,53.5287377],[50.3533558,53.5287484],[50.3533343,53.5287818]]]},"properties":{"id":"b8013dff-4c4f-4051-a5ef-8d2a1fe8c61e","source_type":"ml"}},{"type":"Feature","geometry":{"type":"Polygon","coordinates":[[[50.3541718,53.5285198],[50.3539402,53.5284657],[50.3540148,53.5283527],[50.3542465,53.5284068],[50.3541718,53.5285198]]]},"properties":{"id":"ddb0343b-47d9-40b6-9c5d-5aa7b6dc1560","source_type":"osm"}},{"type":"Feature","geometry":{"type":"Polygon","coordinates":[[[50.3515419,53.5272674],[50.3515962,53.527204],[50.3516771,53.5272285],[50.3516229,53.5272919],[50.3515419,53.5272674]]]},"properties":{"id":"f024c230-9277-48d5-a474-b7fca8c4a580","source_type":"ml"}},{"type":"Feature","geometry":{"type":"Polygon","coordinates":[[[50.3513765,53.5259371],[50.351429,53.525789],[50.3515291,53.5258015],[50.3514766,53.5259496],[50.3513765,53.5259371]]]},"properties":{"id":"f37294fb-1c2f-4a8a-81bf-4cf722ab3d85","source_type":"ml"}},{"type":"Feature","geometry":{"type":"Polygon","coordinates":[[[50.3505073,53.5260245],[50.3505084,53.5259798],[50.3507229,53.5259816],[50.3507219,53.5260263],[50.3505073,53.5260245]]]},"properties":{"id":"0f98d5e4-bd1b-425c-8b6d-819b046cb0fe","source_type":"ml"}},{"type":"Feature","geometry":{"type":"Polygon","coordinates":[[[50.3502144,53.5253871],[50.3501646,53.5253744],[50.3501937,53.525334],[50.3502435,53.5253467],[50.3502144,53.5253871]]]},"properties":{"id":"ef2e5888-9f0a-44d2-a60c-c72c04cc9e41","source_type":"ml"}},{"type":"Feature","geometry":{"type":"Polygon","coordinates":[[[50.3498274,53.5274955],[50.3497309,53.5274704],[50.3498054,53.5273689],[50.3500307,53.5274274],[50.3499544,53.5275312],[50.3499249,53.5275236],[50.3499089,53.5275453],[50.3498097,53.5275196],[50.3498274,53.5274955]]]},"properties":{"id":"c5513d8c-5c87-4bb8-ac16-81bc94fddcd4","source_type":"osm"}},{"type":"Feature","geometry":{"type":"Polygon","coordinates":[[[50.3499985,53.52767],[50.3499387,53.5276556],[50.3499724,53.5276063],[50.3500323,53.5276208],[50.3499985,53.52767]]]},"properties":{"id":"551b5d8e-5aed-40c8-8438-25fe93b87432","source_type":"ml"}},{"type":"Feature","geometry":{"type":"Polygon","coordinates":[[[50.3501837,53.5271492],[50.3501755,53.5271575],[50.3502455,53.5271818],[50.3501847,53.5272436],[50.3500368,53.5271922],[50.3501057,53.5271221],[50.3501837,53.5271492]]]},"properties":{"id":"c03e3e40-8c0e-4251-90a2-e4fedf6b5b44","source_type":"ml"}},{"type":"Feature","geometry":{"type":"Polygon","coordinates":[[[50.3500767,53.5269412],[50.3499353,53.5269078],[50.3499938,53.5268202],[50.3501352,53.5268535],[50.3500767,53.5269412]]]},"properties":{"id":"810e583f-64df-4ce0-88a1-b0e1a7afbe82","source_type":"ml"}},{"type":"Feature","geometry":{"type":"Polygon","coordinates":[[[50.3493643,53.5277761],[50.3494237,53.5276883],[50.3495161,53.5277103],[50.3494567,53.5277982],[50.3493643,53.5277761]]]},"properties":{"id":"902085f0-9e37-4414-865c-7171d21b4691","source_type":"ml"}},{"type":"Feature","geometry":{"type":"Polygon","coordinates":[[[50.3488,53.5276471],[50.3489845,53.5276933],[50.3489528,53.527738],[50.3487683,53.5276917],[50.3488,53.5276471]]]},"properties":{"id":"7bf2b1c1-d1aa-435d-9cb7-25d7f18b5b03","source_type":"ml"}},{"type":"Feature","geometry":{"type":"Polygon","coordinates":[[[50.3489863,53.5258498],[50.3490394,53.5258708],[50.3489713,53.5259315],[50.3489182,53.5259105],[50.3489863,53.5258498]]]},"properties":{"id":"eca1910d-3ee4-4c29-b45b-e7a845a9dffc","source_type":"ml"}},{"type":"Feature","geometry":{"type":"Polygon","coordinates":[[[50.3478012,53.5296388],[50.3478522,53.5295759],[50.3479566,53.5296058],[50.3479057,53.5296687],[50.3478012,53.5296388]]]},"properties":{"id":"8cb7166d-d98d-4ad0-b858-5b00aaaaf2f4","source_type":"ml"}},{"type":"Feature","geometry":{"type":"Polygon","coordinates":[[[50.3481237,53.5305178],[50.3480822,53.5305667],[50.3480502,53.530557],[50.3480226,53.5305895],[50.3479499,53.5305677],[50.3480028,53.5305055],[50.3480605,53.5305228],[50.3480767,53.5305037],[50.3481237,53.5305178]]]},"properties":{"id":"41687b35-5986-451c-974b-c0ee34789074","source_type":"ml"}},{"type":"Feature","geometry":{"type":"Polygon","coordinates":[[[50.3467895,53.5272303],[50.3467809,53.5272654],[50.3468282,53.5272695],[50.3468131,53.5273312],[50.3466801,53.5273198],[50.3467037,53.5272229],[50.3467895,53.5272303]]]},"properties":{"id":"a0a315f8-ecce-4a4f-8919-685d6f34d2b7","source_type":"ml"}},{"type":"Feature","geometry":{"type":"Polygon","coordinates":[[[50.3467995,53.5274389],[50.3466579,53.5274115],[50.346691,53.5273512],[50.3467259,53.527358],[50.346739,53.5273341],[50.3468457,53.5273548],[50.3467995,53.5274389]]]},"properties":{"id":"e65a68be-177f-4e9e-82af-bc4551e22603","source_type":"osm"}},{"type":"Feature","geometry":{"type":"Polygon","coordinates":[[[50.3453874,53.5273457],[50.3454713,53.5273533],[50.3454607,53.5273946],[50.3453768,53.5273869],[50.3453874,53.5273457]]]},"properties":{"id":"fc5984d0-aff4-43d7-bca4-9e2a5915fe38","source_type":"ml"}},{"type":"Feature","geometry":{"type":"Polygon","coordinates":[[[50.3458198,53.5270037],[50.3455126,53.5269702],[50.3455238,53.526934],[50.3454443,53.5269254],[50.3454604,53.5268729],[50.3459059,53.5269214],[50.3458869,53.5269831],[50.3458281,53.5269767],[50.3458198,53.5270037]]]},"properties":{"id":"c7a7c71f-2a9f-44b8-a438-1cd41b01ad05","source_type":"ml"}},{"type":"Feature","geometry":{"type":"Polygon","coordinates":[[[50.3455451,53.5313849],[50.345501,53.5313737],[50.3455252,53.53134],[50.3455693,53.5313512],[50.3455451,53.5313849]]]},"properties":{"id":"dce0ed51-7f86-442c-a6c1-776d98e6e21b","source_type":"ml"}},{"type":"Feature","geometry":{"type":"Polygon","coordinates":[[[50.3436819,53.528356],[50.3436578,53.5283837],[50.3435901,53.5283628],[50.3436142,53.5283352],[50.3436819,53.528356]]]},"properties":{"id":"0ab74821-7722-459d-b660-5f6b11e27154","source_type":"ml"}},{"type":"Feature","geometry":{"type":"Polygon","coordinates":[[[50.3424382,53.5285153],[50.3423633,53.5285046],[50.3423789,53.528466],[50.3424539,53.5284768],[50.3424382,53.5285153]]]},"properties":{"id":"0adefcf8-da66-43ab-9ed1-3d9e5c3e427b","source_type":"ml"}},{"type":"Feature","geometry":{"type":"Polygon","coordinates":[[[50.3409985,53.5266899],[50.3410411,53.5265978],[50.3412617,53.5266339],[50.3412378,53.5266855],[50.3411955,53.5266786],[50.3411767,53.5267191],[50.3409985,53.5266899]]]},"properties":{"id":"c2861015-1ef1-4510-96ae-221a575eb6c2","source_type":"osm"}},{"type":"Feature","geometry":{"type":"Polygon","coordinates":[[[50.3405866,53.5306627],[50.3404345,53.5306112],[50.3405223,53.5305195],[50.3406744,53.530571],[50.3405866,53.5306627]]]},"properties":{"id":"798b4b3a-37f7-42af-961c-410c14ace226","source_type":"osm"}},{"type":"Feature","geometry":{"type":"Polygon","coordinates":[[[50.3396874,53.5280099],[50.3395309,53.5279633],[50.3396103,53.527869],[50.3397668,53.5279155],[50.3396874,53.5280099]]]},"properties":{"id":"4b546433-e0ad-4edb-b518-7c1d1ad309dd","source_type":"osm"}},{"type":"Feature","geometry":{"type":"Polygon","coordinates":[[[50.3371862,53.5283363],[50.337397,53.5283892],[50.3373307,53.5284826],[50.3371199,53.5284297],[50.3371862,53.5283363]]]},"properties":{"id":"ab169f3a-8f15-403f-b653-2dde97f19fd2","source_type":"ml"}},{"type":"Feature","geometry":{"type":"Polygon","coordinates":[[[50.3215168,53.5313281],[50.3214465,53.5312557],[50.3216196,53.5311964],[50.3216899,53.5312688],[50.3215168,53.5313281]]]},"properties":{"id":"ecca9218-2013-4bf1-8d8c-7e88aca508eb","source_type":"osm"}},{"type":"Feature","geometry":{"type":"Polygon","coordinates":[[[50.3215855,53.5300627],[50.3212881,53.5301354],[50.3211972,53.530004],[50.3214946,53.5299313],[50.3215855,53.5300627]]]},"properties":{"id":"192d5e5d-45d3-4f9e-86d4-8fb83da1abc5","source_type":"osm"}},{"type":"Feature","geometry":{"type":"Polygon","coordinates":[[[50.3244801,53.526621],[50.3245686,53.5266469],[50.3245505,53.5266687],[50.324462,53.5266428],[50.3244801,53.526621]]]},"properties":{"id":"4f41dd83-64c2-4f59-85e7-fc3a75115a28","source_type":"ml"}},{"type":"Feature","geometry":{"type":"Polygon","coordinates":[[[50.3359476,53.5148307],[50.335862,53.5148749],[50.3357598,53.514805],[50.3358454,53.5147608],[50.3359476,53.5148307]]]},"properties":{"id":"72ea7349-1e93-4981-b668-ae1466b426ca","source_type":"osm"}},{"type":"Feature","geometry":{"type":"Polygon","coordinates":[[[50.3355761,53.5146707],[50.3354479,53.5145793],[50.3355451,53.5145311],[50.3356733,53.5146225],[50.3355761,53.5146707]]]},"properties":{"id":"5e6f94c4-3f53-44f0-ba18-c6a26fb576ba","source_type":"osm"}},{"type":"Feature","geometry":{"type":"Polygon","coordinates":[[[50.325182,53.5038779],[50.3251576,53.5037757],[50.3254066,53.5037547],[50.3254404,53.5038963],[50.3253064,53.5039076],[50.325297,53.5038682],[50.325182,53.5038779]]]},"properties":{"id":"6f51a175-deba-462c-91f8-8cc1808298de","source_type":"osm"}},{"type":"Feature","geometry":{"type":"Polygon","coordinates":[[[50.3256148,53.5038282],[50.3255942,53.5037359],[50.3257963,53.5037199],[50.3258098,53.5037803],[50.3257487,53.5037851],[50.3257558,53.5038171],[50.3256148,53.5038282]]]},"properties":{"id":"90a882e8-3618-450d-acb4-0b93c50a6fab","source_type":"osm"}},{"type":"Feature","geometry":{"type":"Polygon","coordinates":[[[50.3231263,53.5030978],[50.3232147,53.5030958],[50.3232188,53.5031628],[50.3231304,53.5031647],[50.3231263,53.5030978]]]},"properties":{"id":"8615401d-94cc-428c-af99-d7d57e99c6bf","source_type":"ml"}},{"type":"Feature","geometry":{"type":"Polygon","coordinates":[[[50.3230065,53.5032291],[50.3230762,53.5032273],[50.3230822,53.5033101],[50.3230126,53.5033119],[50.3230065,53.5032291]]]},"properties":{"id":"0a6dfcb7-4c40-4efe-877e-c3b4a50e085b","source_type":"ml"}},{"type":"Feature","geometry":{"type":"Polygon","coordinates":[[[50.3213511,53.5047093],[50.3214315,53.5047084],[50.3214322,53.5047308],[50.3213517,53.5047316],[50.3213511,53.5047093]]]},"properties":{"id":"e154b751-cdbd-4fc7-a95b-cbb9ad3352c2","source_type":"ml"}},{"type":"Feature","geometry":{"type":"Polygon","coordinates":[[[50.321517,53.5035842],[50.3214933,53.5034862],[50.321655,53.5034724],[50.3216786,53.5035704],[50.321517,53.5035842]]]},"properties":{"id":"c80a5bd0-6a82-4857-8dc2-f61317d1dd6b","source_type":"osm"}},{"type":"Feature","geometry":{"type":"Polygon","coordinates":[[[50.3213816,53.5034853],[50.3214506,53.5034811],[50.3214608,53.5035395],[50.3213918,53.5035437],[50.3213816,53.5034853]]]},"properties":{"id":"263531ce-ca57-47f2-8ceb-fbd08edf1da4","source_type":"ml"}},{"type":"Feature","geometry":{"type":"Polygon","coordinates":[[[50.3212156,53.5042466],[50.3212175,53.5042092],[50.3212804,53.5042103],[50.3212786,53.5042477],[50.3212156,53.5042466]]]},"properties":{"id":"31f5046c-e3a8-4226-b276-142c7206be7a","source_type":"ml"}},{"type":"Feature","geometry":{"type":"Polygon","coordinates":[[[50.3209385,53.5016056],[50.3208645,53.5014058],[50.3210506,53.5013814],[50.3211246,53.5015812],[50.3209385,53.5016056]]]},"properties":{"id":"315a1a32-bbd0-441f-8ac8-c6c767fa7019","source_type":"osm"}},{"type":"Feature","geometry":{"type":"Polygon","coordinates":[[[50.3311206,53.5040823],[50.3312199,53.5040832],[50.3312194,53.5041007],[50.3311926,53.5041005],[50.3311918,53.5041331],[50.3311194,53.5041324],[50.3311206,53.5040823]]]},"properties":{"id":"ada52611-9ce7-413c-8385-d508cbb4ae52","source_type":"ml"}},{"type":"Feature","geometry":{"type":"Polygon","coordinates":[[[50.3311292,53.5039511],[50.3312092,53.5039472],[50.3312124,53.503971],[50.3311324,53.5039749],[50.3311292,53.5039511]]]},"properties":{"id":"367b847b-618c-4952-a14c-6f1d3701fcc2","source_type":"ml"}},{"type":"Feature","geometry":{"type":"Polygon","coordinates":[[[50.331993,53.5052732],[50.3317851,53.5052732],[50.3317851,53.5051601],[50.3319014,53.5051601],[50.3319014,53.5052083],[50.331993,53.5052083],[50.331993,53.5052732]]]},"properties":{"id":"2066d183-396c-4e83-9346-82be4db69017","source_type":"osm"}},{"type":"Feature","geometry":{"type":"Polygon","coordinates":[[[50.3320577,53.5026231],[50.3320561,53.502655],[50.3319665,53.5026534],[50.3319681,53.5026215],[50.3320577,53.5026231]]]},"properties":{"id":"e11f5d09-f144-48d1-b043-6acee943ddc6","source_type":"ml"}},{"type":"Feature","geometry":{"type":"Polygon","coordinates":[[[50.3341603,53.5054199],[50.3341496,53.5053241],[50.334313,53.5053176],[50.3343237,53.5054135],[50.3341603,53.5054199]]]},"properties":{"id":"8d2294ee-077b-459f-861b-638c219bf1f8","source_type":"osm"}},{"type":"Feature","geometry":{"type":"Polygon","coordinates":[[[50.3340445,53.5035905],[50.3340414,53.5035427],[50.334095,53.5035415],[50.334098,53.5035892],[50.3340445,53.5035905]]]},"properties":{"id":"18103e2d-6a6b-4f64-81bb-cfa57ecc6a3c","source_type":"ml"}},{"type":"Feature","geometry":{"type":"Polygon","coordinates":[[[50.3334059,53.503485],[50.3333961,53.5033818],[50.3336166,53.5033744],[50.3336264,53.5034776],[50.3334059,53.503485]]]},"properties":{"id":"15ac6a05-793e-4abd-8ddb-906602e6ef6c","source_type":"osm"}},{"type":"Feature","geometry":{"type":"Polygon","coordinates":[[[50.3362047,53.503839],[50.3361658,53.5038382],[50.3361699,53.5037728],[50.3362088,53.5037737],[50.3362047,53.503839]]]},"properties":{"id":"62190db5-2788-4836-92cd-90f10c14391c","source_type":"ml"}},{"type":"Feature","geometry":{"type":"Polygon","coordinates":[[[50.3361192,53.5032589],[50.336197,53.5032579],[50.3362035,53.5034397],[50.3361257,53.5034407],[50.3361192,53.5032589]]]},"properties":{"id":"e648ec4a-066d-489a-a45d-f5099435db58","source_type":"ml"}},{"type":"Feature","geometry":{"type":"Polygon","coordinates":[[[50.3404437,53.5003612],[50.3404446,53.5002705],[50.3404881,53.5002706],[50.3404884,53.5002444],[50.3406911,53.5002452],[50.3406899,53.5003621],[50.3404437,53.5003612]]]},"properties":{"id":"eeef7441-2ff3-4815-a316-14f2225c0099","source_type":"osm"}},{"type":"Feature","geometry":{"type":"Polygon","coordinates":[[[50.343844,53.5008592],[50.3438634,53.5008284],[50.3439034,53.5008374],[50.343884,53.5008681],[50.343844,53.5008592]]]},"properties":{"id":"b2438fc5-1a74-4e7d-93f1-9ce3176840f5","source_type":"ml"}},{"type":"Feature","geometry":{"type":"Polygon","coordinates":[[[50.3421487,53.5005622],[50.3421513,53.5005973],[50.3420924,53.5005988],[50.3420898,53.5005638],[50.3421487,53.5005622]]]},"properties":{"id":"6a66f3cd-a9de-4d42-b15f-b88a6f295f8f","source_type":"ml"}},{"type":"Feature","geometry":{"type":"Polygon","coordinates":[[[50.3428034,53.5033757],[50.3425569,53.5033704],[50.3425592,53.5033322],[50.3427334,53.5033359],[50.3427356,53.5032993],[50.3428079,53.5033009],[50.3428034,53.5033757]]]},"properties":{"id":"1434caf9-15f0-4dce-bca7-a05fb17f5a37","source_type":"ml"}},{"type":"Feature","geometry":{"type":"Polygon","coordinates":[[[50.341527,53.5025386],[50.3415301,53.5026764],[50.3414443,53.5026771],[50.3414412,53.5025393],[50.341527,53.5025386]]]},"properties":{"id":"695bca59-0c2f-470f-b47e-9e1047605041","source_type":"ml"}},{"type":"Feature","geometry":{"type":"Polygon","coordinates":[[[50.33918,53.5026355],[50.3391283,53.5026351],[50.3391302,53.5025526],[50.3393007,53.502554],[50.3392979,53.5026774],[50.3391791,53.5026764],[50.33918,53.5026355]]]},"properties":{"id":"595823c7-d6e2-4e67-8d22-5db5308983fa","source_type":"osm"}},{"type":"Feature","geometry":{"type":"Polygon","coordinates":[[[50.3365555,53.5023491],[50.33656,53.5024144],[50.3365038,53.5024157],[50.3364992,53.5023504],[50.3365555,53.5023491]]]},"properties":{"id":"e4392e0c-8356-47dd-b092-e7035b0054cf","source_type":"ml"}},{"type":"Feature","geometry":{"type":"Polygon","coordinates":[[[50.3362121,53.5031627],[50.3362094,53.5031197],[50.3363325,53.5031169],[50.3363353,53.5031599],[50.3362121,53.5031627]]]},"properties":{"id":"7c8c039d-cd43-4f9a-b286-602eb0a420c6","source_type":"ml"}},{"type":"Feature","geometry":{"type":"Polygon","coordinates":[[[50.3370237,53.5023124],[50.3368762,53.5023143],[50.336874,53.5022553],[50.3370215,53.5022534],[50.3370237,53.5023124]]]},"properties":{"id":"f3521577-8d54-41a9-9df7-ac562565b7c6","source_type":"ml"}},{"type":"Feature","geometry":{"type":"Polygon","coordinates":[[[50.3380046,53.5024733],[50.3380059,53.5024414],[50.3380837,53.5024426],[50.3380823,53.5024745],[50.3380046,53.5024733]]]},"properties":{"id":"30279fa0-4581-46a9-a23f-a2cb912e2730","source_type":"ml"}},{"type":"Feature","geometry":{"type":"Polygon","coordinates":[[[50.3448018,53.5026425],[50.3448054,53.5025666],[50.3448975,53.5025682],[50.3448982,53.5025541],[50.344939,53.5025548],[50.3449346,53.5026448],[50.3448018,53.5026425]]]},"properties":{"id":"b821f21d-9876-4e05-8691-28e0ebeaf27e","source_type":"osm"}},{"type":"Feature","geometry":{"type":"Polygon","coordinates":[[[50.3451515,53.5026459],[50.3451471,53.5025535],[50.3452651,53.5025515],[50.3452694,53.502644],[50.3451515,53.5026459]]]},"properties":{"id":"35854aa4-4adc-4b5b-b39f-8b95e55450b4","source_type":"ml"}},{"type":"Feature","geometry":{"type":"Polygon","coordinates":[[[50.3554921,53.5035976],[50.3553494,53.5036311],[50.3553061,53.5035659],[50.3554488,53.5035323],[50.3554921,53.5035976]]]},"properties":{"id":"728cc386-a969-4a52-9c3f-8ca48c69fddb","source_type":"osm"}},{"type":"Feature","geometry":{"type":"Polygon","coordinates":[[[50.3544614,53.5060036],[50.3542958,53.5060089],[50.3542903,53.5059474],[50.3544559,53.5059421],[50.3544614,53.5060036]]]},"properties":{"id":"96c6cd4a-a334-4e33-be5d-48a337ff79d9","source_type":"osm"}},{"type":"Feature","geometry":{"type":"Polygon","coordinates":[[[50.3522366,53.5039628],[50.3520979,53.5039325],[50.3521301,53.5038803],[50.3522689,53.5039106],[50.3522366,53.5039628]]]},"properties":{"id":"ccfeab84-a87f-4430-8089-9dcb8aaa9826","source_type":"osm"}},{"type":"Feature","geometry":{"type":"Polygon","coordinates":[[[50.3546129,53.5063222],[50.354472,53.5063484],[50.354441,53.5062896],[50.354582,53.5062634],[50.3546129,53.5063222]]]},"properties":{"id":"48def004-767b-4938-96ee-b16bde59dc9d","source_type":"osm"}},{"type":"Feature","geometry":{"type":"Polygon","coordinates":[[[50.3548911,53.5073136],[50.3548167,53.5072578],[50.3549819,53.5071799],[50.3550563,53.5072357],[50.3548911,53.5073136]]]},"properties":{"id":"1a3550ca-30a3-4589-bf03-9a4bc2ea8c2f","source_type":"osm"}},{"type":"Feature","geometry":{"type":"Polygon","coordinates":[[[50.3563968,53.5092264],[50.3562831,53.5091368],[50.3563724,53.5090967],[50.3564861,53.5091864],[50.3563968,53.5092264]]]},"properties":{"id":"556f711c-8131-4d5b-b53a-0d07e4a70e1b","source_type":"osm"}},{"type":"Feature","geometry":{"type":"Polygon","coordinates":[[[50.35702,53.5082954],[50.356964,53.5082513],[50.357104,53.5081883],[50.35716,53.5082324],[50.35702,53.5082954]]]},"properties":{"id":"d58b40e9-877a-494e-a216-75a70620aae9","source_type":"osm"}},{"type":"Feature","geometry":{"type":"Polygon","coordinates":[[[50.3567495,53.5102566],[50.3566726,53.5103103],[50.3565422,53.5102443],[50.3566191,53.5101906],[50.3567495,53.5102566]]]},"properties":{"id":"70863564-ce29-4ab8-bcb1-e080c874f95a","source_type":"osm"}},{"type":"Feature","geometry":{"type":"Polygon","coordinates":[[[50.3550032,53.5088949],[50.3549385,53.5088415],[50.3550542,53.5087918],[50.355119,53.5088452],[50.3550032,53.5088949]]]},"properties":{"id":"413da832-697b-43b6-9652-d502a5c1ad29","source_type":"osm"}},{"type":"Feature","geometry":{"type":"Polygon","coordinates":[[[50.351749,53.523624],[50.3518662,53.5236625],[50.3518272,53.5237045],[50.35171,53.523666],[50.351749,53.523624]]]},"properties":{"id":"885f2150-1bd7-448e-88e0-b486f6cfed6f","source_type":"ml"}},{"type":"Feature","geometry":{"type":"Polygon","coordinates":[[[50.3560707,53.5230694],[50.3559605,53.5230325],[50.3560541,53.5229339],[50.3561643,53.5229709],[50.3560707,53.5230694]]]},"properties":{"id":"92fe1add-f32f-437f-a1d5-5b81075d3086","source_type":"osm"}},{"type":"Feature","geometry":{"type":"Polygon","coordinates":[[[50.3558703,53.5230696],[50.3557526,53.5230246],[50.3557807,53.5229986],[50.3558984,53.5230436],[50.3558703,53.5230696]]]},"properties":{"id":"01d173dd-b33f-469e-80b5-7809bd0c5111","source_type":"ml"}},{"type":"Feature","geometry":{"type":"Polygon","coordinates":[[[50.3558755,53.5234637],[50.3558033,53.5234491],[50.355814,53.5234305],[50.3558861,53.5234451],[50.3558755,53.5234637]]]},"properties":{"id":"2002100b-09e9-4d97-a1c9-203e7f69db3e","source_type":"ml"}},{"type":"Feature","geometry":{"type":"Polygon","coordinates":[[[50.3563511,53.5235739],[50.3562449,53.5235401],[50.35631,53.5234678],[50.3564162,53.5235017],[50.3563511,53.5235739]]]},"properties":{"id":"4608f07b-9401-42f1-8ca9-42b82c753dde","source_type":"osm"}},{"type":"Feature","geometry":{"type":"Polygon","coordinates":[[[50.3567713,53.523294],[50.3567069,53.5232748],[50.35673,53.5232474],[50.3567944,53.5232665],[50.3567713,53.523294]]]},"properties":{"id":"fa69d418-6931-459e-8313-3b6aba646a8a","source_type":"ml"}},{"type":"Feature","geometry":{"type":"Polygon","coordinates":[[[50.3571064,53.5231012],[50.3571589,53.523117],[50.3571351,53.5231449],[50.3570827,53.5231292],[50.3571064,53.5231012]]]},"properties":{"id":"33fe310e-5ffd-407a-8a63-fccd412eb251","source_type":"ml"}},{"type":"Feature","geometry":{"type":"Polygon","coordinates":[[[50.3593397,53.5171075],[50.3592824,53.517049],[50.3594565,53.5169888],[50.3595138,53.5170473],[50.3593397,53.5171075]]]},"properties":{"id":"b9a382a7-41b3-4e99-8cd7-94122020b55d","source_type":"osm"}},{"type":"Feature","geometry":{"type":"Polygon","coordinates":[[[50.3579577,53.5218644],[50.3578555,53.5218374],[50.3579026,53.5217743],[50.3580048,53.5218013],[50.3579577,53.5218644]]]},"properties":{"id":"76ee37c4-02d5-4c4b-99fb-73f612b47692","source_type":"osm"}},{"type":"Feature","geometry":{"type":"Polygon","coordinates":[[[50.3598378,53.5230171],[50.3597965,53.5230106],[50.3598144,53.5229704],[50.3598557,53.5229769],[50.3598378,53.5230171]]]},"properties":{"id":"b96f57d6-45a0-45bb-b53c-ca6b9b4b9553","source_type":"ml"}},{"type":"Feature","geometry":{"type":"Polygon","coordinates":[[[50.359443,53.5219662],[50.3595349,53.5219799],[50.3595244,53.5220045],[50.3594326,53.5219908],[50.359443,53.5219662]]]},"properties":{"id":"b1784b9c-06ff-41b5-9fcc-5545cc1fa0ad","source_type":"ml"}},{"type":"Feature","geometry":{"type":"Polygon","coordinates":[[[50.3605261,53.5214743],[50.3605731,53.521524],[50.3605303,53.5215383],[50.3604833,53.5214886],[50.3605261,53.5214743]]]},"properties":{"id":"7f43c52b-8185-4e9e-9662-755e54c32806","source_type":"ml"}},{"type":"Feature","geometry":{"type":"Polygon","coordinates":[[[50.3617637,53.5222847],[50.3619028,53.5222803],[50.3619084,53.5223433],[50.3617693,53.5223477],[50.3617637,53.5222847]]]},"properties":{"id":"6412db32-17a5-43d0-a34e-9baf42174968","source_type":"ml"}},{"type":"Feature","geometry":{"type":"Polygon","coordinates":[[[50.3601818,53.5168311],[50.360038,53.5167932],[50.3600964,53.5167147],[50.3602403,53.5167525],[50.3601818,53.5168311]]]},"properties":{"id":"2c89c0e4-0e49-49eb-a7a0-571d7b6fd8c5","source_type":"osm"}},{"type":"Feature","geometry":{"type":"Polygon","coordinates":[[[50.3601323,53.5165838],[50.3601857,53.5166006],[50.3601543,53.516636],[50.3601009,53.5166192],[50.3601323,53.5165838]]]},"properties":{"id":"44c9cbe2-4dea-46ca-8b60-a2b0edc47605","source_type":"ml"}},{"type":"Feature","geometry":{"type":"Polygon","coordinates":[[[50.3615946,53.5165303],[50.3617116,53.5165874],[50.361663,53.5166227],[50.3615459,53.5165656],[50.3615946,53.5165303]]]},"properties":{"id":"7f291ad7-f62f-4f5a-a205-8c983a86cd45","source_type":"ml"}},{"type":"Feature","geometry":{"type":"Polygon","coordinates":[[[50.3619684,53.5170598],[50.3618756,53.5169961],[50.3620301,53.5169165],[50.3621229,53.5169802],[50.3619684,53.5170598]]]},"properties":{"id":"35993973-6478-42ff-a4d9-608ebfcc0f71","source_type":"osm"}},{"type":"Feature","geometry":{"type":"Polygon","coordinates":[[[50.3621537,53.5146552],[50.3621438,53.5146311],[50.3622021,53.5146227],[50.3622119,53.5146468],[50.3621537,53.5146552]]]},"properties":{"id":"f202c378-1eca-4570-816d-3914ea0b0f4a","source_type":"ml"}},{"type":"Feature","geometry":{"type":"Polygon","coordinates":[[[50.3680265,53.5125353],[50.3679648,53.512464],[50.368036,53.5124422],[50.3680977,53.5125136],[50.3680265,53.5125353]]]},"properties":{"id":"6d7d88cb-7178-4245-b921-78c2adc89a5b","source_type":"ml"}},{"type":"Feature","geometry":{"type":"Polygon","coordinates":[[[50.3675854,53.5123854],[50.3675207,53.5123166],[50.3676437,53.5122757],[50.3677084,53.5123445],[50.3675854,53.5123854]]]},"properties":{"id":"c7c5a26c-f9db-492a-bb43-c2f073d3fd9a","source_type":"osm"}},{"type":"Feature","geometry":{"type":"Polygon","coordinates":[[[50.3675435,53.5128296],[50.3676025,53.512809],[50.3676927,53.5129004],[50.3676336,53.512921],[50.3675435,53.5128296]]]},"properties":{"id":"d4a85aa1-9932-40e8-8c82-86290b40612b","source_type":"ml"}},{"type":"Feature","geometry":{"type":"Polygon","coordinates":[[[50.3675708,53.5127859],[50.3675468,53.5127188],[50.3676417,53.5127068],[50.3676657,53.5127739],[50.3675708,53.5127859]]]},"properties":{"id":"e49abed7-88c4-4b69-8dea-12a0dddb0139","source_type":"ml"}},{"type":"Feature","geometry":{"type":"Polygon","coordinates":[[[50.3677198,53.5139258],[50.3677939,53.5139269],[50.3677899,53.5140178],[50.3677158,53.5140166],[50.3677198,53.5139258]]]},"properties":{"id":"26208c87-369d-4e8a-885d-5251d564b1bc","source_type":"ml"}},{"type":"Feature","geometry":{"type":"Polygon","coordinates":[[[50.3677894,53.5145256],[50.3678385,53.5145275],[50.3678349,53.5145609],[50.3677858,53.514559],[50.3677894,53.5145256]]]},"properties":{"id":"a2b22576-25ad-43c6-9545-98a575e90951","source_type":"ml"}},{"type":"Feature","geometry":{"type":"Polygon","coordinates":[[[50.3660221,53.5130046],[50.3659822,53.5129669],[50.3660572,53.5129389],[50.3660971,53.5129766],[50.3660221,53.5130046]]]},"properties":{"id":"7770a7dc-6cc5-473b-8081-52e4c77e4707","source_type":"ml"}},{"type":"Feature","geometry":{"type":"Polygon","coordinates":[[[50.3657667,53.5135385],[50.3656661,53.5134819],[50.3657311,53.5134411],[50.3658317,53.5134976],[50.3657667,53.5135385]]]},"properties":{"id":"25374f69-898d-41b6-acb4-52370d16345c","source_type":"ml"}},{"type":"Feature","geometry":{"type":"Polygon","coordinates":[[[50.3651945,53.5136839],[50.3650072,53.513578],[50.3651032,53.513518],[50.3652904,53.5136239],[50.3651945,53.5136839]]]},"properties":{"id":"0292fdb7-83b5-4ecc-a86a-ce187ccc5c45","source_type":"osm"}},{"type":"Feature","geometry":{"type":"Polygon","coordinates":[[[50.3637867,53.5146772],[50.3637827,53.5146446],[50.3638271,53.5146427],[50.363831,53.5146753],[50.3637867,53.5146772]]]},"properties":{"id":"41dbf1eb-9d39-43fe-a2fc-a12dc7b945a0","source_type":"ml"}},{"type":"Feature","geometry":{"type":"Polygon","coordinates":[[[50.3631185,53.5140047],[50.3630822,53.5139745],[50.3631532,53.5139443],[50.3631895,53.5139745],[50.3631185,53.5140047]]]},"properties":{"id":"6ff31379-3d03-47ac-8592-59750711ec77","source_type":"ml"}},{"type":"Feature","geometry":{"type":"Polygon","coordinates":[[[50.3633024,53.5165187],[50.3631335,53.5164639],[50.36325,53.516337],[50.3634189,53.5163919],[50.3633024,53.5165187]]]},"properties":{"id":"c5933d27-bb7d-4ef7-90ae-01cee7a4b9d5","source_type":"osm"}},{"type":"Feature","geometry":{"type":"Polygon","coordinates":[[[50.3638725,53.516145],[50.3639386,53.5161616],[50.3639089,53.5162036],[50.3638428,53.516187],[50.3638725,53.516145]]]},"properties":{"id":"fe6b5445-d779-47d6-86ec-1fce1fdc509a","source_type":"ml"}},{"type":"Feature","geometry":{"type":"Polygon","coordinates":[[[50.3640672,53.5160213],[50.3639317,53.5159814],[50.3639987,53.515901],[50.3641341,53.5159409],[50.3640672,53.5160213]]]},"properties":{"id":"5885a54d-dbe8-4bdf-962d-414c48877c44","source_type":"osm"}},{"type":"Feature","geometry":{"type":"Polygon","coordinates":[[[50.3659731,53.5167773],[50.3659485,53.5167059],[50.3660572,53.5166927],[50.3660818,53.5167641],[50.3659731,53.5167773]]]},"properties":{"id":"eac2e844-83f6-4809-91e3-0b3018669f7d","source_type":"osm"}},{"type":"Feature","geometry":{"type":"Polygon","coordinates":[[[50.3670629,53.5164961],[50.3670418,53.5164492],[50.3671182,53.516437],[50.3671393,53.5164839],[50.3670629,53.5164961]]]},"properties":{"id":"2055ce6b-38f5-44d7-941f-c1f913089873","source_type":"ml"}},{"type":"Feature","geometry":{"type":"Polygon","coordinates":[[[50.3684985,53.5139529],[50.3684799,53.5138943],[50.3685866,53.5138823],[50.3686053,53.5139408],[50.3684985,53.5139529]]]},"properties":{"id":"3c8e6061-721e-4ecd-b0de-632146036293","source_type":"osm"}},{"type":"Feature","geometry":{"type":"Polygon","coordinates":[[[50.3695701,53.5117589],[50.3695033,53.5116749],[50.3696913,53.511622],[50.3697581,53.511706],[50.3695701,53.5117589]]]},"properties":{"id":"01f0fe16-f628-4573-9003-323008aceb8f","source_type":"osm"}},{"type":"Feature","geometry":{"type":"Polygon","coordinates":[[[50.3687191,53.512011],[50.3686279,53.5119134],[50.3687662,53.5118677],[50.3688575,53.5119653],[50.3687191,53.512011]]]},"properties":{"id":"bfeb945b-87a1-4380-92c6-63000a2b6f9c","source_type":"osm"}},{"type":"Feature","geometry":{"type":"Polygon","coordinates":[[[50.3794665,53.4961595],[50.3794483,53.4961142],[50.3793863,53.496123],[50.3793706,53.4960838],[50.3794493,53.4960726],[50.3794608,53.4961013],[50.3795648,53.4960865],[50.3795872,53.4961423],[50.3794665,53.4961595]]]},"properties":{"id":"c1d3f99a-3204-45c6-97d4-1617476dddf1","source_type":"ml"}},{"type":"Feature","geometry":{"type":"Polygon","coordinates":[[[50.3802777,53.5076103],[50.3802161,53.5075234],[50.3803605,53.5074872],[50.3804221,53.5075741],[50.3802777,53.5076103]]]},"properties":{"id":"55e6057c-19b1-4935-9ebb-945a7d67c68f","source_type":"osm"}},{"type":"Feature","geometry":{"type":"Polygon","coordinates":[[[50.3801587,53.5061279],[50.3801494,53.5060979],[50.3802531,53.5060865],[50.3802625,53.5061164],[50.3801587,53.5061279]]]},"properties":{"id":"362b061c-6127-4f8b-9674-3906f7a8e4ea","source_type":"ml"}},{"type":"Feature","geometry":{"type":"Polygon","coordinates":[[[50.379885,53.5069256],[50.3799678,53.5069161],[50.3799762,53.5069422],[50.3798935,53.5069517],[50.379885,53.5069256]]]},"properties":{"id":"6db506eb-a158-4309-b2b0-2b44f3a1ec46","source_type":"ml"}},{"type":"Feature","geometry":{"type":"Polygon","coordinates":[[[50.3799442,53.507919],[50.3798859,53.5078295],[50.3801085,53.5077783],[50.3801667,53.5078678],[50.3799442,53.507919]]]},"properties":{"id":"b7840d56-d9cc-473b-995c-1299e6e89387","source_type":"osm"}},{"type":"Feature","geometry":{"type":"Polygon","coordinates":[[[50.379623,53.5080765],[50.3796987,53.5080451],[50.3797372,53.5080778],[50.3796615,53.5081093],[50.379623,53.5080765]]]},"properties":{"id":"302c928c-459f-482b-9286-b5015dee9313","source_type":"ml"}},{"type":"Feature","geometry":{"type":"Polygon","coordinates":[[[50.3796906,53.5085283],[50.3797035,53.508554],[50.3796297,53.5085671],[50.3796168,53.5085414],[50.3796906,53.5085283]]]},"properties":{"id":"e67e58b0-683b-4224-8b11-5c4810a0a269","source_type":"ml"}},{"type":"Feature","geometry":{"type":"Polygon","coordinates":[[[50.3805577,53.5082754],[50.3805979,53.5083304],[50.3804805,53.5083607],[50.3804403,53.5083056],[50.3805577,53.5082754]]]},"properties":{"id":"75e8004a-bb3c-4eb2-b39d-9ea6d50c1223","source_type":"ml"}},{"type":"Feature","geometry":{"type":"Polygon","coordinates":[[[50.377855,53.5289723],[50.3779461,53.5289738],[50.3779369,53.5291729],[50.3778457,53.5291714],[50.377855,53.5289723]]]},"properties":{"id":"7af8229b-912f-49a6-b9fc-f067760977db","source_type":"ml"}},{"type":"Feature","geometry":{"type":"Polygon","coordinates":[[[50.3788719,53.5305688],[50.3788695,53.5305157],[50.3789819,53.530514],[50.3789842,53.530567],[50.3788719,53.5305688]]]},"properties":{"id":"f730840f-d898-4da0-b3a6-6707d9bc4ea4","source_type":"osm"}},{"type":"Feature","geometry":{"type":"Polygon","coordinates":[[[50.3736784,53.5315228],[50.3736787,53.5314555],[50.3737833,53.5314557],[50.373783,53.531523],[50.3736784,53.5315228]]]},"properties":{"id":"922200a0-3cbf-4c28-8f38-ff488baa7d24","source_type":"osm"}},{"type":"Feature","geometry":{"type":"Polygon","coordinates":[[[50.3703162,53.527518],[50.3703326,53.5274773],[50.3703925,53.5274859],[50.3703761,53.5275266],[50.3703162,53.527518]]]},"properties":{"id":"51a381f3-d5a2-453e-b33a-559463d97935","source_type":"ml"}},{"type":"Feature","geometry":{"type":"Polygon","coordinates":[[[50.3586845,53.5250171],[50.3587647,53.5250395],[50.3587079,53.5251113],[50.3586276,53.5250888],[50.3586845,53.5250171]]]},"properties":{"id":"2711ecad-69f2-4ac1-bf37-7ee4b13a3f13","source_type":"ml"}},{"type":"Feature","geometry":{"type":"Polygon","coordinates":[[[50.3583457,53.5246401],[50.3583062,53.5246191],[50.3583501,53.5245898],[50.3583897,53.5246108],[50.3583457,53.5246401]]]},"properties":{"id":"0b066e4f-5190-442a-a41b-f55444a73059","source_type":"ml"}},{"type":"Feature","geometry":{"type":"Polygon","coordinates":[[[50.3561908,53.5268906],[50.3562866,53.5269103],[50.3562655,53.5269466],[50.3561697,53.5269269],[50.3561908,53.5268906]]]},"properties":{"id":"011c53ba-16f0-4d8d-b163-75d7c519dc4c","source_type":"ml"}},{"type":"Feature","geometry":{"type":"Polygon","coordinates":[[[50.3549983,53.5240859],[50.3551122,53.5241104],[50.3550917,53.5241442],[50.3549778,53.5241198],[50.3549983,53.5240859]]]},"properties":{"id":"555cc501-5c2d-4ebe-9355-0729d672ed98","source_type":"ml"}},{"type":"Feature","geometry":{"type":"Polygon","coordinates":[[[50.3555739,53.5277641],[50.3555864,53.5277409],[50.3557468,53.5277716],[50.3557343,53.5277947],[50.3555739,53.5277641]]]},"properties":{"id":"074aea98-01f0-4b72-a4c1-903c27a9f3eb","source_type":"ml"}},{"type":"Feature","geometry":{"type":"Polygon","coordinates":[[[50.3545361,53.5277737],[50.3543733,53.527724],[50.3544681,53.5276143],[50.3546309,53.5276639],[50.3545361,53.5277737]]]},"properties":{"id":"222a3d8f-0b14-40ed-8b49-b4920906a83d","source_type":"osm"}},{"type":"Feature","geometry":{"type":"Polygon","coordinates":[[[50.3533701,53.5274562],[50.353222,53.5274144],[50.3533091,53.5273052],[50.3534174,53.5273358],[50.3533973,53.527361],[50.3534371,53.5273722],[50.3533701,53.5274562]]]},"properties":{"id":"e4fde67e-cbc0-44af-bf9d-d7c9614de5e6","source_type":"osm"}},{"type":"Feature","geometry":{"type":"Polygon","coordinates":[[[50.3517594,53.5244348],[50.3515887,53.5243765],[50.3516648,53.5242978],[50.3517143,53.5243147],[50.3517592,53.5242683],[50.3516722,53.5242386],[50.3517637,53.524144],[50.3519718,53.5242151],[50.3517594,53.5244348]]]},"properties":{"id":"15b648fe-c266-4c3e-8ef4-6be525e71dc7","source_type":"osm"}},{"type":"Feature","geometry":{"type":"Polygon","coordinates":[[[50.3522466,53.5286837],[50.352191,53.5286687],[50.3522924,53.5285359],[50.352348,53.5285509],[50.3522466,53.5286837]]]},"properties":{"id":"bd04470b-fdd6-44aa-be83-445a749f3742","source_type":"ml"}},{"type":"Feature","geometry":{"type":"Polygon","coordinates":[[[50.3205077,53.5042282],[50.3204906,53.5041456],[50.3206821,53.5041315],[50.3206993,53.5042141],[50.3205077,53.5042282]]]},"properties":{"id":"0d488a37-893b-4b4c-9c16-e0229acdb18e","source_type":"osm"}},{"type":"Feature","geometry":{"type":"Polygon","coordinates":[[[50.3513312,53.5280434],[50.3514054,53.5279336],[50.3514609,53.5279468],[50.3514284,53.5279949],[50.3514853,53.5280084],[50.3514658,53.5280373],[50.3513951,53.5280204],[50.3513728,53.5280534],[50.3513312,53.5280434]]]},"properties":{"id":"9fb27b1a-aa5a-48f9-be4f-b56ca2afeecf","source_type":"ml"}},{"type":"Feature","geometry":{"type":"Polygon","coordinates":[[[50.3508228,53.5253564],[50.3508498,53.5252878],[50.3509046,53.5252954],[50.3508776,53.525364],[50.3508228,53.5253564]]]},"properties":{"id":"499d7202-6161-46b8-ad73-e69a77956c42","source_type":"ml"}},{"type":"Feature","geometry":{"type":"Polygon","coordinates":[[[50.3505141,53.5280461],[50.3503567,53.5280103],[50.350392,53.5279556],[50.3505494,53.5279914],[50.3505141,53.5280461]]]},"properties":{"id":"ad05b84a-a998-4269-b0ad-13beeea1a687","source_type":"osm"}},{"type":"Feature","geometry":{"type":"Polygon","coordinates":[[[50.3502625,53.5280843],[50.3500478,53.5280393],[50.3500852,53.5279764],[50.3502998,53.5280214],[50.3502625,53.5280843]]]},"properties":{"id":"9c558805-a3c5-477a-9cf8-db25b80f3b97","source_type":"ml"}},{"type":"Feature","geometry":{"type":"Polygon","coordinates":[[[50.3498348,53.5279988],[50.3499282,53.5280222],[50.3498927,53.5280723],[50.3497993,53.528049],[50.3498348,53.5279988]]]},"properties":{"id":"9d61c389-7a35-4b57-912e-e5983c237150","source_type":"ml"}},{"type":"Feature","geometry":{"type":"Polygon","coordinates":[[[50.3488085,53.5260596],[50.3488463,53.5259922],[50.3488898,53.5260008],[50.3489277,53.5259334],[50.3489904,53.5259459],[50.3489146,53.5260807],[50.3488085,53.5260596]]]},"properties":{"id":"4fcb0aa4-d7e4-48f7-86ca-45c7848006c0","source_type":"ml"}},{"type":"Feature","geometry":{"type":"Polygon","coordinates":[[[50.3480751,53.5277442],[50.3478969,53.5277026],[50.348068,53.5274438],[50.3481963,53.5274738],[50.3481122,53.5276011],[50.348162,53.5276127],[50.3480751,53.5277442]]]},"properties":{"id":"f750b5dc-bf08-4420-8a09-097b5bff8855","source_type":"osm"}},{"type":"Feature","geometry":{"type":"Polygon","coordinates":[[[50.3479185,53.5295188],[50.347971,53.529453],[50.3480248,53.5294681],[50.3479722,53.5295339],[50.3479185,53.5295188]]]},"properties":{"id":"6364ce11-1607-4e12-a05a-c530acf94039","source_type":"ml"}},{"type":"Feature","geometry":{"type":"Polygon","coordinates":[[[50.3489893,53.529861],[50.3490544,53.5299202],[50.3489556,53.5299585],[50.3488905,53.5298993],[50.3489893,53.529861]]]},"properties":{"id":"53008fce-1b73-4fc6-9d0f-e9bb8992e38d","source_type":"ml"}},{"type":"Feature","geometry":{"type":"Polygon","coordinates":[[[50.3489077,53.5307612],[50.3487666,53.5307581],[50.3487753,53.5306194],[50.3489164,53.5306225],[50.3489077,53.5307612]]]},"properties":{"id":"eacae9fe-9877-4e3e-99c9-912596b8525c","source_type":"osm"}},{"type":"Feature","geometry":{"type":"Polygon","coordinates":[[[50.3492675,53.5313596],[50.3491216,53.5313022],[50.3492195,53.5312142],[50.3493655,53.5312716],[50.3492675,53.5313596]]]},"properties":{"id":"41f4e899-8a05-4875-8113-0ba4df5ccd3c","source_type":"osm"}},{"type":"Feature","geometry":{"type":"Polygon","coordinates":[[[50.3459833,53.5312632],[50.3460014,53.5312415],[50.3460617,53.5312592],[50.3460435,53.531281],[50.3459833,53.5312632]]]},"properties":{"id":"51303152-3f31-4c80-aa44-36dae227a760","source_type":"ml"}},{"type":"Feature","geometry":{"type":"Polygon","coordinates":[[[50.3466427,53.5316651],[50.3466811,53.531611],[50.3467917,53.5316386],[50.3467533,53.5316928],[50.3466427,53.5316651]]]},"properties":{"id":"6656658b-edc8-47f4-ae6d-06c445714cfb","source_type":"ml"}},{"type":"Feature","geometry":{"type":"Polygon","coordinates":[[[50.3471772,53.5270311],[50.3471202,53.5270188],[50.3471331,53.5269977],[50.34719,53.5270099],[50.3471772,53.5270311]]]},"properties":{"id":"0740b651-4aa0-470f-8c58-f663797aa71a","source_type":"ml"}},{"type":"Feature","geometry":{"type":"Polygon","coordinates":[[[50.3444541,53.5267506],[50.3444319,53.526798],[50.3443174,53.526779],[50.3443396,53.5267317],[50.3444541,53.5267506]]]},"properties":{"id":"22ea70b8-b784-4209-97e1-7b4bc8928cac","source_type":"ml"}},{"type":"Feature","geometry":{"type":"Polygon","coordinates":[[[50.3450334,53.5309844],[50.3450797,53.5309287],[50.3451519,53.5309499],[50.3451055,53.5310056],[50.3450334,53.5309844]]]},"properties":{"id":"0114c37e-1498-4dcc-a66d-8b21da6c93b2","source_type":"ml"}},{"type":"Feature","geometry":{"type":"Polygon","coordinates":[[[50.3425366,53.5307565],[50.3423845,53.5307051],[50.3424723,53.5306134],[50.3426243,53.5306648],[50.3425366,53.5307565]]]},"properties":{"id":"84bf0725-ff95-4f5f-ae81-54122146e1ea","source_type":"osm"}},{"type":"Feature","geometry":{"type":"Polygon","coordinates":[[[50.3424796,53.5293288],[50.3423153,53.5292842],[50.3423768,53.5292042],[50.3425411,53.5292488],[50.3424796,53.5293288]]]},"properties":{"id":"54eb90fc-eacf-42f8-ae17-250b98b74f0f","source_type":"osm"}},{"type":"Feature","geometry":{"type":"Polygon","coordinates":[[[50.3435803,53.5304577],[50.3435204,53.5304432],[50.3435382,53.5304172],[50.343598,53.5304317],[50.3435803,53.5304577]]]},"properties":{"id":"2c204b55-fc0a-4eb3-a232-58c4aa95b9f2","source_type":"ml"}},{"type":"Feature","geometry":{"type":"Polygon","coordinates":[[[50.343495,53.5282998],[50.3435339,53.5282422],[50.3435709,53.528251],[50.3436085,53.5281953],[50.3437138,53.5282205],[50.343666,53.5282912],[50.34363,53.5282826],[50.3436012,53.5283252],[50.343495,53.5282998]]]},"properties":{"id":"5c3a31ad-4922-4a29-bb60-ab8f9d8841da","source_type":"ml"}},{"type":"Feature","geometry":{"type":"Polygon","coordinates":[[[50.3431874,53.5270194],[50.3431267,53.5270095],[50.3431626,53.5269316],[50.3432235,53.5269415],[50.3432326,53.5269217],[50.343373,53.5269446],[50.3433369,53.527023],[50.3431962,53.5270001],[50.3431874,53.5270194]]]},"properties":{"id":"67028f35-bda6-4fa2-9652-be36610a3339","source_type":"osm"}},{"type":"Feature","geometry":{"type":"Polygon","coordinates":[[[50.3420729,53.5268407],[50.3418742,53.5268108],[50.3419273,53.5266861],[50.3421261,53.526716],[50.3420729,53.5268407]]]},"properties":{"id":"1c875f83-5c91-4ac8-a7fe-cfb27236d006","source_type":"osm"}},{"type":"Feature","geometry":{"type":"Polygon","coordinates":[[[50.3402343,53.5293252],[50.3400518,53.5292754],[50.3401448,53.5291549],[50.3403273,53.5292047],[50.3402343,53.5293252]]]},"properties":{"id":"34da8571-10a0-498a-af24-bd34ae09367c","source_type":"osm"}},{"type":"Feature","geometry":{"type":"Polygon","coordinates":[[[50.3386763,53.5298858],[50.3387556,53.5299151],[50.3387316,53.5299381],[50.3386523,53.5299088],[50.3386763,53.5298858]]]},"properties":{"id":"e4350b3a-a7ce-4277-8c4f-22200fa18dc3","source_type":"ml"}},{"type":"Feature","geometry":{"type":"Polygon","coordinates":[[[50.3394168,53.5294938],[50.3392546,53.529448],[50.3393583,53.5293181],[50.3395205,53.5293638],[50.3394168,53.5294938]]]},"properties":{"id":"b55e82f7-c14c-41e9-975b-0926a75c9fdf","source_type":"osm"}},{"type":"Feature","geometry":{"type":"Polygon","coordinates":[[[50.3392522,53.5302867],[50.3393126,53.5302083],[50.3394957,53.5302582],[50.3394353,53.5303366],[50.3392522,53.5302867]]]},"properties":{"id":"0c076cb8-e5d6-4b3f-a80a-4462ea1f7f02","source_type":"osm"}},{"type":"Feature","geometry":{"type":"Polygon","coordinates":[[[50.3396519,53.5300527],[50.339646,53.5300514],[50.3396307,53.5300762],[50.3395479,53.5300582],[50.339566,53.5300287],[50.3395589,53.5300272],[50.3395768,53.5299981],[50.3396727,53.5300189],[50.3396519,53.5300527]]]},"properties":{"id":"7f8fb0ac-7c39-491f-8518-7d7158235044","source_type":"ml"}},{"type":"Feature","geometry":{"type":"Polygon","coordinates":[[[50.339095,53.5283146],[50.3389385,53.5282681],[50.3390179,53.5281737],[50.3391744,53.5282202],[50.339095,53.5283146]]]},"properties":{"id":"a89eaebb-f74b-4efc-9971-bfbdab6bb58e","source_type":"osm"}},{"type":"Feature","geometry":{"type":"Polygon","coordinates":[[[50.3376815,53.5274435],[50.3377636,53.5274632],[50.3377366,53.527503],[50.3376544,53.5274832],[50.3376815,53.5274435]]]},"properties":{"id":"6c110231-bdc4-4fd6-91be-90a1d2dcfa4a","source_type":"ml"}},{"type":"Feature","geometry":{"type":"Polygon","coordinates":[[[50.3354433,53.5147286],[50.3353533,53.514775],[50.335247,53.5147021],[50.3353371,53.5146557],[50.3354433,53.5147286]]]},"properties":{"id":"541a13ee-1fbc-4581-8847-f7841c602b04","source_type":"osm"}},{"type":"Feature","geometry":{"type":"Polygon","coordinates":[[[50.3252215,53.506708],[50.3252698,53.5066914],[50.3252923,53.5067146],[50.3252682,53.5067229],[50.3252863,53.5067415],[50.3252199,53.5067643],[50.3251978,53.5067416],[50.3252401,53.5067271],[50.3252215,53.506708]]]},"properties":{"id":"6fdc00ab-ea96-40ca-83d6-71d4ca447d65","source_type":"ml"}},{"type":"Feature","geometry":{"type":"Polygon","coordinates":[[[50.3269427,53.5057773],[50.3272671,53.505815],[50.327212,53.5059831],[50.3271112,53.5059714],[50.3270956,53.506019],[50.3271834,53.5060292],[50.3271255,53.5062059],[50.3272403,53.5062192],[50.3272025,53.5063345],[50.3270619,53.5063182],[50.32705,53.5063545],[50.3268794,53.5063347],[50.327022,53.5058998],[50.3269069,53.5058864],[50.3269427,53.5057773]]]},"properties":{"id":"90a32bf7-7295-4cfc-8686-692992a05b27","source_type":"ml"}},{"type":"Feature","geometry":{"type":"Polygon","coordinates":[[[50.3248128,53.5032702],[50.3246945,53.5032794],[50.3246637,53.5031395],[50.324782,53.5031303],[50.3248128,53.5032702]]]},"properties":{"id":"9c11a2fa-32ee-43b6-b117-0fc08389cd1d","source_type":"osm"}},{"type":"Feature","geometry":{"type":"Polygon","coordinates":[[[50.3261738,53.5030353],[50.3262998,53.503037],[50.3262982,53.5030801],[50.3261722,53.5030784],[50.3261738,53.5030353]]]},"properties":{"id":"7aa23f92-f997-4400-b740-36505ef5df0c","source_type":"ml"}},{"type":"Feature","geometry":{"type":"Polygon","coordinates":[[[50.3261876,53.5044283],[50.3261976,53.5044673],[50.3261032,53.5044758],[50.3260932,53.5044368],[50.3261876,53.5044283]]]},"properties":{"id":"61a5189c-e5fe-4783-8bfc-e664a7ecd9dc","source_type":"ml"}},{"type":"Feature","geometry":{"type":"Polygon","coordinates":[[[50.3237328,53.5043643],[50.3236692,53.5043599],[50.3236792,53.504308],[50.3237427,53.5043123],[50.3237328,53.5043643]]]},"properties":{"id":"d7a51226-f718-4e8f-93e9-6e33651f313f","source_type":"ml"}},{"type":"Feature","geometry":{"type":"Polygon","coordinates":[[[50.3230499,53.5041332],[50.3231196,53.504132],[50.323123,53.5042005],[50.3230533,53.5042017],[50.3230499,53.5041332]]]},"properties":{"id":"61b7bfa4-eccb-4329-bb5d-8f1b026049e0","source_type":"ml"}},{"type":"Feature","geometry":{"type":"Polygon","coordinates":[[[50.321698,53.5042899],[50.3217001,53.5043521],[50.3216223,53.5043531],[50.3216202,53.5042909],[50.321698,53.5042899]]]},"properties":{"id":"e520117b-8b7f-40d1-a92b-8b78bada1fba","source_type":"ml"}},{"type":"Feature","geometry":{"type":"Polygon","coordinates":[[[50.3225633,53.5040256],[50.3225697,53.5041467],[50.3224867,53.5041483],[50.3224803,53.5040272],[50.3225633,53.5040256]]]},"properties":{"id":"0920a842-e59f-4cc4-9162-d8b25fe0fdf4","source_type":"ml"}},{"type":"Feature","geometry":{"type":"Polygon","coordinates":[[[50.3224102,53.5022657],[50.3224212,53.5022946],[50.3223447,53.5023049],[50.3223337,53.5022761],[50.3224102,53.5022657]]]},"properties":{"id":"d351ee49-2544-4c1f-a3ae-1598a9f02ee0","source_type":"ml"}},{"type":"Feature","geometry":{"type":"Polygon","coordinates":[[[50.3307376,53.5038929],[50.3307385,53.5039344],[50.3306098,53.5039354],[50.3306089,53.5038939],[50.3307376,53.5038929]]]},"properties":{"id":"668e9fb7-45b3-42f7-84cf-95f424789c74","source_type":"ml"}},{"type":"Feature","geometry":{"type":"Polygon","coordinates":[[[50.3336035,53.5007863],[50.3336147,53.5005607],[50.3337095,53.5005624],[50.3336983,53.5007879],[50.3336035,53.5007863]]]},"properties":{"id":"6967a74b-3f02-4224-96ab-6bc045d8b5dd","source_type":"ml"}},{"type":"Feature","geometry":{"type":"Polygon","coordinates":[[[50.3337493,53.5026862],[50.333878,53.5026843],[50.3338835,53.5028118],[50.3337548,53.5028138],[50.3337493,53.5026862]]]},"properties":{"id":"0857d7f7-64f7-4ec7-9931-0a5262c4a484","source_type":"ml"}},{"type":"Feature","geometry":{"type":"Polygon","coordinates":[[[50.3334797,53.5026572],[50.3334735,53.5025432],[50.3336948,53.5025389],[50.333701,53.5026529],[50.3334797,53.5026572]]]},"properties":{"id":"e6ed095a-5d7c-403e-8c25-1f0081ff7cf3","source_type":"osm"}},{"type":"Feature","geometry":{"type":"Polygon","coordinates":[[[50.3360256,53.5027156],[50.3360297,53.5026272],[50.3360994,53.5026284],[50.3360953,53.5027168],[50.3360256,53.5027156]]]},"properties":{"id":"6f95ec83-b117-4991-ae05-487a695f6afa","source_type":"ml"}},{"type":"Feature","geometry":{"type":"Polygon","coordinates":[[[50.3348413,53.5006671],[50.3348413,53.5007389],[50.3347635,53.5007389],[50.3347635,53.5006671],[50.3348413,53.5006671]]]},"properties":{"id":"7744eef0-0cd5-4c52-b408-1dd21534008a","source_type":"ml"}},{"type":"Feature","geometry":{"type":"Polygon","coordinates":[[[50.3348813,53.5007389],[50.3348843,53.5006757],[50.3349203,53.5006763],[50.3349216,53.5006493],[50.3350934,53.5006523],[50.3350883,53.5007589],[50.3349294,53.5007562],[50.3349302,53.5007398],[50.3348813,53.5007389]]]},"properties":{"id":"4b58ae49-1564-4ad6-9be7-c0a5253b08fe","source_type":"osm"}},{"type":"Feature","geometry":{"type":"Polygon","coordinates":[[[50.3400729,53.4999557],[50.3402403,53.4999545],[50.340241,53.4999896],[50.3400736,53.4999908],[50.3400729,53.4999557]]]},"properties":{"id":"32cd25d8-40a8-428b-adca-91b452159548","source_type":"ml"}},{"type":"Feature","geometry":{"type":"Polygon","coordinates":[[[50.341184,53.5003139],[50.3411871,53.5002007],[50.341289,53.5002016],[50.3412859,53.5003149],[50.341184,53.5003139]]]},"properties":{"id":"5a28619c-03f4-4a06-a7b9-5ffbf9505540","source_type":"ml"}},{"type":"Feature","geometry":{"type":"Polygon","coordinates":[[[50.3411801,53.5000242],[50.3412194,53.5000206],[50.3412338,53.5000761],[50.3411945,53.5000797],[50.3411801,53.5000242]]]},"properties":{"id":"24b9fe2a-46a6-4a73-9aec-28db9591ce5d","source_type":"ml"}},{"type":"Feature","geometry":{"type":"Polygon","coordinates":[[[50.3413267,53.5008235],[50.3413231,53.5008856],[50.3412668,53.5008845],[50.3412704,53.5008223],[50.3413267,53.5008235]]]},"properties":{"id":"e5a971de-63af-4bde-b4b2-197798333b81","source_type":"ml"}},{"type":"Feature","geometry":{"type":"Polygon","coordinates":[[[50.3429491,53.500274],[50.3428103,53.5002733],[50.3428115,53.5001828],[50.3429503,53.5001834],[50.3429491,53.500274]]]},"properties":{"id":"55fddaa2-6a6f-49c0-8360-dd24c0e02ea1","source_type":"osm"}},{"type":"Feature","geometry":{"type":"Polygon","coordinates":[[[50.3428089,53.5032788],[50.3426628,53.5032747],[50.3426693,53.5031918],[50.3428154,53.5031958],[50.3428089,53.5032788]]]},"properties":{"id":"5a08ca3b-9ad5-47c6-82a0-83b52fc89b1f","source_type":"osm"}},{"type":"Feature","geometry":{"type":"Polygon","coordinates":[[[50.3430589,53.5032734],[50.3430589,53.5031833],[50.3432652,53.5031833],[50.3432652,53.5032734],[50.3430589,53.5032734]]]},"properties":{"id":"8211d33e-5e71-48ab-ace1-d2234fd04823","source_type":"osm"}},{"type":"Feature","geometry":{"type":"Polygon","coordinates":[[[50.3412534,53.5041673],[50.3411841,53.5041587],[50.3411916,53.5041373],[50.341261,53.5041459],[50.3412534,53.5041673]]]},"properties":{"id":"2237ecb8-7608-4f38-8bcd-b0de0c1a13b0","source_type":"ml"}},{"type":"Feature","geometry":{"type":"Polygon","coordinates":[[[50.3409629,53.5024618],[50.3409613,53.5025224],[50.340905,53.5025219],[50.3409066,53.5024612],[50.3409629,53.5024618]]]},"properties":{"id":"c89f970f-4f25-41b7-b7d9-e14c141b30ed","source_type":"ml"}},{"type":"Feature","geometry":{"type":"Polygon","coordinates":[[[50.3384656,53.5033105],[50.3382969,53.5033074],[50.3383009,53.5032295],[50.3384696,53.5032325],[50.3384656,53.5033105]]]},"properties":{"id":"79a5d15e-bf33-4c9c-bd34-f14964cef921","source_type":"osm"}},{"type":"Feature","geometry":{"type":"Polygon","coordinates":[[[50.3395315,53.5026035],[50.3395266,53.5026678],[50.339449,53.5026657],[50.3394539,53.5026014],[50.3395315,53.5026035]]]},"properties":{"id":"39805b00-0419-48b3-9369-4ec664809bd9","source_type":"ml"}},{"type":"Feature","geometry":{"type":"Polygon","coordinates":[[[50.3390786,53.5036005],[50.3390804,53.5035446],[50.3391662,53.5035457],[50.3391644,53.5036015],[50.3390786,53.5036005]]]},"properties":{"id":"d5d3cf89-a216-4d7a-b98a-186962494f15","source_type":"ml"}},{"type":"Feature","geometry":{"type":"Polygon","coordinates":[[[50.3401393,53.502493],[50.3400803,53.5024923],[50.3400786,53.5025418],[50.3399702,53.5025404],[50.339974,53.502432],[50.3401413,53.502434],[50.3401393,53.502493]]]},"properties":{"id":"1aded838-8b0d-4f9a-a3f4-76ed8efbd066","source_type":"ml"}},{"type":"Feature","geometry":{"type":"Polygon","coordinates":[[[50.3365527,53.5019188],[50.3365508,53.5018814],[50.336598,53.5018806],[50.3365999,53.5019179],[50.3365527,53.5019188]]]},"properties":{"id":"588ad370-8a75-4df2-86ba-9fc37ef3451c","source_type":"ml"}},{"type":"Feature","geometry":{"type":"Polygon","coordinates":[[[50.3365052,53.5016498],[50.3363367,53.5016428],[50.336353,53.5015043],[50.3365215,53.5015113],[50.3365052,53.5016498]]]},"properties":{"id":"8e01cdf5-15c5-43ad-99d0-dc05f13e1e18","source_type":"osm"}},{"type":"Feature","geometry":{"type":"Polygon","coordinates":[[[50.3459222,53.5025382],[50.3459256,53.5024691],[50.3460249,53.5024707],[50.3460215,53.5025399],[50.3459222,53.5025382]]]},"properties":{"id":"8fb2c5c3-e6c5-497a-ae1f-c27eac60c730","source_type":"osm"}},{"type":"Feature","geometry":{"type":"Polygon","coordinates":[[[50.3445509,53.5034434],[50.3446527,53.5034416],[50.3446555,53.503499],[50.3445537,53.5035008],[50.3445509,53.5034434]]]},"properties":{"id":"dd744b72-1746-4b4d-8356-980bcf46fb03","source_type":"ml"}},{"type":"Feature","geometry":{"type":"Polygon","coordinates":[[[50.3453394,53.502251],[50.3453369,53.5021944],[50.3455556,53.5021911],[50.3455581,53.5022476],[50.3453394,53.502251]]]},"properties":{"id":"606dcb5a-a6de-4d3c-a751-106aa3ba493d","source_type":"ml"}},{"type":"Feature","geometry":{"type":"Polygon","coordinates":[[[50.3555767,53.5039542],[50.3554181,53.5039466],[50.3554269,53.5038823],[50.3555855,53.50389],[50.3555767,53.5039542]]]},"properties":{"id":"8c49cd1d-7615-4718-b7c4-915718b7c205","source_type":"osm"}},{"type":"Feature","geometry":{"type":"Polygon","coordinates":[[[50.3534321,53.5051372],[50.3533285,53.5051286],[50.3533487,53.5050424],[50.3534524,53.505051],[50.3534321,53.5051372]]]},"properties":{"id":"333ea30c-2e55-4289-aa30-5390264fbd26","source_type":"osm"}},{"type":"Feature","geometry":{"type":"Polygon","coordinates":[[[50.3526539,53.5042966],[50.3525053,53.5042964],[50.3525056,53.5042467],[50.3526542,53.5042469],[50.3526539,53.5042966]]]},"properties":{"id":"afe77304-3942-4a85-b9b2-951e1886847c","source_type":"osm"}},{"type":"Feature","geometry":{"type":"Polygon","coordinates":[[[50.3545336,53.5061692],[50.3543891,53.5061912],[50.354364,53.5061327],[50.3545085,53.5061107],[50.3545336,53.5061692]]]},"properties":{"id":"b5f6b8f6-ba25-4899-aa9f-abfb732dc181","source_type":"osm"}},{"type":"Feature","geometry":{"type":"Polygon","coordinates":[[[50.3545812,53.5068399],[50.3544526,53.5069038],[50.354383,53.5068542],[50.3545116,53.5067903],[50.3545812,53.5068399]]]},"properties":{"id":"aebdf474-51df-4548-abcf-0b8c81b21470","source_type":"osm"}},{"type":"Feature","geometry":{"type":"Polygon","coordinates":[[[50.356539,53.5095566],[50.3564253,53.5094669],[50.3565146,53.5094269],[50.3566283,53.5095165],[50.356539,53.5095566]]]},"properties":{"id":"76b4decc-aaea-455c-ba71-c925244b06f6","source_type":"osm"}},{"type":"Feature","geometry":{"type":"Polygon","coordinates":[[[50.355652,53.5094021],[50.3555873,53.5093487],[50.355703,53.5092991],[50.3557678,53.5093524],[50.355652,53.5094021]]]},"properties":{"id":"5c0e6f70-983c-4c45-b237-4dff339e17ef","source_type":"osm"}},{"type":"Feature","geometry":{"type":"Polygon","coordinates":[[[50.352529,53.5233042],[50.3523847,53.5232273],[50.3524886,53.5231584],[50.3526329,53.5232354],[50.352529,53.5233042]]]},"properties":{"id":"1964f07c-1e7a-4948-bab0-3faf3378fb47","source_type":"osm"}},{"type":"Feature","geometry":{"type":"Polygon","coordinates":[[[50.3530087,53.5231558],[50.3530532,53.5230542],[50.3531349,53.5230668],[50.3530905,53.5231684],[50.3530087,53.5231558]]]},"properties":{"id":"6c33a016-4738-4631-a28e-83f42ef820da","source_type":"ml"}},{"type":"Feature","geometry":{"type":"Polygon","coordinates":[[[50.3540658,53.5227051],[50.3540903,53.5226431],[50.3541984,53.5226582],[50.3541739,53.5227202],[50.3540658,53.5227051]]]},"properties":{"id":"3f782c97-db83-4b57-b077-c80804d92f4a","source_type":"ml"}},{"type":"Feature","geometry":{"type":"Polygon","coordinates":[[[50.355066,53.523704],[50.3550075,53.5236907],[50.3550419,53.5236371],[50.3551004,53.5236504],[50.355066,53.523704]]]},"properties":{"id":"5968eea8-4bd0-4c52-9ef9-d70303776c3e","source_type":"ml"}},{"type":"Feature","geometry":{"type":"Polygon","coordinates":[[[50.3556979,53.5235011],[50.3555463,53.5234579],[50.3556292,53.5233549],[50.3557809,53.523398],[50.3556979,53.5235011]]]},"properties":{"id":"586507f9-651c-4273-b956-fdb514a05d32","source_type":"osm"}},{"type":"Feature","geometry":{"type":"Polygon","coordinates":[[[50.3563254,53.5225147],[50.3562353,53.5224734],[50.3562904,53.5224309],[50.3563805,53.5224722],[50.3563254,53.5225147]]]},"properties":{"id":"0a8f2f74-b1c4-4439-beb2-b2480bd065f6","source_type":"ml"}},{"type":"Feature","geometry":{"type":"Polygon","coordinates":[[[50.3563746,53.5234069],[50.3563943,53.5233791],[50.356588,53.5234276],[50.3565684,53.5234554],[50.3563746,53.5234069]]]},"properties":{"id":"45082dae-d643-47af-8c70-b1a1df0c20a8","source_type":"ml"}},{"type":"Feature","geometry":{"type":"Polygon","coordinates":[[[50.3567186,53.5233492],[50.356762,53.5233599],[50.3567359,53.5233973],[50.3564797,53.523334],[50.3564987,53.5233068],[50.3567115,53.5233593],[50.3567186,53.5233492]]]},"properties":{"id":"944323fd-e43d-4d12-8c53-b9d29b1c0d9e","source_type":"ml"}},{"type":"Feature","geometry":{"type":"Polygon","coordinates":[[[50.3566977,53.5225796],[50.3565839,53.5225493],[50.3566576,53.5224514],[50.3567714,53.5224817],[50.3566977,53.5225796]]]},"properties":{"id":"aee7abbd-bf24-4a98-9875-63c420834da4","source_type":"osm"}},{"type":"Feature","geometry":{"type":"Polygon","coordinates":[[[50.3568836,53.5218595],[50.356948,53.5217992],[50.3570137,53.5218241],[50.3569494,53.5218843],[50.3568836,53.5218595]]]},"properties":{"id":"e9284e30-545f-4b6b-af00-188a7fcaa541","source_type":"ml"}},{"type":"Feature","geometry":{"type":"Polygon","coordinates":[[[50.3578296,53.5220512],[50.3577685,53.5220323],[50.3578389,53.5219521],[50.3579,53.521971],[50.3578296,53.5220512]]]},"properties":{"id":"b33a000a-d406-4962-a2fa-bcd35a6d3e81","source_type":"ml"}},{"type":"Feature","geometry":{"type":"Polygon","coordinates":[[[50.3577531,53.5220063],[50.3577065,53.521993],[50.3577418,53.5219496],[50.3577883,53.5219629],[50.3577531,53.5220063]]]},"properties":{"id":"8cb720de-3ced-4c79-a982-0ba219dd421e","source_type":"ml"}},{"type":"Feature","geometry":{"type":"Polygon","coordinates":[[[50.357838,53.5222526],[50.3578586,53.5222285],[50.3579481,53.5222555],[50.3579276,53.5222796],[50.357838,53.5222526]]]},"properties":{"id":"8f477735-4165-4dcc-9917-b73a00338167","source_type":"ml"}},{"type":"Feature","geometry":{"type":"Polygon","coordinates":[[[50.3578916,53.523009],[50.3579776,53.5230302],[50.3579553,53.5230622],[50.3578693,53.5230411],[50.3578916,53.523009]]]},"properties":{"id":"d2b80058-780f-4e48-b7c6-7e9cd7a93a0f","source_type":"ml"}},{"type":"Feature","geometry":{"type":"Polygon","coordinates":[[[50.358075,53.5235864],[50.3581342,53.5234909],[50.3582003,53.5235054],[50.3581411,53.5236009],[50.358075,53.5235864]]]},"properties":{"id":"f7b1456b-8840-4097-aa95-2a721c546d88","source_type":"ml"}},{"type":"Feature","geometry":{"type":"Polygon","coordinates":[[[50.3587441,53.5228357],[50.3586403,53.5228045],[50.3587004,53.5227338],[50.3588042,53.5227651],[50.3587441,53.5228357]]]},"properties":{"id":"9cac3f67-c627-4716-963d-cea4a6af0386","source_type":"osm"}},{"type":"Feature","geometry":{"type":"Polygon","coordinates":[[[50.3596386,53.5216397],[50.3596758,53.5216418],[50.3596695,53.5216804],[50.3596323,53.5216782],[50.3596386,53.5216397]]]},"properties":{"id":"0c5998fe-07e3-425f-8b23-377ea9c8ba81","source_type":"ml"}},{"type":"Feature","geometry":{"type":"Polygon","coordinates":[[[50.3604979,53.5223478],[50.3603419,53.5223239],[50.3603973,53.5221959],[50.3605533,53.5222198],[50.3604979,53.5223478]]]},"properties":{"id":"4c5bd6b4-e26c-4e63-bfbd-e5e83b609912","source_type":"osm"}},{"type":"Feature","geometry":{"type":"Polygon","coordinates":[[[50.3605824,53.5234056],[50.3604535,53.5233705],[50.36052,53.5232842],[50.3607259,53.5233403],[50.3606791,53.523401],[50.3606021,53.5233801],[50.3605824,53.5234056]]]},"properties":{"id":"69411aee-f428-4a24-8c75-5526398acee0","source_type":"osm"}},{"type":"Feature","geometry":{"type":"Polygon","coordinates":[[[50.3606611,53.5227439],[50.3605232,53.5227165],[50.3605926,53.5225927],[50.3607306,53.52262],[50.3606611,53.5227439]]]},"properties":{"id":"04df9520-dd8c-4302-953c-4b95051111ac","source_type":"osm"}},{"type":"Feature","geometry":{"type":"Polygon","coordinates":[[[50.360675,53.5215586],[50.3608166,53.5216179],[50.3607889,53.5216414],[50.3606473,53.521582],[50.360675,53.5215586]]]},"properties":{"id":"0130357c-c926-4615-9976-8c40820e42ad","source_type":"ml"}},{"type":"Feature","geometry":{"type":"Polygon","coordinates":[[[50.3622083,53.5150192],[50.3620467,53.5149859],[50.3621005,53.5148935],[50.3622621,53.5149268],[50.3622083,53.5150192]]]},"properties":{"id":"c9d741ad-a417-456f-9bb5-b4bc5410d16d","source_type":"osm"}},{"type":"Feature","geometry":{"type":"Polygon","coordinates":[[[50.3624317,53.5140775],[50.3623662,53.5139668],[50.3625687,53.5139244],[50.3626342,53.5140352],[50.3624317,53.5140775]]]},"properties":{"id":"feb17f92-b04d-407f-a6a2-5728cc85df05","source_type":"osm"}},{"type":"Feature","geometry":{"type":"Polygon","coordinates":[[[50.3622457,53.5113486],[50.362036,53.5113843],[50.361995,53.511299],[50.3622047,53.5112634],[50.3622457,53.5113486]]]},"properties":{"id":"38fec9b7-3e54-4408-b9c9-e8d40970c751","source_type":"osm"}},{"type":"Feature","geometry":{"type":"Polygon","coordinates":[[[50.3576092,53.5090541],[50.3574955,53.5089645],[50.3575848,53.5089244],[50.3576985,53.5090141],[50.3576092,53.5090541]]]},"properties":{"id":"c3c653d5-74b1-4bea-bcbe-165e6e370b16","source_type":"osm"}},{"type":"Feature","geometry":{"type":"Polygon","coordinates":[[[50.3671074,53.5123144],[50.3670602,53.5122521],[50.3671093,53.5122389],[50.3671565,53.5123013],[50.3671074,53.5123144]]]},"properties":{"id":"8bb0a620-77c7-4fda-adfe-34d6c1faeadc","source_type":"ml"}},{"type":"Feature","geometry":{"type":"Polygon","coordinates":[[[50.3674875,53.5129454],[50.3674596,53.5129112],[50.3674942,53.5129011],[50.3675222,53.5129353],[50.3674875,53.5129454]]]},"properties":{"id":"0ff85764-8083-4b36-abea-7d87a523318f","source_type":"ml"}},{"type":"Feature","geometry":{"type":"Polygon","coordinates":[[[50.3673537,53.5139836],[50.3673465,53.513893],[50.3675282,53.5138879],[50.3675355,53.5139785],[50.3673537,53.5139836]]]},"properties":{"id":"c297e155-edd9-4335-b3ae-e27b55853aaf","source_type":"osm"}},{"type":"Feature","geometry":{"type":"Polygon","coordinates":[[[50.366582,53.5127311],[50.3665307,53.5126937],[50.3666958,53.5126137],[50.3667471,53.5126511],[50.366582,53.5127311]]]},"properties":{"id":"05539602-8998-457e-8aab-f3e236688db6","source_type":"ml"}},{"type":"Feature","geometry":{"type":"Polygon","coordinates":[[[50.3657202,53.5126638],[50.3657672,53.5126917],[50.3657189,53.5127204],[50.365672,53.5126925],[50.3657202,53.5126638]]]},"properties":{"id":"440d8a31-7d9b-4246-8f09-51b6c3e085b5","source_type":"ml"}},{"type":"Feature","geometry":{"type":"Polygon","coordinates":[[[50.365738,53.5138099],[50.3658245,53.5137613],[50.3659054,53.5138123],[50.365819,53.5138609],[50.365738,53.5138099]]]},"properties":{"id":"84205055-c2a8-4869-859d-c657f36c77b5","source_type":"ml"}},{"type":"Feature","geometry":{"type":"Polygon","coordinates":[[[50.3655381,53.5144131],[50.3654065,53.514319],[50.3654977,53.5142739],[50.3656294,53.514368],[50.3655381,53.5144131]]]},"properties":{"id":"ee85666b-316e-4e1f-a6af-103463ac0b6b","source_type":"osm"}},{"type":"Feature","geometry":{"type":"Polygon","coordinates":[[[50.3654198,53.5135852],[50.3652931,53.5135209],[50.3654154,53.5134357],[50.3655421,53.5135],[50.3654198,53.5135852]]]},"properties":{"id":"f225b621-b58a-4608-b50a-5e3d3cbb06db","source_type":"osm"}},{"type":"Feature","geometry":{"type":"Polygon","coordinates":[[[50.3629045,53.5142871],[50.3629437,53.5142965],[50.3629154,53.5143382],[50.3628762,53.5143287],[50.3629045,53.5142871]]]},"properties":{"id":"afc9847f-6beb-4219-b1c4-74c9aa3c6676","source_type":"ml"}},{"type":"Feature","geometry":{"type":"Polygon","coordinates":[[[50.3638691,53.5170016],[50.363748,53.5169706],[50.3637724,53.516937],[50.3638935,53.516968],[50.3638691,53.5170016]]]},"properties":{"id":"f533ea85-7e7d-4336-b029-0b356319676f","source_type":"ml"}},{"type":"Feature","geometry":{"type":"Polygon","coordinates":[[[50.3638855,53.5166251],[50.3638128,53.5166003],[50.3638325,53.5165799],[50.3639051,53.5166047],[50.3638855,53.5166251]]]},"properties":{"id":"3eb5f1df-afc9-486d-80df-0d11592576a6","source_type":"ml"}},{"type":"Feature","geometry":{"type":"Polygon","coordinates":[[[50.3641301,53.5169751],[50.3640164,53.5169462],[50.3640811,53.516856],[50.3641948,53.5168848],[50.3641301,53.5169751]]]},"properties":{"id":"8a534ad7-eb62-4d47-8571-7b32b70fc79b","source_type":"osm"}},{"type":"Feature","geometry":{"type":"Polygon","coordinates":[[[50.3668644,53.5156534],[50.3668659,53.5156805],[50.3667533,53.5156826],[50.3667519,53.5156555],[50.3668644,53.5156534]]]},"properties":{"id":"26a33f9e-0883-4635-944f-d5286b399edb","source_type":"ml"}},{"type":"Feature","geometry":{"type":"Polygon","coordinates":[[[50.3802053,53.5074693],[50.3801704,53.5073895],[50.3802797,53.5073726],[50.3802725,53.5073561],[50.3803414,53.5073454],[50.3803834,53.5074418],[50.3802053,53.5074693]]]},"properties":{"id":"d1f7dcf9-8530-44df-bd0e-4884690c70bd","source_type":"osm"}},{"type":"Feature","geometry":{"type":"Polygon","coordinates":[[[50.3806042,53.5071196],[50.3805896,53.5070994],[50.3806735,53.507078],[50.380688,53.5070982],[50.3806042,53.5071196]]]},"properties":{"id":"1f8224a0-f6dd-458b-8d5f-83120a3e1acd","source_type":"ml"}},{"type":"Feature","geometry":{"type":"Polygon","coordinates":[[[50.380418,53.5061513],[50.3803559,53.5060584],[50.380502,53.5060238],[50.3805641,53.5061168],[50.380418,53.5061513]]]},"properties":{"id":"ca1c7fa0-ad70-490b-b903-5c498f674ab7","source_type":"osm"}},{"type":"Feature","geometry":{"type":"Polygon","coordinates":[[[50.3799697,53.5067195],[50.3799017,53.5066519],[50.3802175,53.5065397],[50.3803502,53.5066718],[50.3801237,53.5067523],[50.3801006,53.5067292],[50.3799545,53.5067812],[50.3799128,53.5067398],[50.3799697,53.5067195]]]},"properties":{"id":"5826b72c-c126-4363-8040-d41d90b7c508","source_type":"osm"}},{"type":"Feature","geometry":{"type":"Polygon","coordinates":[[[50.3794205,53.5081457],[50.3795593,53.5081055],[50.3795799,53.5081306],[50.3794411,53.5081708],[50.3794205,53.5081457]]]},"properties":{"id":"24f159c0-c439-49c1-9b4b-882459a8528b","source_type":"ml"}},{"type":"Feature","geometry":{"type":"Polygon","coordinates":[[[50.380166,53.5092712],[50.3802187,53.5093837],[50.3801589,53.5093935],[50.3801062,53.5092811],[50.380166,53.5092712]]]},"properties":{"id":"4bf74435-15c6-4e58-876c-2d392986569f","source_type":"ml"}},{"type":"Feature","geometry":{"type":"Polygon","coordinates":[[[50.3799414,53.5085014],[50.3798597,53.5084114],[50.3800313,53.5083563],[50.380113,53.5084463],[50.3799414,53.5085014]]]},"properties":{"id":"ea1c9b76-86ac-43f7-919c-bfadae6c351a","source_type":"osm"}},{"type":"Feature","geometry":{"type":"Polygon","coordinates":[[[50.3796438,53.5102033],[50.3795963,53.5100868],[50.3797733,53.5100613],[50.3798207,53.5101778],[50.3796438,53.5102033]]]},"properties":{"id":"2e4388d7-9eeb-47c3-8b86-f133d199b3ce","source_type":"osm"}},{"type":"Feature","geometry":{"type":"Polygon","coordinates":[[[50.3790592,53.5087739],[50.3790743,53.5088065],[50.3789621,53.5088249],[50.378947,53.5087922],[50.3790592,53.5087739]]]},"properties":{"id":"cd3ce61f-d4e5-4d46-984e-c1e1a483a603","source_type":"ml"}},{"type":"Feature","geometry":{"type":"Polygon","coordinates":[[[50.3770387,53.5298885],[50.3770376,53.5298558],[50.37713,53.5298547],[50.3771311,53.5298874],[50.3770387,53.5298885]]]},"properties":{"id":"1c3469b0-90ad-4dce-9274-379fdad5c65b","source_type":"ml"}},{"type":"Feature","geometry":{"type":"Polygon","coordinates":[[[50.3788038,53.5315253],[50.3788048,53.531458],[50.3789002,53.5314585],[50.3788993,53.5315258],[50.3788038,53.5315253]]]},"properties":{"id":"61e61b2e-d458-48f9-941d-8dc7e4321454","source_type":"osm"}},{"type":"Feature","geometry":{"type":"Polygon","coordinates":[[[50.3781788,53.5314938],[50.3781854,53.5316835],[50.3781038,53.5316845],[50.3780971,53.5314949],[50.3781788,53.5314938]]]},"properties":{"id":"6f5b2c48-3c6d-4fb9-a0b4-bffcf541123f","source_type":"ml"}},{"type":"Feature","geometry":{"type":"Polygon","coordinates":[[[50.3579136,53.5248536],[50.3579896,53.5247442],[50.3581295,53.5247785],[50.3581034,53.5248161],[50.3581839,53.5248359],[50.358134,53.5249077],[50.3579136,53.5248536]]]},"properties":{"id":"9b6f9615-fd66-41e7-803e-3d9489fa199b","source_type":"osm"}},{"type":"Feature","geometry":{"type":"Polygon","coordinates":[[[50.3551616,53.5284097],[50.3552131,53.528425],[50.3551638,53.5284837],[50.3551123,53.5284684],[50.3551616,53.5284097]]]},"properties":{"id":"268328bd-63d8-4dd9-9bfd-ae215985edf6","source_type":"ml"}},{"type":"Feature","geometry":{"type":"Polygon","coordinates":[[[50.3568661,53.5255614],[50.3569182,53.5255726],[50.3568976,53.5256064],[50.3568455,53.5255952],[50.3568661,53.5255614]]]},"properties":{"id":"469ae87e-3ad3-4b73-870e-4d250878fb22","source_type":"ml"}},{"type":"Feature","geometry":{"type":"Polygon","coordinates":[[[50.3567427,53.5247779],[50.356767,53.5247261],[50.3568715,53.5247434],[50.3568473,53.5247952],[50.3567427,53.5247779]]]},"properties":{"id":"3b7c8589-4ebd-4073-a5aa-95b798f2f58a","source_type":"ml"}},{"type":"Feature","geometry":{"type":"Polygon","coordinates":[[[50.3555024,53.5238983],[50.3554407,53.5239825],[50.3553039,53.523947],[50.3553656,53.5238629],[50.3555024,53.5238983]]]},"properties":{"id":"868dfebf-ad09-4281-a8ed-7280784a0fa2","source_type":"osm"}},{"type":"Feature","geometry":{"type":"Polygon","coordinates":[[[50.3546639,53.5250569],[50.3546146,53.5251242],[50.3544311,53.5250766],[50.3544804,53.5250094],[50.3546639,53.5250569]]]},"properties":{"id":"e3c08348-627f-42ec-822d-46faec647f39","source_type":"osm"}},{"type":"Feature","geometry":{"type":"Polygon","coordinates":[[[50.3557281,53.5262049],[50.355598,53.526169],[50.3556223,53.5261379],[50.3556425,53.5261435],[50.3557201,53.5260442],[50.3558299,53.5260745],[50.3557281,53.5262049]]]},"properties":{"id":"6e0614d0-ec9c-421d-803a-f67f792f4dbb","source_type":"osm"}},{"type":"Feature","geometry":{"type":"Polygon","coordinates":[[[50.3554057,53.5268251],[50.3553254,53.5267961],[50.3553849,53.5267379],[50.3554652,53.5267669],[50.3554057,53.5268251]]]},"properties":{"id":"7f72e3a5-4133-42f8-a3c5-bce9f5bc3ebf","source_type":"ml"}},{"type":"Feature","geometry":{"type":"Polygon","coordinates":[[[50.3554008,53.5281557],[50.355374,53.5282056],[50.3552523,53.5281825],[50.3552791,53.5281326],[50.3554008,53.5281557]]]},"properties":{"id":"7d0d1a56-9708-4229-9d07-98f15769b67c","source_type":"ml"}},{"type":"Feature","geometry":{"type":"Polygon","coordinates":[[[50.3550268,53.5279495],[50.355036,53.5279088],[50.3551229,53.5279157],[50.3551137,53.5279564],[50.3550268,53.5279495]]]},"properties":{"id":"2758651c-3100-4d88-ba4c-20b96c4fdd2d","source_type":"ml"}},{"type":"Feature","geometry":{"type":"Polygon","coordinates":[[[50.3543425,53.5275655],[50.3543724,53.5275107],[50.3544437,53.5275245],[50.3544137,53.5275792],[50.3543425,53.5275655]]]},"properties":{"id":"35407627-998b-4792-af8b-4391a328a8ee","source_type":"ml"}},{"type":"Feature","geometry":{"type":"Polygon","coordinates":[[[50.3536255,53.527085],[50.3536356,53.5270635],[50.3537202,53.5270774],[50.3537102,53.527099],[50.3536255,53.527085]]]},"properties":{"id":"b132573f-f28f-468d-85fe-0fa07df93ace","source_type":"ml"}},{"type":"Feature","geometry":{"type":"Polygon","coordinates":[[[50.3531092,53.5263595],[50.3532267,53.5263857],[50.3532126,53.5264081],[50.3530951,53.5263819],[50.3531092,53.5263595]]]},"properties":{"id":"ec796808-c0ad-4aa6-9318-44e41af06374","source_type":"ml"}},{"type":"Feature","geometry":{"type":"Polygon","coordinates":[[[50.3536271,53.5263553],[50.3535732,53.5263366],[50.3535966,53.5263128],[50.3536505,53.5263316],[50.3536271,53.5263553]]]},"properties":{"id":"37fea02b-ae63-49c4-9a81-931751c2413a","source_type":"ml"}},{"type":"Feature","geometry":{"type":"Polygon","coordinates":[[[50.3543079,53.5262698],[50.3543505,53.5261955],[50.3544178,53.5262091],[50.3543752,53.5262834],[50.3543079,53.5262698]]]},"properties":{"id":"5a9beefa-e64f-47ae-828a-c1a3cf9eea36","source_type":"ml"}},{"type":"Feature","geometry":{"type":"Polygon","coordinates":[[[50.3522146,53.5248275],[50.3521818,53.5249647],[50.3519559,53.5249456],[50.3519887,53.5248084],[50.3522146,53.5248275]]]},"properties":{"id":"a5a89c10-dd37-4b0d-9df0-9f9b40266ec5","source_type":"osm"}},{"type":"Feature","geometry":{"type":"Polygon","coordinates":[[[50.3516935,53.5259366],[50.351547,53.5258967],[50.3516322,53.5257861],[50.3517787,53.5258259],[50.3516935,53.5259366]]]},"properties":{"id":"4c4b2904-db56-4a31-aa8d-d26aeeca458f","source_type":"osm"}},{"type":"Feature","geometry":{"type":"Polygon","coordinates":[[[50.3521634,53.5276708],[50.3521164,53.5276585],[50.3521823,53.5275699],[50.3522259,53.5275813],[50.352237,53.5275664],[50.3523482,53.5275956],[50.3523134,53.5276423],[50.3523339,53.5276477],[50.3523082,53.5276823],[50.352281,53.5276751],[50.3522516,53.5277147],[50.3521505,53.5276882],[50.3521634,53.5276708]]]},"properties":{"id":"ad702cb5-0acb-45fb-abc8-b9e884d3a6f2","source_type":"osm"}},{"type":"Feature","geometry":{"type":"Polygon","coordinates":[[[50.351721,53.5275811],[50.3516842,53.5275711],[50.3517769,53.5274495],[50.3518216,53.5274615],[50.3518377,53.5274403],[50.3519607,53.5274734],[50.3518373,53.5276353],[50.3517065,53.5276],[50.351721,53.5275811]]]},"properties":{"id":"52c3ef52-0020-472d-b064-a18d79b37403","source_type":"osm"}},{"type":"Feature","geometry":{"type":"Polygon","coordinates":[[[50.3517825,53.5279819],[50.3515646,53.5279207],[50.3516542,53.527808],[50.3518721,53.5278693],[50.3517825,53.5279819]]]},"properties":{"id":"5dbb4ee3-700f-4098-8717-2845ebc2ce4d","source_type":"osm"}},{"type":"Feature","geometry":{"type":"Polygon","coordinates":[[[50.352228,53.5283958],[50.3523752,53.5281285],[50.3524866,53.5281502],[50.3523395,53.5284175],[50.352228,53.5283958]]]},"properties":{"id":"9209596f-716d-44dc-8848-4ef98e66df40","source_type":"ml"}},{"type":"Feature","geometry":{"type":"Polygon","coordinates":[[[50.3205684,53.5277737],[50.3204137,53.5278124],[50.320361,53.5277379],[50.3205156,53.5276992],[50.3205684,53.5277737]]]},"properties":{"id":"57a8082a-fd11-4935-bb4e-7ac259cd12f8","source_type":"osm"}},{"type":"Feature","geometry":{"type":"Polygon","coordinates":[[[50.3208437,53.5290041],[50.3205666,53.5290688],[50.320504,53.528974],[50.3207812,53.5289093],[50.3208437,53.5290041]]]},"properties":{"id":"0e74b5e4-0c43-4d53-b4d3-be616f4058ca","source_type":"osm"}},{"type":"Feature","geometry":{"type":"Polygon","coordinates":[[[50.3509315,53.528377],[50.3508171,53.5283513],[50.3508706,53.5282671],[50.3511667,53.5283336],[50.3511352,53.5283832],[50.3509536,53.5283423],[50.3509315,53.528377]]]},"properties":{"id":"322a3ecc-f7b2-4d0a-8b07-0bafe5d16b4a","source_type":"osm"}},{"type":"Feature","geometry":{"type":"Polygon","coordinates":[[[50.3508431,53.5266371],[50.3509508,53.526653],[50.3508967,53.5267827],[50.350789,53.5267669],[50.3508431,53.5266371]]]},"properties":{"id":"628ff6d7-dd54-4915-8855-e564063d626f","source_type":"ml"}},{"type":"Feature","geometry":{"type":"Polygon","coordinates":[[[50.3514882,53.5269874],[50.3513945,53.5269647],[50.3515167,53.5267872],[50.3516103,53.5268099],[50.3514882,53.5269874]]]},"properties":{"id":"bcd59c15-e655-4933-8efb-8228b5db3cdb","source_type":"osm"}},{"type":"Feature","geometry":{"type":"Polygon","coordinates":[[[50.3509034,53.5246221],[50.3509761,53.5245815],[50.3510444,53.5246248],[50.3509716,53.5246653],[50.3509034,53.5246221]]]},"properties":{"id":"48b15d56-322a-444d-898c-6e738060efc4","source_type":"ml"}},{"type":"Feature","geometry":{"type":"Polygon","coordinates":[[[50.3508687,53.5246066],[50.3508133,53.524542],[50.3509028,53.5245149],[50.3509581,53.5245795],[50.3508687,53.5246066]]]},"properties":{"id":"49da7321-760a-4904-b476-3ac0ec349ede","source_type":"ml"}},{"type":"Feature","geometry":{"type":"Polygon","coordinates":[[[50.3499033,53.5258759],[50.3498885,53.5259292],[50.34984,53.5259244],[50.3498548,53.5258711],[50.3499033,53.5258759]]]},"properties":{"id":"7f3097fb-552a-4b5e-b784-f1b3838ef3ae","source_type":"ml"}},{"type":"Feature","geometry":{"type":"Polygon","coordinates":[[[50.3507436,53.5271163],[50.350505,53.5270591],[50.35059,53.5269339],[50.3508285,53.526991],[50.3507436,53.5271163]]]},"properties":{"id":"47b808af-c604-4501-b3b5-75b648422555","source_type":"osm"}},{"type":"Feature","geometry":{"type":"Polygon","coordinates":[[[50.3496712,53.5254653],[50.3494828,53.5254194],[50.3495318,53.5253484],[50.3497554,53.5254029],[50.3497343,53.5254335],[50.3496991,53.5254249],[50.3496712,53.5254653]]]},"properties":{"id":"fca9d8b0-a3ce-4bb1-ac7a-818719fa7ced","source_type":"osm"}},{"type":"Feature","geometry":{"type":"Polygon","coordinates":[[[50.3482953,53.5263117],[50.3483192,53.5262806],[50.3484102,53.5263053],[50.3483863,53.5263364],[50.3482953,53.5263117]]]},"properties":{"id":"5a192e96-cbc4-4652-862f-8a882238385e","source_type":"ml"}},{"type":"Feature","geometry":{"type":"Polygon","coordinates":[[[50.3484131,53.5279461],[50.3486264,53.5279912],[50.3486383,53.5279714],[50.3487868,53.5280028],[50.3487504,53.5280637],[50.3483885,53.5279871],[50.3484131,53.5279461]]]},"properties":{"id":"fb8067c6-2a82-4b76-a22d-269045b5526d","source_type":"ml"}},{"type":"Feature","geometry":{"type":"Polygon","coordinates":[[[50.3493544,53.5298771],[50.3494207,53.529851],[50.3494738,53.5298987],[50.3494075,53.5299247],[50.3493544,53.5298771]]]},"properties":{"id":"a526d8ad-e6cb-4bb1-b7e2-f53ae877f5b9","source_type":"ml"}},{"type":"Feature","geometry":{"type":"Polygon","coordinates":[[[50.3470789,53.5299745],[50.3471676,53.5300062],[50.3471203,53.530053],[50.3470316,53.5300214],[50.3470789,53.5299745]]]},"properties":{"id":"2252ad46-77a8-4d24-a72d-f3e1c302a388","source_type":"ml"}},{"type":"Feature","geometry":{"type":"Polygon","coordinates":[[[50.3468268,53.5269128],[50.3467786,53.526802],[50.3467791,53.5267932],[50.3467844,53.5267851],[50.346794,53.5267785],[50.3468068,53.5267742],[50.3468212,53.5267727],[50.3468357,53.5267742],[50.3468485,53.5267784],[50.3468576,53.5267845],[50.3468725,53.5268229],[50.346911,53.5268177],[50.3468852,53.5267506],[50.3469759,53.5267383],[50.3470376,53.5268983],[50.3470343,53.5269049],[50.3470277,53.5269102],[50.3470186,53.5269141],[50.3470079,53.526916],[50.3469967,53.5269158],[50.3469862,53.5269134],[50.3469776,53.5269092],[50.3469717,53.5269035],[50.3469664,53.5268914],[50.3468268,53.5269128]]]},"properties":{"id":"9b7d867c-39a1-4f40-a089-d465d5be5510","source_type":"osm"}},{"type":"Feature","geometry":{"type":"Polygon","coordinates":[[[50.3463693,53.5274111],[50.3462292,53.5273864],[50.3462871,53.5272705],[50.3464271,53.5272952],[50.3463693,53.5274111]]]},"properties":{"id":"edd8473e-b1a4-4340-8b18-50380f19e939","source_type":"osm"}},{"type":"Feature","geometry":{"type":"Polygon","coordinates":[[[50.3456897,53.5314295],[50.3457492,53.5314396],[50.3457322,53.5314749],[50.3456727,53.5314648],[50.3456897,53.5314295]]]},"properties":{"id":"cd0c0a66-c5b5-4210-b724-a28d6907036c","source_type":"ml"}},{"type":"Feature","geometry":{"type":"Polygon","coordinates":[[[50.3436693,53.5300754],[50.3435128,53.5300289],[50.3435922,53.5299345],[50.3437487,53.5299811],[50.3436693,53.5300754]]]},"properties":{"id":"2b4bdd70-1cf4-49fa-97dd-92c7cd55db5a","source_type":"osm"}},{"type":"Feature","geometry":{"type":"Polygon","coordinates":[[[50.3429312,53.5270033],[50.3430001,53.5269272],[50.34305,53.5269431],[50.3429811,53.5270193],[50.3429312,53.5270033]]]},"properties":{"id":"e854c4b9-9a20-4e00-9c9a-08ef39ead60d","source_type":"ml"}},{"type":"Feature","geometry":{"type":"Polygon","coordinates":[[[50.3435844,53.5271243],[50.343597,53.5270892],[50.3436791,53.5270997],[50.3436665,53.5271347],[50.3435844,53.5271243]]]},"properties":{"id":"cf0c5314-f6ee-4633-b044-7e977f675e51","source_type":"ml"}},{"type":"Feature","geometry":{"type":"Polygon","coordinates":[[[50.3419536,53.5257305],[50.3420533,53.525659],[50.3422404,53.5257511],[50.3422809,53.525722],[50.3422359,53.5256999],[50.3423867,53.5255917],[50.3425608,53.5256775],[50.3422698,53.5258863],[50.3419536,53.5257305]]]},"properties":{"id":"9e42736c-15c3-497f-906f-318a3de02901","source_type":"osm"}},{"type":"Feature","geometry":{"type":"Polygon","coordinates":[[[50.3424576,53.5262535],[50.342363,53.5262076],[50.3424527,53.5261423],[50.3425472,53.5261882],[50.3424576,53.5262535]]]},"properties":{"id":"bf32e5ee-566c-4385-b5e6-db111b2cf4ed","source_type":"osm"}},{"type":"Feature","geometry":{"type":"Polygon","coordinates":[[[50.3422067,53.526825],[50.342287,53.5268339],[50.3422575,53.526927],[50.3421772,53.526918],[50.3422067,53.526825]]]},"properties":{"id":"6c21a623-6ea2-45e6-96a2-da58aae405d5","source_type":"ml"}},{"type":"Feature","geometry":{"type":"Polygon","coordinates":[[[50.3406153,53.5312771],[50.340494,53.5312592],[50.3405182,53.5312012],[50.3406395,53.5312191],[50.3406153,53.5312771]]]},"properties":{"id":"1ffdd91d-1a28-4afb-8e56-eba078d1e13f","source_type":"ml"}},{"type":"Feature","geometry":{"type":"Polygon","coordinates":[[[50.3376127,53.527501],[50.3374951,53.5274697],[50.3375356,53.5274161],[50.3376532,53.5274474],[50.3376127,53.527501]]]},"properties":{"id":"efb51e62-bb2f-457b-9343-ea651f5fe0a8","source_type":"ml"}},{"type":"Feature","geometry":{"type":"Polygon","coordinates":[[[50.3380203,53.5298058],[50.3379774,53.5297958],[50.3380062,53.5297521],[50.3380492,53.5297621],[50.3380203,53.5298058]]]},"properties":{"id":"2b95f02d-a68b-4700-a9ed-d93eac174265","source_type":"ml"}},{"type":"Feature","geometry":{"type":"Polygon","coordinates":[[[50.3235192,53.5312417],[50.3233125,53.5313097],[50.3232198,53.53121],[50.3234265,53.5311421],[50.3235192,53.5312417]]]},"properties":{"id":"5bf54645-cd21-402b-a37d-7d23de8496e8","source_type":"osm"}},{"type":"Feature","geometry":{"type":"Polygon","coordinates":[[[50.3238332,53.5316425],[50.3236737,53.5316938],[50.3235856,53.531597],[50.3237451,53.5315457],[50.3238332,53.5316425]]]},"properties":{"id":"06a87c30-4808-4a1b-87b9-55e3f6d628fa","source_type":"osm"}},{"type":"Feature","geometry":{"type":"Polygon","coordinates":[[[50.3228292,53.5313138],[50.3226334,53.5313785],[50.3225635,53.5313038],[50.3227593,53.5312391],[50.3228292,53.5313138]]]},"properties":{"id":"7b15edef-42a0-48a6-8c4d-1dba67c1c349","source_type":"osm"}},{"type":"Feature","geometry":{"type":"Polygon","coordinates":[[[50.3217066,53.5302726],[50.3216138,53.5301436],[50.3217574,53.5301071],[50.3218502,53.5302361],[50.3217066,53.5302726]]]},"properties":{"id":"380af99d-e811-4342-8992-ae05e8132aa3","source_type":"osm"}},{"type":"Feature","geometry":{"type":"Polygon","coordinates":[[[50.3253127,53.5040256],[50.3253993,53.5040179],[50.3254155,53.5040825],[50.3253289,53.5040902],[50.3253127,53.5040256]]]},"properties":{"id":"6b764adc-1533-4930-936d-e1868c63d7a0","source_type":"ml"}},{"type":"Feature","geometry":{"type":"Polygon","coordinates":[[[50.3250501,53.5028516],[50.3250343,53.5027615],[50.3252694,53.502747],[50.3252851,53.5028361],[50.3252142,53.5028405],[50.3252212,53.5028805],[50.3251225,53.5028867],[50.3251156,53.5028476],[50.3250501,53.5028516]]]},"properties":{"id":"abe96956-ecc5-4818-a499-053017021206","source_type":"osm"}},{"type":"Feature","geometry":{"type":"Polygon","coordinates":[[[50.3253071,53.502802],[50.325299,53.5026921],[50.3253943,53.5026896],[50.3254024,53.5027995],[50.3253071,53.502802]]]},"properties":{"id":"bd8015ae-f265-41f1-8adb-fa112668aeb7","source_type":"ml"}},{"type":"Feature","geometry":{"type":"Polygon","coordinates":[[[50.3253055,53.5065384],[50.3252709,53.5065367],[50.3252878,53.5064131],[50.3254024,53.5064187],[50.3253966,53.5064608],[50.3253487,53.5064585],[50.3253439,53.5064933],[50.3253652,53.5064944],[50.3253593,53.5065378],[50.3253406,53.5065369],[50.3253362,53.5065686],[50.3253016,53.5065669],[50.3253055,53.5065384]]]},"properties":{"id":"b7d6b416-3f7a-453b-88aa-f438159f28b3","source_type":"ml"}},{"type":"Feature","geometry":{"type":"Polygon","coordinates":[[[50.3236845,53.5032219],[50.3236279,53.5031113],[50.3237551,53.5030883],[50.323786,53.5031485],[50.3238231,53.5031418],[50.3238489,53.5031921],[50.3236845,53.5032219]]]},"properties":{"id":"178d05a6-c839-4b7e-b3b9-b802cd3c5784","source_type":"osm"}},{"type":"Feature","geometry":{"type":"Polygon","coordinates":[[[50.3222527,53.5040763],[50.3222373,53.5040016],[50.3224175,53.5039885],[50.3224329,53.5040632],[50.3222527,53.5040763]]]},"properties":{"id":"e22f033b-2b34-4af0-9016-404ec894ef0d","source_type":"osm"}},{"type":"Feature","geometry":{"type":"Polygon","coordinates":[[[50.3229468,53.5010923],[50.322828,53.5007593],[50.323023,53.5007347],[50.3231418,53.5010676],[50.3229468,53.5010923]]]},"properties":{"id":"571e144c-290c-44b3-bb0e-916a791d0697","source_type":"osm"}},{"type":"Feature","geometry":{"type":"Polygon","coordinates":[[[50.3289612,53.5036048],[50.3289495,53.5035138],[50.3291947,53.5035027],[50.3292099,53.5036215],[50.3291418,53.5036246],[50.3291382,53.5035967],[50.3289612,53.5036048]]]},"properties":{"id":"72668dec-dfb0-47ab-bd2e-707d7dbedc0b","source_type":"osm"}},{"type":"Feature","geometry":{"type":"Polygon","coordinates":[[[50.3310032,53.5029736],[50.3309973,53.5028923],[50.33111,53.5028894],[50.3311159,53.5029707],[50.3310032,53.5029736]]]},"properties":{"id":"cb0206a3-8947-4459-891a-17875da7c63f","source_type":"osm"}},{"type":"Feature","geometry":{"type":"Polygon","coordinates":[[[50.3304095,53.5034765],[50.3304014,53.5033882],[50.3306961,53.5033785],[50.3307042,53.5034668],[50.3304095,53.5034765]]]},"properties":{"id":"0feb2eb4-b622-4146-b784-b33cb2078a6a","source_type":"osm"}},{"type":"Feature","geometry":{"type":"Polygon","coordinates":[[[50.3313977,53.5029449],[50.3313904,53.5028756],[50.3315742,53.5028687],[50.3315814,53.5029381],[50.3313977,53.5029449]]]},"properties":{"id":"b6548999-407e-4df3-a05c-4794434dc580","source_type":"osm"}},{"type":"Feature","geometry":{"type":"Polygon","coordinates":[[[50.3330243,53.5034571],[50.3330061,53.5032895],[50.3332184,53.5032814],[50.333227,53.5033597],[50.3330755,53.5033656],[50.3330853,53.5034548],[50.3330243,53.5034571]]]},"properties":{"id":"b89b6a5f-9082-41f2-a350-73b6e9a2b8f9","source_type":"osm"}},{"type":"Feature","geometry":{"type":"Polygon","coordinates":[[[50.3358563,53.503337],[50.3358664,53.503258],[50.3359241,53.5032606],[50.3359261,53.503245],[50.3360319,53.5032498],[50.3360199,53.5033443],[50.3358563,53.503337]]]},"properties":{"id":"9af93446-3238-4cbf-ae89-9c976df8e9e0","source_type":"osm"}},{"type":"Feature","geometry":{"type":"Polygon","coordinates":[[[50.3354492,53.5033371],[50.3354561,53.5034431],[50.335393,53.5034446],[50.3353861,53.5033386],[50.3354492,53.5033371]]]},"properties":{"id":"65fa4322-7f10-4211-86e1-57e5175fdece","source_type":"ml"}},{"type":"Feature","geometry":{"type":"Polygon","coordinates":[[[50.3355134,53.5032897],[50.3355134,53.5032437],[50.335662,53.5032437],[50.335662,53.5033562],[50.3354931,53.5033561],[50.3354931,53.5032897],[50.3355134,53.5032897]]]},"properties":{"id":"2f45b1be-22c5-4a6d-b55a-e11845ba40bd","source_type":"osm"}},{"type":"Feature","geometry":{"type":"Polygon","coordinates":[[[50.3344838,53.5007314],[50.3344853,53.5006349],[50.3347048,53.5006361],[50.3347033,53.5007326],[50.3344838,53.5007314]]]},"properties":{"id":"a4887727-c15e-4c71-8d26-35dca2d24232","source_type":"osm"}},{"type":"Feature","geometry":{"type":"Polygon","coordinates":[[[50.3412761,53.5006857],[50.341377,53.5006843],[50.3413796,53.5007545],[50.3412788,53.5007558],[50.3412761,53.5006857]]]},"properties":{"id":"9542b72a-48d3-4442-b08d-5660b7ee1cbd","source_type":"ml"}},{"type":"Feature","geometry":{"type":"Polygon","coordinates":[[[50.3420329,53.5025131],[50.3421347,53.5025103],[50.3421379,53.5025517],[50.3420362,53.5025545],[50.3420329,53.5025131]]]},"properties":{"id":"0320c979-f4fc-4e0e-9202-4e5556228a77","source_type":"ml"}},{"type":"Feature","geometry":{"type":"Polygon","coordinates":[[[50.3421539,53.5032948],[50.3422598,53.5032973],[50.3422539,53.5033856],[50.342148,53.5033831],[50.3421539,53.5032948]]]},"properties":{"id":"06a40aa8-918c-45cc-8c79-1ac4a50dd376","source_type":"ml"}},{"type":"Feature","geometry":{"type":"Polygon","coordinates":[[[50.3437154,53.5025095],[50.3437193,53.5026227],[50.3436496,53.5026236],[50.3436457,53.5025104],[50.3437154,53.5025095]]]},"properties":{"id":"0cea6cfb-94f8-463d-88e9-515ce3dc4a9f","source_type":"ml"}},{"type":"Feature","geometry":{"type":"Polygon","coordinates":[[[50.3433795,53.5032167],[50.3433749,53.5033211],[50.3433347,53.5033205],[50.3433324,53.5033715],[50.3432439,53.5033701],[50.3432443,53.5033621],[50.3431049,53.5033599],[50.3431072,53.5033082],[50.3432814,53.5033109],[50.3432857,53.5032153],[50.3433795,53.5032167]]]},"properties":{"id":"bac84dc4-a268-4c8b-8504-7f7a218c6932","source_type":"ml"}},{"type":"Feature","geometry":{"type":"Polygon","coordinates":[[[50.3412243,53.5026642],[50.3411572,53.5026635],[50.3411583,53.5026294],[50.3412253,53.5026301],[50.3412243,53.5026642]]]},"properties":{"id":"f026686b-5292-4229-8958-9eb71bf6d86c","source_type":"ml"}},{"type":"Feature","geometry":{"type":"Polygon","coordinates":[[[50.3412241,53.5034134],[50.3413725,53.5034172],[50.3413442,53.5038026],[50.3412451,53.5038],[50.341269,53.5034752],[50.3412196,53.5034739],[50.3412241,53.5034134]]]},"properties":{"id":"0b29b178-e391-4916-b72d-3814541191dd","source_type":"ml"}},{"type":"Feature","geometry":{"type":"Polygon","coordinates":[[[50.3401327,53.5026958],[50.3401889,53.5026948],[50.3401917,53.5027506],[50.3401354,53.5027516],[50.3401327,53.5026958]]]},"properties":{"id":"b678be25-3f4c-4863-afe4-aec4fd10ef60","source_type":"ml"}},{"type":"Feature","geometry":{"type":"Polygon","coordinates":[[[50.3384354,53.5036562],[50.3384287,53.5037341],[50.3383885,53.5037329],[50.3383953,53.503655],[50.3384354,53.5036562]]]},"properties":{"id":"27e60f38-3bf1-4f4f-bddf-ec823b1a1ea4","source_type":"ml"}},{"type":"Feature","geometry":{"type":"Polygon","coordinates":[[[50.3392155,53.5024187],[50.3392125,53.5024521],[50.3390696,53.5024476],[50.3390726,53.5024142],[50.3392155,53.5024187]]]},"properties":{"id":"81bfaddc-117f-4c57-a803-b40b9d12b420","source_type":"ml"}},{"type":"Feature","geometry":{"type":"Polygon","coordinates":[[[50.3395892,53.503476],[50.3394899,53.5034752],[50.3394919,53.5033944],[50.339418,53.5033938],[50.3394191,53.5033507],[50.3395531,53.5033518],[50.3395521,53.5033943],[50.3395911,53.5033947],[50.3395892,53.503476]]]},"properties":{"id":"106992ba-2644-4beb-9fac-293d68f2f454","source_type":"ml"}},{"type":"Feature","geometry":{"type":"Polygon","coordinates":[[[50.3398544,53.5035848],[50.3398558,53.5036891],[50.3398009,53.5036894],[50.3397995,53.5035851],[50.3398544,53.5035848]]]},"properties":{"id":"024a1bb1-8149-4701-a11d-c6f9a8b67532","source_type":"ml"}},{"type":"Feature","geometry":{"type":"Polygon","coordinates":[[[50.3365963,53.5025121],[50.3365982,53.5025919],[50.3365124,53.5025926],[50.3365105,53.5025128],[50.3365963,53.5025121]]]},"properties":{"id":"b4228c56-987e-47ff-a455-4b84404c7bbd","source_type":"ml"}},{"type":"Feature","geometry":{"type":"Polygon","coordinates":[[[50.3380286,53.5023793],[50.3380902,53.5023808],[50.3380867,53.5024343],[50.3380251,53.5024329],[50.3380286,53.5023793]]]},"properties":{"id":"c1bd22f6-cade-4246-acc7-810aa7391f26","source_type":"ml"}},{"type":"Feature","geometry":{"type":"Polygon","coordinates":[[[50.3377538,53.5033553],[50.3377561,53.5034765],[50.3376703,53.503477],[50.337668,53.5033558],[50.3377538,53.5033553]]]},"properties":{"id":"c9d6d5a0-ff23-41ef-981e-ff52ad033bb4","source_type":"ml"}},{"type":"Feature","geometry":{"type":"Polygon","coordinates":[[[50.3374561,53.503353],[50.3374535,53.5032321],[50.3375714,53.5032312],[50.3375739,53.5033521],[50.3374561,53.503353]]]},"properties":{"id":"8e8a8dc0-9fa1-4868-806b-7cc8a5e3d546","source_type":"osm"}},{"type":"Feature","geometry":{"type":"Polygon","coordinates":[[[50.344904,53.5036686],[50.3449016,53.5036208],[50.3450302,53.5036185],[50.3450326,53.5036663],[50.344904,53.5036686]]]},"properties":{"id":"3b2de2f2-9a40-451a-a045-20157a3b77ce","source_type":"ml"}},{"type":"Feature","geometry":{"type":"Polygon","coordinates":[[[50.3454957,53.5025057],[50.3453331,53.5025066],[50.3453306,53.5023555],[50.3454932,53.5023546],[50.3454957,53.5025057]]]},"properties":{"id":"8dc54984-5a8b-4620-9771-dc4d4d246d2e","source_type":"osm"}},{"type":"Feature","geometry":{"type":"Polygon","coordinates":[[[50.3455142,53.5026436],[50.3457305,53.5026353],[50.3457372,53.5026965],[50.3455209,53.5027048],[50.3455142,53.5026436]]]},"properties":{"id":"aaaf7c10-18c4-480d-a8d5-5c94e0858b16","source_type":"ml"}},{"type":"Feature","geometry":{"type":"Polygon","coordinates":[[[50.3445641,53.501941],[50.3443503,53.5019371],[50.3443549,53.5018467],[50.3445687,53.5018505],[50.3445641,53.501941]]]},"properties":{"id":"f5d3189d-1eb8-492b-9d51-9fc07b95f4fa","source_type":"osm"}},{"type":"Feature","geometry":{"type":"Polygon","coordinates":[[[50.3464211,53.5010132],[50.3464261,53.5009328],[50.3465082,53.5009346],[50.3465031,53.501015],[50.3464211,53.5010132]]]},"properties":{"id":"2b9700df-5224-4117-bf83-7e406bcf8578","source_type":"ml"}},{"type":"Feature","geometry":{"type":"Polygon","coordinates":[[[50.3548835,53.5049387],[50.3548314,53.5049903],[50.3546993,53.5049432],[50.3547513,53.5048915],[50.3548835,53.5049387]]]},"properties":{"id":"3a095db4-1b3a-46c9-b9f5-029f9448e653","source_type":"osm"}},{"type":"Feature","geometry":{"type":"Polygon","coordinates":[[[50.3521638,53.5043857],[50.3519788,53.5043898],[50.3519749,53.5043282],[50.3521599,53.504324],[50.3521638,53.5043857]]]},"properties":{"id":"a68e61a6-fc35-4824-b028-bdf5d54b7156","source_type":"osm"}},{"type":"Feature","geometry":{"type":"Polygon","coordinates":[[[50.3535945,53.5075178],[50.353413,53.5075294],[50.3533997,53.5074549],[50.3535811,53.5074433],[50.3535945,53.5075178]]]},"properties":{"id":"cd1f24a9-0f05-468d-ad81-4bd4bb83c22e","source_type":"osm"}},{"type":"Feature","geometry":{"type":"Polygon","coordinates":[[[50.3548033,53.5082323],[50.3547419,53.5081844],[50.3548758,53.5081236],[50.3549372,53.5081715],[50.3548033,53.5082323]]]},"properties":{"id":"8378b007-84aa-4e2a-9fc9-1cb081710186","source_type":"osm"}},{"type":"Feature","geometry":{"type":"Polygon","coordinates":[[[50.3556991,53.5077014],[50.3555591,53.5077662],[50.355493,53.5077157],[50.3556331,53.5076509],[50.3556991,53.5077014]]]},"properties":{"id":"3b8e6055-932c-446b-82c1-bacb74c0c310","source_type":"osm"}},{"type":"Feature","geometry":{"type":"Polygon","coordinates":[[[50.3559063,53.508853],[50.3557897,53.5087664],[50.3558734,53.5087265],[50.3559901,53.5088131],[50.3559063,53.508853]]]},"properties":{"id":"dd075892-7401-43be-abee-e8fca48e3883","source_type":"osm"}},{"type":"Feature","geometry":{"type":"Polygon","coordinates":[[[50.3563275,53.5092557],[50.3562475,53.5092955],[50.3561521,53.5092277],[50.3562321,53.5091879],[50.3563275,53.5092557]]]},"properties":{"id":"38d71e51-1f20-4bb6-9b20-90b0ea525b13","source_type":"osm"}},{"type":"Feature","geometry":{"type":"Polygon","coordinates":[[[50.3561856,53.5086917],[50.3560935,53.5086236],[50.3561634,53.5085902],[50.3562554,53.5086584],[50.3561856,53.5086917]]]},"properties":{"id":"32f4b42e-63a7-4cfb-9764-0a99feeab353","source_type":"osm"}},{"type":"Feature","geometry":{"type":"Polygon","coordinates":[[[50.3569545,53.5129317],[50.3569496,53.5130751],[50.356593,53.5130708],[50.3565957,53.5129895],[50.3566333,53.51299],[50.3566354,53.5129278],[50.3569545,53.5129317]]]},"properties":{"id":"1a96a01e-bafe-487b-885a-5fd1eaec380a","source_type":"ml"}},{"type":"Feature","geometry":{"type":"Polygon","coordinates":[[[50.3554566,53.5231427],[50.3554861,53.5231006],[50.355541,53.5231141],[50.3555115,53.5231563],[50.3554566,53.5231427]]]},"properties":{"id":"5c6392ec-5c03-4c8e-9693-720e066c799a","source_type":"ml"}},{"type":"Feature","geometry":{"type":"Polygon","coordinates":[[[50.3599554,53.5168283],[50.3600044,53.516846],[50.3599604,53.5168891],[50.3599114,53.5168714],[50.3599554,53.5168283]]]},"properties":{"id":"304d4278-722e-4af2-b198-921db71fe0e7","source_type":"ml"}},{"type":"Feature","geometry":{"type":"Polygon","coordinates":[[[50.3589683,53.5182378],[50.3589967,53.5182933],[50.3588592,53.5183181],[50.3588308,53.5182627],[50.3589683,53.5182378]]]},"properties":{"id":"34791892-501b-42b7-a013-8f422100df06","source_type":"ml"}},{"type":"Feature","geometry":{"type":"Polygon","coordinates":[[[50.3571897,53.5230142],[50.3572504,53.5229271],[50.3573305,53.5229468],[50.3572698,53.5230339],[50.3571897,53.5230142]]]},"properties":{"id":"32c8a382-cffc-40d0-b498-bcb4deac6be2","source_type":"ml"}},{"type":"Feature","geometry":{"type":"Polygon","coordinates":[[[50.3583966,53.5233028],[50.358455,53.5232247],[50.3586067,53.5232648],[50.3585878,53.5232902],[50.3586795,53.5233144],[50.3586401,53.5233672],[50.3583966,53.5233028]]]},"properties":{"id":"63363b99-780e-4e2b-91b5-d6e4994a4eff","source_type":"osm"}},{"type":"Feature","geometry":{"type":"Polygon","coordinates":[[[50.3599198,53.5222901],[50.3599917,53.5220853],[50.3600544,53.5220931],[50.3599826,53.5222979],[50.3599198,53.5222901]]]},"properties":{"id":"e3a92195-a876-4ef2-a1cf-bf912e332445","source_type":"ml"}},{"type":"Feature","geometry":{"type":"Polygon","coordinates":[[[50.3613361,53.517651],[50.3613986,53.5176311],[50.3614836,53.5177251],[50.3614212,53.5177451],[50.3613361,53.517651]]]},"properties":{"id":"ec69922e-9630-4fb2-9af1-7b0aa6ffe747","source_type":"ml"}},{"type":"Feature","geometry":{"type":"Polygon","coordinates":[[[50.3602059,53.5163068],[50.3603578,53.5163288],[50.36031,53.5164456],[50.3602062,53.5164306],[50.3602136,53.5164125],[50.3601655,53.5164056],[50.3602059,53.5163068]]]},"properties":{"id":"3c9e665f-20fc-4013-b140-e20150210742","source_type":"ml"}},{"type":"Feature","geometry":{"type":"Polygon","coordinates":[[[50.3626505,53.5145925],[50.3625214,53.5145633],[50.3625841,53.514465],[50.3627132,53.5144941],[50.3626505,53.5145925]]]},"properties":{"id":"b56da1c8-e8b4-46dd-a0bf-b2eca60dee73","source_type":"osm"}},{"type":"Feature","geometry":{"type":"Polygon","coordinates":[[[50.3617312,53.5139746],[50.3616825,53.5138837],[50.3618422,53.5138534],[50.3618584,53.5138837],[50.3619016,53.5138755],[50.3619341,53.5139362],[50.3617312,53.5139746]]]},"properties":{"id":"e9e7961e-7bcb-4dff-92d6-c321aad4592d","source_type":"osm"}},{"type":"Feature","geometry":{"type":"Polygon","coordinates":[[[50.3614817,53.5136799],[50.3614971,53.5137232],[50.3614509,53.513729],[50.3614355,53.5136857],[50.3614817,53.5136799]]]},"properties":{"id":"704d564b-3c50-428c-8ec6-e32131426927","source_type":"ml"}},{"type":"Feature","geometry":{"type":"Polygon","coordinates":[[[50.362416,53.5137006],[50.362384,53.5136542],[50.3624689,53.5136335],[50.3625009,53.5136799],[50.362416,53.5137006]]]},"properties":{"id":"2bd7e390-6c3c-44b5-b48a-8fd3f5bdba87","source_type":"ml"}},{"type":"Feature","geometry":{"type":"Polygon","coordinates":[[[50.3608911,53.5106652],[50.3608114,53.5105914],[50.3610113,53.510515],[50.361091,53.5105888],[50.3608911,53.5106652]]]},"properties":{"id":"acb3ef94-3332-4735-bc40-c2f302c40e60","source_type":"osm"}},{"type":"Feature","geometry":{"type":"Polygon","coordinates":[[[50.3590228,53.5135936],[50.358945,53.5135474],[50.3589973,53.5135163],[50.3590751,53.5135625],[50.3590228,53.5135936]]]},"properties":{"id":"b15e5066-1250-4b85-86bf-826a5e8f27d4","source_type":"ml"}},{"type":"Feature","geometry":{"type":"Polygon","coordinates":[[[50.359632,53.5116099],[50.3595111,53.5116745],[50.3594196,53.5116139],[50.3595404,53.5115493],[50.359632,53.5116099]]]},"properties":{"id":"3fa84ac4-9749-4dbb-9e23-5986de45246a","source_type":"osm"}},{"type":"Feature","geometry":{"type":"Polygon","coordinates":[[[50.3592189,53.5091884],[50.359118,53.5092485],[50.3589893,53.5091721],[50.3590903,53.509112],[50.3592189,53.5091884]]]},"properties":{"id":"40ad83f1-a30d-40f7-95a7-5fe794791e70","source_type":"osm"}},{"type":"Feature","geometry":{"type":"Polygon","coordinates":[[[50.3668061,53.5123752],[50.3667133,53.512288],[50.3667769,53.512264],[50.366764,53.5122519],[50.3668753,53.51221],[50.3669811,53.5123094],[50.3668061,53.5123752]]]},"properties":{"id":"9d947ea1-05ff-4a36-9434-f5d84a60e876","source_type":"osm"}},{"type":"Feature","geometry":{"type":"Polygon","coordinates":[[[50.3680954,53.512767],[50.3681142,53.5128077],[50.368007,53.5128252],[50.3679882,53.5127844],[50.3680954,53.512767]]]},"properties":{"id":"489b5360-6fd5-43eb-a58a-d28834edb500","source_type":"ml"}},{"type":"Feature","geometry":{"type":"Polygon","coordinates":[[[50.3665957,53.5129143],[50.3666608,53.5128629],[50.3667155,53.5128875],[50.3666504,53.5129388],[50.3665957,53.5129143]]]},"properties":{"id":"ef821ed3-0e87-48ac-b06d-0f28aa855980","source_type":"ml"}},{"type":"Feature","geometry":{"type":"Polygon","coordinates":[[[50.3646573,53.5134514],[50.3645801,53.5134044],[50.3646696,53.5133525],[50.3647468,53.5133995],[50.3646573,53.5134514]]]},"properties":{"id":"e885db71-b6bf-4e73-96f3-32c40a226b91","source_type":"osm"}},{"type":"Feature","geometry":{"type":"Polygon","coordinates":[[[50.3642903,53.5131865],[50.3643448,53.5131497],[50.3643826,53.5131695],[50.364328,53.5132063],[50.3642903,53.5131865]]]},"properties":{"id":"d1b88202-55a1-4ebe-a0cf-666d28a23d3a","source_type":"ml"}},{"type":"Feature","geometry":{"type":"Polygon","coordinates":[[[50.3651349,53.5133477],[50.3651096,53.5133306],[50.3651611,53.5133037],[50.3651863,53.5133209],[50.3651349,53.5133477]]]},"properties":{"id":"abfa034f-1ce1-437a-8883-bd8ba10b4bff","source_type":"ml"}},{"type":"Feature","geometry":{"type":"Polygon","coordinates":[[[50.3655517,53.5135911],[50.3656042,53.5136184],[50.3655105,53.513682],[50.365458,53.5136546],[50.3655517,53.5135911]]]},"properties":{"id":"bf229573-1be7-4012-b3d8-d00610b6ae22","source_type":"ml"}},{"type":"Feature","geometry":{"type":"Polygon","coordinates":[[[50.3655225,53.5130809],[50.3655684,53.5130636],[50.3656,53.5130931],[50.3655541,53.5131105],[50.3655225,53.5130809]]]},"properties":{"id":"c4dc8e25-85ed-4a9c-a062-545aadaa98ad","source_type":"ml"}},{"type":"Feature","geometry":{"type":"Polygon","coordinates":[[[50.3630154,53.5136354],[50.3630654,53.5135993],[50.3631341,53.513633],[50.3630841,53.5136691],[50.3630154,53.5136354]]]},"properties":{"id":"fb136ecb-c2d4-4304-9a56-9b646b8bdae8","source_type":"ml"}},{"type":"Feature","geometry":{"type":"Polygon","coordinates":[[[50.3635961,53.5136166],[50.3636755,53.5136517],[50.3636472,53.5136743],[50.3635678,53.5136391],[50.3635961,53.5136166]]]},"properties":{"id":"ddc21059-b55d-4edb-a9bf-894d2501cf35","source_type":"ml"}},{"type":"Feature","geometry":{"type":"Polygon","coordinates":[[[50.362789,53.5143293],[50.3628472,53.5143332],[50.362837,53.5143867],[50.3627788,53.5143828],[50.362789,53.5143293]]]},"properties":{"id":"47cd325e-37fe-402b-a142-38d3b3e3b8e5","source_type":"ml"}},{"type":"Feature","geometry":{"type":"Polygon","coordinates":[[[50.3635433,53.5170198],[50.3634248,53.5169798],[50.3634831,53.5169188],[50.3636016,53.5169588],[50.3635433,53.5170198]]]},"properties":{"id":"bad28e1c-aa3b-4643-b627-5020147e1e07","source_type":"osm"}},{"type":"Feature","geometry":{"type":"Polygon","coordinates":[[[50.3651969,53.5166347],[50.3651615,53.5165613],[50.365284,53.5165404],[50.3653194,53.5166139],[50.3651969,53.5166347]]]},"properties":{"id":"83958da2-872c-483b-ae11-cdc37a1afc8a","source_type":"osm"}},{"type":"Feature","geometry":{"type":"Polygon","coordinates":[[[50.3643802,53.5166776],[50.3644153,53.5166226],[50.364481,53.5166374],[50.3644459,53.5166924],[50.3643802,53.5166776]]]},"properties":{"id":"701f0e13-121e-44c4-a5e3-29a40a4972a3","source_type":"ml"}},{"type":"Feature","geometry":{"type":"Polygon","coordinates":[[[50.3631176,53.5175911],[50.3630863,53.517484],[50.3632015,53.5174721],[50.3632328,53.5175793],[50.3631176,53.5175911]]]},"properties":{"id":"aaac66c1-fb64-4eb9-93f7-7c77486e61d4","source_type":"osm"}},{"type":"Feature","geometry":{"type":"Polygon","coordinates":[[[50.3656347,53.5164275],[50.3656363,53.5164585],[50.3655398,53.5164602],[50.3655382,53.5164292],[50.3656347,53.5164275]]]},"properties":{"id":"1e313081-881c-4005-9654-adbd63aba79b","source_type":"ml"}},{"type":"Feature","geometry":{"type":"Polygon","coordinates":[[[50.3667498,53.5154605],[50.3667506,53.5154365],[50.3668241,53.5154373],[50.3668233,53.5154612],[50.3667498,53.5154605]]]},"properties":{"id":"d3f325c1-ad03-47df-a07b-1937485723c4","source_type":"ml"}},{"type":"Feature","geometry":{"type":"Polygon","coordinates":[[[50.3703734,53.5115278],[50.3705608,53.5114215],[50.3706371,53.5114691],[50.370588,53.5114969],[50.3706389,53.5115287],[50.3705007,53.5116071],[50.3703734,53.5115278]]]},"properties":{"id":"15b95502-9eb1-4615-8142-4fe75003a3b8","source_type":"ml"}},{"type":"Feature","geometry":{"type":"Polygon","coordinates":[[[50.3796139,53.4958995],[50.3796378,53.4959315],[50.3795638,53.495951],[50.37954,53.495919],[50.3796139,53.4958995]]]},"properties":{"id":"6db70ad2-316e-4a2b-80c1-30d0e8ed4acb","source_type":"ml"}},{"type":"Feature","geometry":{"type":"Polygon","coordinates":[[[50.379592,53.5083774],[50.379705,53.5083388],[50.3797484,53.5083838],[50.3796354,53.5084223],[50.379592,53.5083774]]]},"properties":{"id":"66cd8bfa-0879-4e09-9230-d31ac2a4aed7","source_type":"ml"}},{"type":"Feature","geometry":{"type":"Polygon","coordinates":[[[50.3796762,53.5086903],[50.3796112,53.5087074],[50.3795739,53.5086574],[50.3796389,53.5086402],[50.3796762,53.5086903]]]},"properties":{"id":"6948525c-351f-4fad-bfd8-2818d768f400","source_type":"ml"}},{"type":"Feature","geometry":{"type":"Polygon","coordinates":[[[50.3806437,53.5101086],[50.3800736,53.5102379],[50.3800361,53.5101795],[50.3806062,53.5100501],[50.3806437,53.5101086]]]},"properties":{"id":"c9a2e1ea-e27b-4967-8d27-b3e27731425d","source_type":"ml"}},{"type":"Feature","geometry":{"type":"Polygon","coordinates":[[[50.379827,53.5100387],[50.3798186,53.5100126],[50.3798793,53.5100056],[50.3798877,53.5100318],[50.379827,53.5100387]]]},"properties":{"id":"3fa1e5f2-fec1-4806-9745-5d6e130746ea","source_type":"ml"}},{"type":"Feature","geometry":{"type":"Polygon","coordinates":[[[50.3784963,53.5062679],[50.3785837,53.5062622],[50.3785881,53.5062859],[50.3785006,53.5062916],[50.3784963,53.5062679]]]},"properties":{"id":"3b4bc26b-7e84-4cd1-b560-e32af0cbf140","source_type":"ml"}},{"type":"Feature","geometry":{"type":"Polygon","coordinates":[[[50.3784727,53.5079516],[50.3785702,53.5079505],[50.3785729,53.5080334],[50.3784754,53.5080345],[50.3784727,53.5079516]]]},"properties":{"id":"e547b473-7056-478b-8069-d8c7b2ec9da2","source_type":"ml"}},{"type":"Feature","geometry":{"type":"Polygon","coordinates":[[[50.3782734,53.5281844],[50.3782487,53.5281596],[50.3783042,53.52814],[50.3783289,53.5281648],[50.3782734,53.5281844]]]},"properties":{"id":"e6d9d37d-9c5e-44c1-b30c-2d6b3b1d1c22","source_type":"ml"}},{"type":"Feature","geometry":{"type":"Polygon","coordinates":[[[50.3770953,53.5289626],[50.3770936,53.5290008],[50.3770239,53.5289997],[50.3770256,53.5289615],[50.3770953,53.5289626]]]},"properties":{"id":"baf33adc-f077-4ae8-8013-f820fd9cafab","source_type":"ml"}},{"type":"Feature","geometry":{"type":"Polygon","coordinates":[[[50.3769002,53.5288084],[50.3769632,53.5287755],[50.3770424,53.5288292],[50.3769793,53.528862],[50.3769002,53.5288084]]]},"properties":{"id":"e4d4c2b5-fa63-49ec-86bd-75000adcb895","source_type":"ml"}},{"type":"Feature","geometry":{"type":"Polygon","coordinates":[[[50.3789637,53.5287891],[50.3789417,53.5288355],[50.3788334,53.5288174],[50.3788554,53.5287709],[50.3789637,53.5287891]]]},"properties":{"id":"402c627b-c1e4-4242-9de4-024c71935a7a","source_type":"ml"}},{"type":"Feature","geometry":{"type":"Polygon","coordinates":[[[50.3786364,53.5308737],[50.3786386,53.5308121],[50.3787259,53.5308132],[50.3787237,53.5308748],[50.3786364,53.5308737]]]},"properties":{"id":"3b5c9c40-659f-4a11-870c-73c877740e3b","source_type":"osm"}},{"type":"Feature","geometry":{"type":"Polygon","coordinates":[[[50.3766339,53.5297252],[50.3767571,53.5297223],[50.3767614,53.5297859],[50.3766382,53.5297889],[50.3766339,53.5297252]]]},"properties":{"id":"00a1c8aa-2c3a-40f2-9e32-74ee73e86c34","source_type":"ml"}},{"type":"Feature","geometry":{"type":"Polygon","coordinates":[[[50.3799866,53.53104],[50.3799851,53.5310049],[50.3800494,53.531004],[50.3800509,53.531039],[50.3799866,53.53104]]]},"properties":{"id":"46ad427a-1ea5-405e-81fa-f4e6388a06e4","source_type":"ml"}},{"type":"Feature","geometry":{"type":"Polygon","coordinates":[[[50.3796161,53.5312619],[50.3797018,53.5312637],[50.3796972,53.5313393],[50.3796115,53.5313375],[50.3796161,53.5312619]]]},"properties":{"id":"c162dd19-ff0f-4b82-9ed0-d4d3a4c1ade6","source_type":"ml"}},{"type":"Feature","geometry":{"type":"Polygon","coordinates":[[[50.3796078,53.5309932],[50.3796935,53.5309914],[50.3796968,53.5310439],[50.3796111,53.5310458],[50.3796078,53.5309932]]]},"properties":{"id":"52526283-aa8f-4511-bf7a-77284bb86487","source_type":"ml"}},{"type":"Feature","geometry":{"type":"Polygon","coordinates":[[[50.380585,53.5302229],[50.3805826,53.530146],[50.380786,53.5301438],[50.3807884,53.5302207],[50.380585,53.5302229]]]},"properties":{"id":"8c06f866-ff44-460e-a0cf-b067c1b727a4","source_type":"osm"}},{"type":"Feature","geometry":{"type":"Polygon","coordinates":[[[50.3580361,53.5252481],[50.3578708,53.5252065],[50.3579441,53.5251036],[50.3581094,53.5251452],[50.3580361,53.5252481]]]},"properties":{"id":"5e883e23-cb4a-4fb6-9f60-0987a5824992","source_type":"osm"}},{"type":"Feature","geometry":{"type":"Polygon","coordinates":[[[50.3577337,53.5251844],[50.3577045,53.5252342],[50.3575679,53.5252058],[50.3575972,53.525156],[50.3577337,53.5251844]]]},"properties":{"id":"f9b9fbef-98bc-4787-b7fa-b048b8253d04","source_type":"osm"}},{"type":"Feature","geometry":{"type":"Polygon","coordinates":[[[50.3572929,53.5258047],[50.3573801,53.5256691],[50.3574737,53.5256904],[50.3573865,53.5258259],[50.3572929,53.5258047]]]},"properties":{"id":"5406df12-60a9-449c-85ba-f92d545340e3","source_type":"ml"}},{"type":"Feature","geometry":{"type":"Polygon","coordinates":[[[50.35657,53.5239409],[50.3564771,53.5239122],[50.3564991,53.5238871],[50.356592,53.5239158],[50.35657,53.5239409]]]},"properties":{"id":"d3eb82dd-bf3b-4582-877b-c253d4e6c471","source_type":"ml"}},{"type":"Feature","geometry":{"type":"Polygon","coordinates":[[[50.3550664,53.524548],[50.3549981,53.524641],[50.354785,53.5245858],[50.3548533,53.5244927],[50.3550664,53.524548]]]},"properties":{"id":"7d4d836c-3216-4c41-bd1d-23024f356d68","source_type":"osm"}},{"type":"Feature","geometry":{"type":"Polygon","coordinates":[[[50.354817,53.5243621],[50.3549035,53.5243808],[50.3548837,53.5244132],[50.3547972,53.5243945],[50.354817,53.5243621]]]},"properties":{"id":"83e02eb4-bd42-4757-93ee-595d93d41a40","source_type":"ml"}},{"type":"Feature","geometry":{"type":"Polygon","coordinates":[[[50.3554088,53.5261014],[50.35529,53.5260677],[50.3553594,53.5259814],[50.3554781,53.5260152],[50.3554088,53.5261014]]]},"properties":{"id":"d0e600e3-a47e-45f7-97e7-7b08c09d5c78","source_type":"osm"}},{"type":"Feature","geometry":{"type":"Polygon","coordinates":[[[50.3540067,53.5281328],[50.3538291,53.5280853],[50.3539155,53.5279711],[50.3540932,53.5280186],[50.3540067,53.5281328]]]},"properties":{"id":"9b930192-155d-46bd-8edd-f5d28b296905","source_type":"osm"}},{"type":"Feature","geometry":{"type":"Polygon","coordinates":[[[50.3541629,53.5250584],[50.3540757,53.5250401],[50.3541288,53.5249508],[50.354216,53.5249691],[50.3541629,53.5250584]]]},"properties":{"id":"e491a73a-8d1f-4784-844f-b0022cf336e8","source_type":"ml"}},{"type":"Feature","geometry":{"type":"Polygon","coordinates":[[[50.3520252,53.5247336],[50.352056,53.5246866],[50.3521143,53.5247],[50.3520834,53.5247471],[50.3520252,53.5247336]]]},"properties":{"id":"4aa9b94e-87a2-47c8-a957-266909987ef6","source_type":"ml"}},{"type":"Feature","geometry":{"type":"Polygon","coordinates":[[[50.3521924,53.5239118],[50.3522566,53.5238202],[50.3523446,53.523842],[50.3522804,53.5239336],[50.3521924,53.5239118]]]},"properties":{"id":"b9f059a1-c04d-44a7-ac8e-1eed15899156","source_type":"ml"}},{"type":"Feature","geometry":{"type":"Polygon","coordinates":[[[50.3518457,53.5266838],[50.3519432,53.5267066],[50.3518554,53.5268391],[50.3518879,53.5268467],[50.3518604,53.5268881],[50.3517304,53.5268577],[50.3518457,53.5266838]]]},"properties":{"id":"cc18b658-8860-4993-9370-a24cbba0baf7","source_type":"ml"}},{"type":"Feature","geometry":{"type":"Polygon","coordinates":[[[50.3528895,53.5261348],[50.3528387,53.5261211],[50.3528832,53.5260627],[50.3529333,53.5260762],[50.3529516,53.5260522],[50.353061,53.5260817],[50.352986,53.5261802],[50.3528772,53.5261509],[50.3528895,53.5261348]]]},"properties":{"id":"2bec8e98-fbd7-4a26-8aa7-58d64676eed1","source_type":"osm"}},{"type":"Feature","geometry":{"type":"Polygon","coordinates":[[[50.3527473,53.5263146],[50.3528082,53.5262256],[50.3529256,53.526254],[50.3528816,53.5263183],[50.3528609,53.5263133],[50.352844,53.5263379],[50.3527473,53.5263146]]]},"properties":{"id":"e1589d3c-9891-4ea3-916a-d0f4f8ea3814","source_type":"ml"}},{"type":"Feature","geometry":{"type":"Polygon","coordinates":[[[50.3525345,53.5274977],[50.3524592,53.5274772],[50.3525112,53.5274101],[50.3525864,53.5274306],[50.3525345,53.5274977]]]},"properties":{"id":"75497248-4321-4311-8292-a99fc99c03a1","source_type":"ml"}},{"type":"Feature","geometry":{"type":"Polygon","coordinates":[[[50.3520419,53.5282302],[50.3520651,53.5281885],[50.3521425,53.5282038],[50.3521192,53.5282454],[50.3520419,53.5282302]]]},"properties":{"id":"e5c569ca-1a55-43ff-8f06-af44fc2a40d3","source_type":"ml"}},{"type":"Feature","geometry":{"type":"Polygon","coordinates":[[[50.3540678,53.5285867],[50.3539611,53.528847],[50.353794,53.5288229],[50.3539007,53.5285625],[50.3540678,53.5285867]]]},"properties":{"id":"79ed4974-a6c3-4bdf-a07f-5645b364996c","source_type":"ml"}},{"type":"Feature","geometry":{"type":"Polygon","coordinates":[[[50.3202391,53.5012266],[50.3202497,53.5012565],[50.3201762,53.5012657],[50.3201656,53.5012358],[50.3202391,53.5012266]]]},"properties":{"id":"fad3b766-b015-462b-9c9b-4c64ae36585c","source_type":"ml"}},{"type":"Feature","geometry":{"type":"Polygon","coordinates":[[[50.3203882,53.5275251],[50.320234,53.5275637],[50.3201925,53.527505],[50.3203467,53.5274664],[50.3203882,53.5275251]]]},"properties":{"id":"07924b39-e899-458c-98bd-dc082729376c","source_type":"osm"}},{"type":"Feature","geometry":{"type":"Polygon","coordinates":[[[50.3207099,53.5316642],[50.3206872,53.5316409],[50.3207716,53.5316118],[50.3207943,53.5316352],[50.3207099,53.5316642]]]},"properties":{"id":"fb868339-6ba6-4fd5-b120-70b710a5673c","source_type":"ml"}},{"type":"Feature","geometry":{"type":"Polygon","coordinates":[[[50.3509064,53.5281566],[50.3509542,53.5280927],[50.3510259,53.5281116],[50.3509781,53.5281755],[50.3509064,53.5281566]]]},"properties":{"id":"c0c770a2-aa2e-4ad1-b294-bf8b02c050e3","source_type":"ml"}},{"type":"Feature","geometry":{"type":"Polygon","coordinates":[[[50.3506564,53.5245788],[50.3506843,53.5245478],[50.3507782,53.5245776],[50.3507503,53.5246086],[50.3506564,53.5245788]]]},"properties":{"id":"1f9d57fd-95d7-471a-92ea-3bd75ea26cf4","source_type":"ml"}},{"type":"Feature","geometry":{"type":"Polygon","coordinates":[[[50.3506644,53.5258658],[50.3506691,53.5257789],[50.3508166,53.5257817],[50.3508119,53.5258686],[50.3506644,53.5258658]]]},"properties":{"id":"30d0e3d5-f071-4ae5-a386-19ccd298c3da","source_type":"osm"}},{"type":"Feature","geometry":{"type":"Polygon","coordinates":[[[50.3504281,53.5252816],[50.3504697,53.5252924],[50.3504455,53.5253254],[50.3503193,53.5252927],[50.35039,53.5251962],[50.3504747,53.5252182],[50.3504281,53.5252816]]]},"properties":{"id":"15ea4a11-f070-4a41-b42d-dc3ec23a859a","source_type":"ml"}},{"type":"Feature","geometry":{"type":"Polygon","coordinates":[[[50.3480931,53.5266901],[50.3481724,53.52657],[50.3486399,53.5266791],[50.3485208,53.5268593],[50.3484119,53.5268339],[50.3484529,53.5267718],[50.3482805,53.5267316],[50.3482629,53.5267582],[50.3481606,53.5267343],[50.3481769,53.5267097],[50.3480931,53.5266901]]]},"properties":{"id":"4b62c5b4-4ef1-46d2-b41c-928401fb8bb5","source_type":"osm"}},{"type":"Feature","geometry":{"type":"Polygon","coordinates":[[[50.346655,53.5303356],[50.3467057,53.5302802],[50.3467761,53.5303029],[50.3467255,53.5303583],[50.346655,53.5303356]]]},"properties":{"id":"42a3aef9-c4f3-49ab-a204-d995dec9f41f","source_type":"ml"}},{"type":"Feature","geometry":{"type":"Polygon","coordinates":[[[50.3459507,53.5295796],[50.3460025,53.5294869],[50.3460714,53.5295006],[50.3460197,53.5295932],[50.3459507,53.5295796]]]},"properties":{"id":"bd5f04b6-3da2-483f-9b31-639ef1e8f3ae","source_type":"ml"}},{"type":"Feature","geometry":{"type":"Polygon","coordinates":[[[50.3460908,53.5271069],[50.346112,53.5270424],[50.3461481,53.5270466],[50.3461269,53.5271111],[50.3460908,53.5271069]]]},"properties":{"id":"c315b425-b8d9-43d7-8f64-28b526386521","source_type":"ml"}},{"type":"Feature","geometry":{"type":"Polygon","coordinates":[[[50.3465852,53.5274834],[50.3465203,53.5274728],[50.3465762,53.5273512],[50.3466411,53.5273617],[50.3465852,53.5274834]]]},"properties":{"id":"febeef14-0861-4182-b289-422c30549fa4","source_type":"ml"}},{"type":"Feature","geometry":{"type":"Polygon","coordinates":[[[50.3448865,53.5283474],[50.344904,53.5283231],[50.3449698,53.5283398],[50.3449523,53.5283641],[50.3448865,53.5283474]]]},"properties":{"id":"c8211dbe-6694-4499-a5c6-6d76157c1fc2","source_type":"ml"}},{"type":"Feature","geometry":{"type":"Polygon","coordinates":[[[50.3450326,53.5311423],[50.3450271,53.5311408],[50.3450623,53.5310955],[50.3451154,53.53111],[50.3450991,53.5311311],[50.3450514,53.531118],[50.3450326,53.5311423]]]},"properties":{"id":"eecc781e-28e1-46c0-8942-1c5868f58707","source_type":"ml"}},{"type":"Feature","geometry":{"type":"Polygon","coordinates":[[[50.3435724,53.5283562],[50.3434916,53.5283302],[50.3435141,53.5283055],[50.3435949,53.5283316],[50.3435724,53.5283562]]]},"properties":{"id":"093c5fc7-0af9-40ff-896d-cc591dbf113a","source_type":"ml"}},{"type":"Feature","geometry":{"type":"Polygon","coordinates":[[[50.3424604,53.5268958],[50.3423304,53.5268745],[50.3423776,53.5267725],[50.3425756,53.526805],[50.3425131,53.5269399],[50.3424451,53.5269288],[50.3424604,53.5268958]]]},"properties":{"id":"0a27dafc-2401-4720-9915-f1cdb3a01ed8","source_type":"osm"}},{"type":"Feature","geometry":{"type":"Polygon","coordinates":[[[50.340852,53.5265175],[50.3409157,53.5265292],[50.3408929,53.5265728],[50.3408293,53.5265611],[50.340852,53.5265175]]]},"properties":{"id":"14ca8017-5b68-4004-8669-999b40eed796","source_type":"ml"}},{"type":"Feature","geometry":{"type":"Polygon","coordinates":[[[50.3378984,53.5272079],[50.3377893,53.5271923],[50.3378173,53.5271229],[50.3379264,53.5271385],[50.3378984,53.5272079]]]},"properties":{"id":"43b7b1cf-53cb-4b41-a05f-3179d965bd10","source_type":"ml"}},{"type":"Feature","geometry":{"type":"Polygon","coordinates":[[[50.3378239,53.527251],[50.3378668,53.5272631],[50.3378668,53.5272823],[50.3378454,53.5273094],[50.3378454,53.5273263],[50.3377917,53.5273939],[50.3377917,53.5274041],[50.3377739,53.5274265],[50.3377561,53.5274265],[50.3376651,53.527401],[50.3376309,53.527401],[50.3375825,53.5273875],[50.3375825,53.5273432],[50.3376568,53.5272496],[50.337781,53.5272496],[50.337781,53.5272288],[50.3378239,53.5272288],[50.3378239,53.527251]]]},"properties":{"id":"6a1aa03c-b343-4dd9-8abc-c8db35f205c0","source_type":"ml"}},{"type":"Feature","geometry":{"type":"Polygon","coordinates":[[[50.3369072,53.5280862],[50.3367857,53.5280605],[50.3368246,53.5279954],[50.3369461,53.528021],[50.3369072,53.5280862]]]},"properties":{"id":"e045a79f-19e1-48f1-9b58-25d0f4dede3b","source_type":"ml"}},{"type":"Feature","geometry":{"type":"Polygon","coordinates":[[[50.3363419,53.5285362],[50.3361365,53.5284811],[50.3362276,53.5283612],[50.336433,53.5284163],[50.3363419,53.5285362]]]},"properties":{"id":"07c34511-0914-4543-bb8d-f21bc7ebb970","source_type":"osm"}},{"type":"Feature","geometry":{"type":"Polygon","coordinates":[[[50.3228479,53.5315321],[50.3230095,53.5314862],[50.3230775,53.5315708],[50.322916,53.5316167],[50.3228479,53.5315321]]]},"properties":{"id":"470d2d34-6019-4148-8d18-b565e748ff29","source_type":"osm"}},{"type":"Feature","geometry":{"type":"Polygon","coordinates":[[[50.3215725,53.5313896],[50.3215681,53.5313909],[50.3215993,53.5314299],[50.3215018,53.5314574],[50.3214405,53.5313807],[50.3215423,53.5313519],[50.3215725,53.5313896]]]},"properties":{"id":"3c1ebbf8-3625-43d9-82bc-a0a18a8d2979","source_type":"ml"}},{"type":"Feature","geometry":{"type":"Polygon","coordinates":[[[50.321207,53.5292998],[50.3210628,53.5293334],[50.3210071,53.5292491],[50.3211513,53.5292154],[50.321207,53.5292998]]]},"properties":{"id":"f2f4da06-e047-4b70-b938-ede498afa97c","source_type":"osm"}},{"type":"Feature","geometry":{"type":"Polygon","coordinates":[[[50.3214271,53.5298305],[50.3212693,53.5298691],[50.3212001,53.529769],[50.3213578,53.5297304],[50.3214271,53.5298305]]]},"properties":{"id":"44d84ebb-917f-498b-b02f-ee796fceaf48","source_type":"osm"}},{"type":"Feature","geometry":{"type":"Polygon","coordinates":[[[50.3214274,53.5287198],[50.321205,53.5287754],[50.3211247,53.528662],[50.3213471,53.5286064],[50.3214274,53.5287198]]]},"properties":{"id":"a6e52441-dae1-4b36-89ef-f27630818e27","source_type":"osm"}},{"type":"Feature","geometry":{"type":"Polygon","coordinates":[[[50.3209523,53.5275472],[50.3207973,53.527586],[50.3207468,53.5275147],[50.3209019,53.527476],[50.3209523,53.5275472]]]},"properties":{"id":"49841aaa-d8ec-45bd-9325-683d69c80131","source_type":"osm"}},{"type":"Feature","geometry":{"type":"Polygon","coordinates":[[[50.3266925,53.5045615],[50.3266995,53.5044858],[50.3268011,53.5044891],[50.3267962,53.5045425],[50.3267507,53.5045411],[50.3267487,53.5045633],[50.3266925,53.5045615]]]},"properties":{"id":"4c42b39e-513e-4470-91f3-c02ca2b463e5","source_type":"ml"}},{"type":"Feature","geometry":{"type":"Polygon","coordinates":[[[50.3239626,53.5039941],[50.3240776,53.5039976],[50.3240757,53.5040199],[50.3239607,53.5040164],[50.3239626,53.5039941]]]},"properties":{"id":"be3a8657-04a8-4675-85af-5a78b5a77fd9","source_type":"ml"}},{"type":"Feature","geometry":{"type":"Polygon","coordinates":[[[50.3230372,53.5031855],[50.3230388,53.5032238],[50.3229798,53.5032246],[50.3229783,53.5031864],[50.3230372,53.5031855]]]},"properties":{"id":"00f27370-b2cf-42a0-9a9f-c39794937771","source_type":"ml"}},{"type":"Feature","geometry":{"type":"Polygon","coordinates":[[[50.3224609,53.5023144],[50.3224311,53.5022553],[50.3225722,53.5022302],[50.3225458,53.5021778],[50.3230707,53.5020843],[50.3230986,53.5021399],[50.3232376,53.5021151],[50.3232682,53.5021759],[50.3231308,53.5022004],[50.3231551,53.5022486],[50.3226302,53.5023421],[50.3226035,53.502289],[50.3224609,53.5023144]]]},"properties":{"id":"31dfe2bc-d41e-4b47-b496-f1b31013bc0e","source_type":"osm"}},{"type":"Feature","geometry":{"type":"Polygon","coordinates":[[[50.3229835,53.5030304],[50.3230416,53.5031669],[50.32298,53.5031761],[50.3229219,53.5030397],[50.3229835,53.5030304]]]},"properties":{"id":"6e21cb3e-246c-46af-86a1-d201978ba493","source_type":"ml"}},{"type":"Feature","geometry":{"type":"Polygon","coordinates":[[[50.3230248,53.5039639],[50.3230971,53.5039624],[50.3231031,53.5040611],[50.3230308,53.5040627],[50.3230248,53.5039639]]]},"properties":{"id":"60ba2e23-4fcf-485f-b44a-7a3240dc1620","source_type":"ml"}},{"type":"Feature","geometry":{"type":"Polygon","coordinates":[[[50.3224836,53.5024342],[50.3224511,53.5023733],[50.3225085,53.5023624],[50.3225411,53.5024233],[50.3224836,53.5024342]]]},"properties":{"id":"e49c82e8-f01f-449a-81bf-421b149249fe","source_type":"ml"}},{"type":"Feature","geometry":{"type":"Polygon","coordinates":[[[50.3311973,53.5027416],[50.3312721,53.5027388],[50.3312786,53.5028001],[50.3311691,53.5028042],[50.3311565,53.5026857],[50.3311912,53.5026844],[50.3311973,53.5027416]]]},"properties":{"id":"e0e4bc58-e93d-4397-9aa0-eec3b26701a3","source_type":"ml"}},{"type":"Feature","geometry":{"type":"Polygon","coordinates":[[[50.3305177,53.5039496],[50.3305161,53.5039097],[50.3306019,53.5039085],[50.3306035,53.5039484],[50.3305177,53.5039496]]]},"properties":{"id":"5ed47b4d-bd2b-4b11-8806-2cd1e65973b2","source_type":"ml"}},{"type":"Feature","geometry":{"type":"Polygon","coordinates":[[[50.3317423,53.5026636],[50.3318109,53.5026628],[50.3318139,53.5027569],[50.3317453,53.5027577],[50.3317423,53.5026636]]]},"properties":{"id":"09577387-de5b-4bb1-86e9-0fda7018b67b","source_type":"ml"}},{"type":"Feature","geometry":{"type":"Polygon","coordinates":[[[50.3320951,53.502815],[50.332086,53.5027726],[50.3321309,53.5027692],[50.33214,53.5028116],[50.3320951,53.502815]]]},"properties":{"id":"d17349cb-557c-4996-8d05-0084dc8f56c4","source_type":"ml"}},{"type":"Feature","geometry":{"type":"Polygon","coordinates":[[[50.3341223,53.5007269],[50.3341253,53.5006319],[50.3343319,53.5006342],[50.3343289,53.5007293],[50.3341223,53.5007269]]]},"properties":{"id":"1db30ccf-32d1-4223-8680-737d1c8218a6","source_type":"osm"}},{"type":"Feature","geometry":{"type":"Polygon","coordinates":[[[50.3329759,53.5025652],[50.3331723,53.5025916],[50.3331539,53.5026402],[50.3329574,53.5026138],[50.3329759,53.5025652]]]},"properties":{"id":"504dc17e-46ae-4d6b-953c-e66289e182e1","source_type":"ml"}},{"type":"Feature","geometry":{"type":"Polygon","coordinates":[[[50.33255,53.5033588],[50.3325466,53.5033953],[50.3324973,53.5033937],[50.3325006,53.5033572],[50.33255,53.5033588]]]},"properties":{"id":"3430815e-4833-40b5-bc73-3de212d0ab24","source_type":"ml"}},{"type":"Feature","geometry":{"type":"Polygon","coordinates":[[[50.3360759,53.5036305],[50.3360768,53.5035715],[50.3361721,53.503572],[50.3361712,53.503631],[50.3360759,53.5036305]]]},"properties":{"id":"6d5255c7-9aab-4920-b463-3b4921f7a354","source_type":"ml"}},{"type":"Feature","geometry":{"type":"Polygon","coordinates":[[[50.3355378,53.5033921],[50.3355293,53.5034265],[50.3354847,53.5034226],[50.3354932,53.5033882],[50.3355378,53.5033921]]]},"properties":{"id":"0507c09a-5a1a-41c6-bbc9-dbfb4506c2da","source_type":"ml"}},{"type":"Feature","geometry":{"type":"Polygon","coordinates":[[[50.3353572,53.5000413],[50.3353564,53.4999878],[50.3354771,53.4999871],[50.3354776,53.5000215],[50.3355527,53.5000211],[50.3355522,53.499986],[50.3357185,53.4999852],[50.3357192,53.5000394],[50.3353572,53.5000413]]]},"properties":{"id":"d2b8d179-e6c1-4f34-adfd-cb364a8e348f","source_type":"ml"}},{"type":"Feature","geometry":{"type":"Polygon","coordinates":[[[50.3414856,53.5008002],[50.3414869,53.5007017],[50.3416552,53.5007025],[50.3416539,53.500801],[50.3414856,53.5008002]]]},"properties":{"id":"dfc0def9-e733-4506-88b6-a3a4e585754e","source_type":"osm"}},{"type":"Feature","geometry":{"type":"Polygon","coordinates":[[[50.3438708,53.5009363],[50.3438038,53.5009377],[50.3438018,53.5009035],[50.3438688,53.5009021],[50.3438708,53.5009363]]]},"properties":{"id":"8b131490-992f-4a90-9f03-843a46c6edba","source_type":"ml"}},{"type":"Feature","geometry":{"type":"Polygon","coordinates":[[[50.3430232,53.502589],[50.3431143,53.502588],[50.3431157,53.5026336],[50.3430245,53.5026345],[50.3430232,53.502589]]]},"properties":{"id":"6e61c447-be3a-4e5e-81a4-4f802d170354","source_type":"ml"}},{"type":"Feature","geometry":{"type":"Polygon","coordinates":[[[50.3404804,53.503583],[50.3404362,53.5035815],[50.3404455,53.5034861],[50.3404897,53.5034876],[50.3404804,53.503583]]]},"properties":{"id":"663a884b-7449-4a00-b49d-2ebaf73190b7","source_type":"ml"}},{"type":"Feature","geometry":{"type":"Polygon","coordinates":[[[50.3384512,53.5049267],[50.3384468,53.5048454],[50.3386035,53.5048425],[50.3386079,53.5049237],[50.3384512,53.5049267]]]},"properties":{"id":"485fbab6-343f-417e-9e8b-772cc3bacd0c","source_type":"ml"}},{"type":"Feature","geometry":{"type":"Polygon","coordinates":[[[50.338845,53.5052916],[50.3388494,53.5053873],[50.338753,53.5053889],[50.3387485,53.5052932],[50.338845,53.5052916]]]},"properties":{"id":"a3bff18d-e68f-49e0-85d1-cf6c778723e4","source_type":"ml"}},{"type":"Feature","geometry":{"type":"Polygon","coordinates":[[[50.3389921,53.5025976],[50.3388395,53.5025997],[50.3388386,53.5025789],[50.3388162,53.5025792],[50.3388143,53.5025306],[50.3388389,53.5025302],[50.3388371,53.5024844],[50.3389875,53.5024823],[50.3389921,53.5025976]]]},"properties":{"id":"ea885dc4-0e3c-440d-ae6d-07837b469d18","source_type":"osm"}},{"type":"Feature","geometry":{"type":"Polygon","coordinates":[[[50.3394101,53.5003842],[50.3392291,53.5003833],[50.3392301,53.5003141],[50.3394111,53.500315],[50.3394101,53.5003842]]]},"properties":{"id":"4a91829c-0f4d-47e4-b452-fd98f4642ddc","source_type":"osm"}},{"type":"Feature","geometry":{"type":"Polygon","coordinates":[[[50.3364221,53.5024285],[50.3364176,53.5023632],[50.3364883,53.5023614],[50.3364929,53.5024267],[50.3364221,53.5024285]]]},"properties":{"id":"587c4078-1db9-44b7-8c7c-33c0b81d1594","source_type":"ml"}},{"type":"Feature","geometry":{"type":"Polygon","coordinates":[[[50.3371053,53.5024736],[50.3368485,53.5024713],[50.3368517,53.502349],[50.3371084,53.5023514],[50.3371053,53.5024736]]]},"properties":{"id":"52d49c97-e46d-4cdb-b489-de4b124ec43d","source_type":"osm"}},{"type":"Feature","geometry":{"type":"Polygon","coordinates":[[[50.3377161,53.50262],[50.3375496,53.502602],[50.3375544,53.502586],[50.3374948,53.5025796],[50.3375164,53.5025085],[50.3375606,53.5025133],[50.3375739,53.5024694],[50.337756,53.502489],[50.3377161,53.50262]]]},"properties":{"id":"ceeef58e-dd10-44ce-a1ff-673f127b5e7e","source_type":"osm"}},{"type":"Feature","geometry":{"type":"Polygon","coordinates":[[[50.3380384,53.5037033],[50.3380338,53.5037606],[50.3379749,53.503759],[50.3379795,53.5037017],[50.3380384,53.5037033]]]},"properties":{"id":"ee4a3920-951a-491a-96e7-3be7caf731f2","source_type":"ml"}},{"type":"Feature","geometry":{"type":"Polygon","coordinates":[[[50.3364979,53.5058091],[50.3363101,53.5058107],[50.336308,53.5057206],[50.3364958,53.505719],[50.3364979,53.5058091]]]},"properties":{"id":"c652d879-4254-4425-9e32-34cef06ea8c8","source_type":"osm"}},{"type":"Feature","geometry":{"type":"Polygon","coordinates":[[[50.3429324,53.5119656],[50.3429161,53.5119309],[50.3430529,53.5119081],[50.3430692,53.5119428],[50.3429324,53.5119656]]]},"properties":{"id":"650ba7cc-e978-412a-8083-12d2a317fa19","source_type":"ml"}},{"type":"Feature","geometry":{"type":"Polygon","coordinates":[[[50.3430989,53.5123323],[50.3429776,53.5123368],[50.3429667,53.5122326],[50.343088,53.5122281],[50.3430989,53.5123323]]]},"properties":{"id":"7c812451-ad96-4182-971a-fb711e23b8d7","source_type":"osm"}},{"type":"Feature","geometry":{"type":"Polygon","coordinates":[[[50.3425613,53.5116466],[50.3424543,53.5115924],[50.3425349,53.5115361],[50.3425684,53.511553],[50.3426043,53.5115279],[50.342581,53.5115161],[50.342658,53.5114624],[50.3427423,53.5115051],[50.3427571,53.5114948],[50.3428251,53.5115293],[50.3427771,53.5115628],[50.3428006,53.5115747],[50.3427034,53.5116426],[50.3426244,53.5116025],[50.3425613,53.5116466]]]},"properties":{"id":"1d66b989-0fb8-48b4-be12-d15518c05919","source_type":"osm"}},{"type":"Feature","geometry":{"type":"Polygon","coordinates":[[[50.3425344,53.5113508],[50.3423138,53.5112309],[50.342531,53.5110896],[50.3426985,53.5111807],[50.342553,53.5112753],[50.3426061,53.5113042],[50.3425344,53.5113508]]]},"properties":{"id":"6506f8ff-444b-4b8f-9ef2-e7cd24a1c135","source_type":"osm"}},{"type":"Feature","geometry":{"type":"Polygon","coordinates":[[[50.3458354,53.5042925],[50.3458094,53.5044284],[50.3456984,53.5044209],[50.3457039,53.504392],[50.3456831,53.5043906],[50.3456936,53.5043352],[50.3457433,53.5043386],[50.3457532,53.5042869],[50.3458354,53.5042925]]]},"properties":{"id":"768ba0f3-bd31-49a8-82e0-98ee4d7b245c","source_type":"osm"}},{"type":"Feature","geometry":{"type":"Polygon","coordinates":[[[50.3553459,53.5033723],[50.3551926,53.5034509],[50.355113,53.503396],[50.3552663,53.5033174],[50.3553459,53.5033723]]]},"properties":{"id":"beadd426-7165-4e21-9eee-75e355a1011a","source_type":"osm"}},{"type":"Feature","geometry":{"type":"Polygon","coordinates":[[[50.3549336,53.503607],[50.3547433,53.5036972],[50.3546676,53.5036406],[50.3548579,53.5035505],[50.3549336,53.503607]]]},"properties":{"id":"6bc2c5c2-b520-4c0c-9eb3-ee8197a5a30e","source_type":"osm"}},{"type":"Feature","geometry":{"type":"Polygon","coordinates":[[[50.3522311,53.5047057],[50.3520581,53.5047241],[50.3520384,53.5046588],[50.3522114,53.5046403],[50.3522311,53.5047057]]]},"properties":{"id":"5ec31e65-3d66-4be5-9ec1-5113e4f7d133","source_type":"osm"}},{"type":"Feature","geometry":{"type":"Polygon","coordinates":[[[50.3535207,53.5068928],[50.3533514,53.5069017],[50.3533405,53.5068288],[50.3535099,53.5068199],[50.3535207,53.5068928]]]},"properties":{"id":"902824e1-8297-4e4b-8446-6af5d3822026","source_type":"osm"}},{"type":"Feature","geometry":{"type":"Polygon","coordinates":[[[50.3533497,53.5070115],[50.3533424,53.506942],[50.3535088,53.5069358],[50.3535161,53.5070053],[50.3533497,53.5070115]]]},"properties":{"id":"5659892f-e297-47b7-897c-bafb0a1791d1","source_type":"osm"}},{"type":"Feature","geometry":{"type":"Polygon","coordinates":[[[50.354065,53.5070242],[50.3538835,53.5070337],[50.3538746,53.5069741],[50.3540561,53.5069645],[50.354065,53.5070242]]]},"properties":{"id":"5c4386b1-6887-47ea-81b2-d444c6ded441","source_type":"osm"}},{"type":"Feature","geometry":{"type":"Polygon","coordinates":[[[50.3548663,53.5080864],[50.3547521,53.5081392],[50.3546855,53.5080883],[50.3547997,53.5080355],[50.3548663,53.5080864]]]},"properties":{"id":"155ea12f-2b91-4e6d-9ceb-f71cb8f61ab8","source_type":"osm"}},{"type":"Feature","geometry":{"type":"Polygon","coordinates":[[[50.3570761,53.508914],[50.35697,53.5088272],[50.3570431,53.5087956],[50.3571491,53.5088824],[50.3570761,53.508914]]]},"properties":{"id":"6568470e-6d3c-4efb-a56c-65a3838a3272","source_type":"osm"}},{"type":"Feature","geometry":{"type":"Polygon","coordinates":[[[50.3570941,53.5098733],[50.3570309,53.5098231],[50.3571591,53.509766],[50.3572223,53.5098161],[50.3570941,53.5098733]]]},"properties":{"id":"51cd5d5d-c14a-407c-8ec5-37b22d85543a","source_type":"osm"}},{"type":"Feature","geometry":{"type":"Polygon","coordinates":[[[50.3568723,53.5101704],[50.3567365,53.5100923],[50.3568143,53.5100445],[50.35695,53.5101226],[50.3568723,53.5101704]]]},"properties":{"id":"9ee27c01-7ea8-44b7-bb44-a845bff69d32","source_type":"osm"}},{"type":"Feature","geometry":{"type":"Polygon","coordinates":[[[50.3548248,53.5093393],[50.3547292,53.5093819],[50.35463,53.5093033],[50.3547256,53.5092607],[50.3548248,53.5093393]]]},"properties":{"id":"a1e3b225-0d91-4877-b077-d71f7830aff7","source_type":"osm"}},{"type":"Feature","geometry":{"type":"Polygon","coordinates":[[[50.3547153,53.5234968],[50.3547439,53.523445],[50.3547778,53.5234516],[50.3547492,53.5235034],[50.3547153,53.5234968]]]},"properties":{"id":"e8ed4f81-2e12-4b43-8c8f-a5de94e686de","source_type":"ml"}},{"type":"Feature","geometry":{"type":"Polygon","coordinates":[[[50.3555808,53.5235949],[50.3555211,53.5236763],[50.3553246,53.5236254],[50.3553843,53.523544],[50.3555808,53.5235949]]]},"properties":{"id":"1f549242-ff1c-4e38-be23-7ef685b4cc45","source_type":"osm"}},{"type":"Feature","geometry":{"type":"Polygon","coordinates":[[[50.3557007,53.5238294],[50.3555061,53.5237855],[50.3555644,53.5236942],[50.355759,53.5237381],[50.3557007,53.5238294]]]},"properties":{"id":"b3934325-1a8c-41e3-aea8-ca6ca438ddb6","source_type":"ml"}},{"type":"Feature","geometry":{"type":"Polygon","coordinates":[[[50.3598936,53.5164736],[50.3599269,53.5164272],[50.3600212,53.5164511],[50.359988,53.5164975],[50.3598936,53.5164736]]]},"properties":{"id":"558cab9d-3756-4552-bab5-5a45c1029711","source_type":"ml"}},{"type":"Feature","geometry":{"type":"Polygon","coordinates":[[[50.3597412,53.5167035],[50.3597724,53.5167099],[50.3597477,53.5167527],[50.3597165,53.5167463],[50.3597412,53.5167035]]]},"properties":{"id":"67ed2378-6e24-4339-ab73-68faf4815bd7","source_type":"ml"}},{"type":"Feature","geometry":{"type":"Polygon","coordinates":[[[50.3595889,53.5170422],[50.3595197,53.5169693],[50.3596728,53.5169179],[50.359742,53.5169908],[50.3595889,53.5170422]]]},"properties":{"id":"bbf11298-fe54-4431-8c79-13253add0aad","source_type":"osm"}},{"type":"Feature","geometry":{"type":"Polygon","coordinates":[[[50.3593415,53.5175579],[50.3592617,53.5174579],[50.3594563,53.517403],[50.3595361,53.517503],[50.3593415,53.5175579]]]},"properties":{"id":"33f3f8cc-6861-4abe-8729-69505f413ada","source_type":"osm"}},{"type":"Feature","geometry":{"type":"Polygon","coordinates":[[[50.3578821,53.5185647],[50.3578483,53.5184348],[50.357998,53.518421],[50.3580318,53.5185509],[50.3578821,53.5185647]]]},"properties":{"id":"8bf172b1-1372-4a04-b4aa-d216df3e20f1","source_type":"osm"}},{"type":"Feature","geometry":{"type":"Polygon","coordinates":[[[50.357833,53.52154],[50.3578919,53.5215557],[50.3578538,53.5216061],[50.3577949,53.5215904],[50.357833,53.52154]]]},"properties":{"id":"cc20ac31-59c7-4bc9-a0dc-4ada2194fdb6","source_type":"ml"}},{"type":"Feature","geometry":{"type":"Polygon","coordinates":[[[50.3583811,53.5231844],[50.3584321,53.5232014],[50.3584,53.5232354],[50.3583491,53.5232184],[50.3583811,53.5231844]]]},"properties":{"id":"dbdb8c12-aeed-4d4d-9c54-3f4f4305e18c","source_type":"ml"}},{"type":"Feature","geometry":{"type":"Polygon","coordinates":[[[50.3592841,53.523111],[50.3593241,53.5230262],[50.359436,53.5230449],[50.3593959,53.5231297],[50.3592841,53.523111]]]},"properties":{"id":"f614b1be-00c3-4fd3-aece-bc87922e50e5","source_type":"ml"}},{"type":"Feature","geometry":{"type":"Polygon","coordinates":[[[50.3598917,53.5232434],[50.3598147,53.5232239],[50.3598969,53.5231091],[50.3601775,53.52318],[50.3601039,53.5232829],[50.3599003,53.5232314],[50.3598917,53.5232434]]]},"properties":{"id":"b7bcb001-ca5f-4629-9379-a2b84e0a6f46","source_type":"osm"}},{"type":"Feature","geometry":{"type":"Polygon","coordinates":[[[50.3598288,53.522124],[50.3597024,53.5221009],[50.3597277,53.522052],[50.3598541,53.5220751],[50.3598288,53.522124]]]},"properties":{"id":"898f7781-492a-4ae7-bf8a-65f3eb9fc537","source_type":"ml"}},{"type":"Feature","geometry":{"type":"Polygon","coordinates":[[[50.3607236,53.5223556],[50.3605741,53.5223351],[50.3606041,53.5222577],[50.3607537,53.5222782],[50.3607236,53.5223556]]]},"properties":{"id":"9b1676d6-90e0-425f-986f-6d4d2477cc8e","source_type":"osm"}},{"type":"Feature","geometry":{"type":"Polygon","coordinates":[[[50.3604692,53.5225673],[50.3604657,53.5226327],[50.3603332,53.5226301],[50.3603367,53.5225648],[50.3604692,53.5225673]]]},"properties":{"id":"c6a66dab-9afa-4581-8e4a-b0ba82944889","source_type":"ml"}},{"type":"Feature","geometry":{"type":"Polygon","coordinates":[[[50.3610833,53.5229178],[50.3611014,53.5228927],[50.3612238,53.5229238],[50.3612057,53.5229489],[50.3610833,53.5229178]]]},"properties":{"id":"1f80e7b4-6e6a-4ac0-8ab5-731876d77e52","source_type":"ml"}},{"type":"Feature","geometry":{"type":"Polygon","coordinates":[[[50.3619406,53.5175843],[50.3619238,53.5175636],[50.3621001,53.5175131],[50.3621169,53.5175338],[50.3619406,53.5175843]]]},"properties":{"id":"4d8a3527-db75-4555-8066-c626fd487cda","source_type":"ml"}},{"type":"Feature","geometry":{"type":"Polygon","coordinates":[[[50.3600704,53.5166193],[50.3599721,53.5166044],[50.3599943,53.5165526],[50.3600925,53.5165674],[50.3600704,53.5166193]]]},"properties":{"id":"5249a4ac-9f36-4460-b557-d5904d5d3c59","source_type":"ml"}},{"type":"Feature","geometry":{"type":"Polygon","coordinates":[[[50.36133,53.515733],[50.3613264,53.5156782],[50.361388,53.5156768],[50.3613916,53.5157316],[50.36133,53.515733]]]},"properties":{"id":"67bd19a1-7e4c-486e-9d21-14972977e69e","source_type":"ml"}},{"type":"Feature","geometry":{"type":"Polygon","coordinates":[[[50.3627529,53.5138759],[50.3626936,53.5137641],[50.3628071,53.5137428],[50.3628664,53.5138546],[50.3627529,53.5138759]]]},"properties":{"id":"60e77d7b-1347-40f4-8ebf-cc75a0baa4f1","source_type":"osm"}},{"type":"Feature","geometry":{"type":"Polygon","coordinates":[[[50.3618719,53.5143133],[50.3619552,53.514298],[50.3619838,53.5143534],[50.3619005,53.5143687],[50.3618719,53.5143133]]]},"properties":{"id":"258d123d-f698-4d8a-9947-89a8890fe642","source_type":"ml"}},{"type":"Feature","geometry":{"type":"Polygon","coordinates":[[[50.361729,53.5138158],[50.3616905,53.513729],[50.3618346,53.5137064],[50.361866,53.5137772],[50.3618207,53.5137843],[50.3618278,53.5138003],[50.361729,53.5138158]]]},"properties":{"id":"c870653f-0b9a-4f29-acae-73d0a125325c","source_type":"osm"}},{"type":"Feature","geometry":{"type":"Polygon","coordinates":[[[50.3615942,53.5134402],[50.3615569,53.5133655],[50.3617062,53.5133391],[50.3617436,53.5134138],[50.3615942,53.5134402]]]},"properties":{"id":"a3b4e1bd-ba51-4fb7-a24d-550ee059ba61","source_type":"osm"}},{"type":"Feature","geometry":{"type":"Polygon","coordinates":[[[50.362461,53.5137434],[50.3625299,53.5137388],[50.3625352,53.5137672],[50.3624663,53.5137718],[50.362461,53.5137434]]]},"properties":{"id":"5fbf5d3a-df68-4ac8-ba0d-38a49caf5ac4","source_type":"ml"}},{"type":"Feature","geometry":{"type":"Polygon","coordinates":[[[50.3627353,53.5133923],[50.3626409,53.5132878],[50.3627944,53.5132388],[50.3628888,53.5133432],[50.3627353,53.5133923]]]},"properties":{"id":"4b82f090-ac83-4309-b5f7-58215651c944","source_type":"osm"}},{"type":"Feature","geometry":{"type":"Polygon","coordinates":[[[50.3607918,53.5104696],[50.3606683,53.5105191],[50.3605763,53.5104378],[50.3606998,53.5103884],[50.3607918,53.5104696]]]},"properties":{"id":"4dbe3ec6-ec2e-4705-87cc-2a9134b7b52b","source_type":"osm"}},{"type":"Feature","geometry":{"type":"Polygon","coordinates":[[[50.3599879,53.5098971],[50.3598875,53.5099581],[50.3597717,53.5098907],[50.3598722,53.5098297],[50.3599879,53.5098971]]]},"properties":{"id":"dd6f0e9f-2237-4488-a90b-dbd8985ad7c9","source_type":"osm"}},{"type":"Feature","geometry":{"type":"Polygon","coordinates":[[[50.3677111,53.5122892],[50.3676744,53.5122439],[50.3677527,53.5122214],[50.3677894,53.5122667],[50.3677111,53.5122892]]]},"properties":{"id":"75cb0767-d8e2-4ab7-a177-0348013d2e85","source_type":"ml"}},{"type":"Feature","geometry":{"type":"Polygon","coordinates":[[[50.3672034,53.5127267],[50.3671894,53.5127024],[50.3672901,53.5126818],[50.3673041,53.512706],[50.3672034,53.5127267]]]},"properties":{"id":"7b65fb89-a866-411a-aa45-5cbc4c14512e","source_type":"ml"}},{"type":"Feature","geometry":{"type":"Polygon","coordinates":[[[50.368249,53.5132008],[50.3683162,53.5131962],[50.3683261,53.5132474],[50.3682589,53.513252],[50.368249,53.5132008]]]},"properties":{"id":"ff73c45e-4007-4b74-8937-1870b9285587","source_type":"ml"}},{"type":"Feature","geometry":{"type":"Polygon","coordinates":[[[50.3643097,53.5139821],[50.3641719,53.5139048],[50.3642811,53.5138359],[50.3643865,53.513895],[50.364367,53.5139073],[50.3643993,53.5139255],[50.3643097,53.5139821]]]},"properties":{"id":"d85a89fb-f72a-452d-9bcd-8fe42b5a35e2","source_type":"osm"}},{"type":"Feature","geometry":{"type":"Polygon","coordinates":[[[50.3648583,53.5139637],[50.364679,53.5138655],[50.36476,53.5138132],[50.3649393,53.5139114],[50.3648583,53.5139637]]]},"properties":{"id":"dbac95c9-245a-40f1-9ad0-5237c8ad2a88","source_type":"osm"}},{"type":"Feature","geometry":{"type":"Polygon","coordinates":[[[50.364645,53.5134797],[50.364585,53.51344],[50.3646013,53.5134313],[50.3646546,53.5134666],[50.3647154,53.513434],[50.364762,53.5134649],[50.3646806,53.5135085],[50.3646405,53.5134821],[50.364645,53.5134797]]]},"properties":{"id":"12708932-408b-4648-bb3e-84d6a35e9c07","source_type":"ml"}},{"type":"Feature","geometry":{"type":"Polygon","coordinates":[[[50.3654878,53.5133255],[50.3654019,53.5132787],[50.3654633,53.5132388],[50.3655493,53.5132857],[50.3654878,53.5133255]]]},"properties":{"id":"6703915d-0515-4df3-8716-c760898d2935","source_type":"ml"}},{"type":"Feature","geometry":{"type":"Polygon","coordinates":[[[50.3633234,53.5134905],[50.3632254,53.5133301],[50.363389,53.5132947],[50.363487,53.5134552],[50.3633234,53.5134905]]]},"properties":{"id":"0461c297-dc80-4bfb-872f-a0dc89f145fc","source_type":"osm"}},{"type":"Feature","geometry":{"type":"Polygon","coordinates":[[[50.3635553,53.5162475],[50.3634475,53.5162096],[50.3635082,53.5161486],[50.363616,53.5161865],[50.3635553,53.5162475]]]},"properties":{"id":"35d899a9-5694-45cf-97a4-841930d015af","source_type":"osm"}},{"type":"Feature","geometry":{"type":"Polygon","coordinates":[[[50.3637007,53.5168501],[50.3637876,53.516881],[50.3637492,53.5169193],[50.3636622,53.5168884],[50.3637007,53.5168501]]]},"properties":{"id":"f65b75ae-6294-41ec-a630-435d851d1453","source_type":"ml"}},{"type":"Feature","geometry":{"type":"Polygon","coordinates":[[[50.3637167,53.5152966],[50.3635994,53.515286],[50.3636137,53.5152298],[50.363731,53.5152403],[50.3637167,53.5152966]]]},"properties":{"id":"f8fe24b7-1516-4d5c-922d-551e4b5c1de5","source_type":"osm"}},{"type":"Feature","geometry":{"type":"Polygon","coordinates":[[[50.3654692,53.5169647],[50.3654704,53.5170062],[50.3654048,53.5170069],[50.3654035,53.5169655],[50.3654692,53.5169647]]]},"properties":{"id":"db69c91c-c4cf-482c-8709-77d02e1f2b0e","source_type":"ml"}},{"type":"Feature","geometry":{"type":"Polygon","coordinates":[[[50.3658501,53.5167092],[50.3658203,53.5166444],[50.36594,53.516625],[50.3659697,53.5166898],[50.3658501,53.5167092]]]},"properties":{"id":"ef4b493f-3c1c-48ed-b9ea-d37c640b5333","source_type":"osm"}},{"type":"Feature","geometry":{"type":"Polygon","coordinates":[[[50.3664364,53.5150855],[50.3664431,53.5149923],[50.3665127,53.5149941],[50.366506,53.5150873],[50.3664364,53.5150855]]]},"properties":{"id":"87331905-7900-4c93-a3f5-3e36b390c7c1","source_type":"ml"}},{"type":"Feature","geometry":{"type":"Polygon","coordinates":[[[50.368277,53.5149537],[50.3680708,53.5149495],[50.3680737,53.5148985],[50.36828,53.5149028],[50.368277,53.5149537]]]},"properties":{"id":"40d74b7c-41a9-416d-9615-4e89cd340725","source_type":"ml"}},{"type":"Feature","geometry":{"type":"Polygon","coordinates":[[[50.3691648,53.5119919],[50.3690642,53.5118898],[50.3691969,53.5118436],[50.3692975,53.5119456],[50.3691648,53.5119919]]]},"properties":{"id":"bd0d3023-f50d-4256-86a4-05c36aee134e","source_type":"osm"}},{"type":"Feature","geometry":{"type":"Polygon","coordinates":[[[50.3689977,53.5115],[50.3689371,53.5114311],[50.3690445,53.5113977],[50.3691051,53.5114666],[50.3689977,53.5115]]]},"properties":{"id":"981e4710-37a8-4ee0-bbe6-3faa71c3d814","source_type":"ml"}},{"type":"Feature","geometry":{"type":"Polygon","coordinates":[[[50.3801615,53.5060042],[50.3800891,53.5058882],[50.380344,53.5058319],[50.3804164,53.5059479],[50.3801615,53.5060042]]]},"properties":{"id":"e4eb3296-1848-4842-ab91-b56c2009736b","source_type":"osm"}},{"type":"Feature","geometry":{"type":"Polygon","coordinates":[[[50.3807193,53.5072373],[50.3807206,53.5072819],[50.3805758,53.5072834],[50.3805742,53.5072292],[50.3806332,53.5072286],[50.3806335,53.5072382],[50.3807193,53.5072373]]]},"properties":{"id":"4f4c5940-5747-47fb-9067-e359b8bae6ba","source_type":"ml"}},{"type":"Feature","geometry":{"type":"Polygon","coordinates":[[[50.3808404,53.5065313],[50.3808978,53.5065194],[50.3809295,53.5065735],[50.3808721,53.5065854],[50.3808404,53.5065313]]]},"properties":{"id":"56f01e25-25f5-4963-a668-9611c2111198","source_type":"ml"}},{"type":"Feature","geometry":{"type":"Polygon","coordinates":[[[50.3803315,53.5095805],[50.3802213,53.5094013],[50.3804783,53.5093454],[50.3805228,53.5094178],[50.38048,53.5094271],[50.3805456,53.5095339],[50.3803315,53.5095805]]]},"properties":{"id":"724a59de-57a4-400c-b00c-07ec845850c2","source_type":"osm"}},{"type":"Feature","geometry":{"type":"Polygon","coordinates":[[[50.3808384,53.5101251],[50.3807637,53.5100049],[50.380895,53.5099761],[50.3809697,53.5100963],[50.3808384,53.5101251]]]},"properties":{"id":"53b649c5-156d-4c5d-8ec8-3744fc7f2b2e","source_type":"osm"}},{"type":"Feature","geometry":{"type":"Polygon","coordinates":[[[50.380974,53.5101772],[50.3807965,53.5102145],[50.380807,53.5102321],[50.380708,53.510253],[50.3806827,53.5102105],[50.3809591,53.5101522],[50.380974,53.5101772]]]},"properties":{"id":"7eebe92e-ce40-4c24-bfdb-9b8ad25255e7","source_type":"ml"}},{"type":"Feature","geometry":{"type":"Polygon","coordinates":[[[50.379826,53.5102614],[50.3798244,53.5102328],[50.3798861,53.5102316],[50.3798876,53.5102602],[50.379826,53.5102614]]]},"properties":{"id":"afc91028-e382-4ae5-9d68-49a8585232f8","source_type":"ml"}},{"type":"Feature","geometry":{"type":"Polygon","coordinates":[[[50.3799662,53.5101087],[50.3800266,53.5101921],[50.3799485,53.5102121],[50.3799334,53.5101912],[50.3797931,53.5102271],[50.3797693,53.5101943],[50.3799186,53.510156],[50.3798971,53.5101264],[50.3799662,53.5101087]]]},"properties":{"id":"6c5e6b7d-83f0-4233-be74-5c2835adf18e","source_type":"ml"}},{"type":"Feature","geometry":{"type":"Polygon","coordinates":[[[50.3807085,53.5111942],[50.3808859,53.5111823],[50.3808981,53.5112469],[50.3807207,53.5112588],[50.3807085,53.5111942]]]},"properties":{"id":"b8368be3-3ddc-4658-9d3d-ad90d21752cc","source_type":"ml"}},{"type":"Feature","geometry":{"type":"Polygon","coordinates":[[[50.3792488,53.5064435],[50.3793399,53.5064421],[50.379341,53.5064676],[50.3792498,53.506469],[50.3792488,53.5064435]]]},"properties":{"id":"b449e492-5e3a-49eb-bc91-1b0740655dd9","source_type":"ml"}},{"type":"Feature","geometry":{"type":"Polygon","coordinates":[[[50.3783872,53.5281225],[50.3783909,53.5280748],[50.3784766,53.5280772],[50.3784699,53.5281631],[50.3785555,53.5281654],[50.3785528,53.5282004],[50.3783949,53.5281961],[50.3784006,53.5281229],[50.3783872,53.5281225]]]},"properties":{"id":"59b32874-f901-47e7-a74b-b765bc00f142","source_type":"ml"}},{"type":"Feature","geometry":{"type":"Polygon","coordinates":[[[50.3775966,53.5303611],[50.3775941,53.5303165],[50.3776798,53.5303148],[50.3776823,53.5303594],[50.3775966,53.5303611]]]},"properties":{"id":"d6b7f12a-9c93-4c12-bee9-49bb3fe67ea2","source_type":"ml"}},{"type":"Feature","geometry":{"type":"Polygon","coordinates":[[[50.3777439,53.5295268],[50.3777433,53.5294997],[50.3778332,53.529499],[50.3778338,53.5295261],[50.3777439,53.5295268]]]},"properties":{"id":"8218c0a7-8058-4ddf-acbf-9edb91aa76b8","source_type":"ml"}},{"type":"Feature","geometry":{"type":"Polygon","coordinates":[[[50.3765799,53.5305651],[50.3765792,53.5304638],[50.3767321,53.5304635],[50.3767328,53.5305647],[50.3765799,53.5305651]]]},"properties":{"id":"f78f2f28-bd6d-40a1-87ca-fd009e7d0335","source_type":"osm"}},{"type":"Feature","geometry":{"type":"Polygon","coordinates":[[[50.3765778,53.52964],[50.3765718,53.5295508],[50.3767233,53.5295472],[50.3767293,53.5296364],[50.3765778,53.52964]]]},"properties":{"id":"83ac5f2c-bef4-4650-a2fb-0fe2b51725b8","source_type":"osm"}},{"type":"Feature","geometry":{"type":"Polygon","coordinates":[[[50.3765811,53.528826],[50.3765922,53.5287774],[50.3766923,53.5287855],[50.3766811,53.5288341],[50.3765811,53.528826]]]},"properties":{"id":"0bc2b88b-7739-4500-9997-3bec4126e15c","source_type":"ml"}},{"type":"Feature","geometry":{"type":"Polygon","coordinates":[[[50.3580041,53.5245123],[50.358067,53.5244726],[50.3581218,53.5245032],[50.3580588,53.524543],[50.3580041,53.5245123]]]},"properties":{"id":"67c9c73d-5eec-4c25-9529-6506f7289371","source_type":"ml"}},{"type":"Feature","geometry":{"type":"Polygon","coordinates":[[[50.3577725,53.5254087],[50.3577121,53.5253945],[50.3577785,53.5252944],[50.3578388,53.5253085],[50.3577725,53.5254087]]]},"properties":{"id":"874295a1-0378-4f3d-baa7-a327948a807d","source_type":"ml"}},{"type":"Feature","geometry":{"type":"Polygon","coordinates":[[[50.3556636,53.5282696],[50.3556038,53.5282533],[50.3556428,53.5282026],[50.3557027,53.5282189],[50.3556636,53.5282696]]]},"properties":{"id":"a0f41913-1c0c-4c78-8943-1f4c78690c51","source_type":"ml"}},{"type":"Feature","geometry":{"type":"Polygon","coordinates":[[[50.3562182,53.5279654],[50.3559661,53.5279345],[50.3559817,53.5278894],[50.3562338,53.5279203],[50.3562182,53.5279654]]]},"properties":{"id":"c72bfaff-f115-4b03-94b4-87314421a0f3","source_type":"ml"}},{"type":"Feature","geometry":{"type":"Polygon","coordinates":[[[50.3558468,53.5262401],[50.3558673,53.5261796],[50.3559627,53.526191],[50.3559421,53.5262515],[50.3558468,53.5262401]]]},"properties":{"id":"49bb65e0-83c0-4cbf-8a6e-be1d83f0216c","source_type":"ml"}},{"type":"Feature","geometry":{"type":"Polygon","coordinates":[[[50.3567327,53.5239131],[50.3568233,53.5239363],[50.3567775,53.5239995],[50.356687,53.5239764],[50.3567327,53.5239131]]]},"properties":{"id":"f073f81b-f426-48ad-b772-86363eaa6434","source_type":"ml"}},{"type":"Feature","geometry":{"type":"Polygon","coordinates":[[[50.3553555,53.5257431],[50.3555194,53.5257912],[50.3554917,53.5258245],[50.3553839,53.5257929],[50.3553722,53.525807],[50.3553161,53.5257905],[50.3553555,53.5257431]]]},"properties":{"id":"252116e5-9330-4809-a26e-f20d145d177e","source_type":"ml"}},{"type":"Feature","geometry":{"type":"Polygon","coordinates":[[[50.3553787,53.525065],[50.3552247,53.5250273],[50.3553291,53.5248766],[50.355483,53.5249142],[50.3553787,53.525065]]]},"properties":{"id":"98453686-1fb8-48e8-816e-2cc079d081a1","source_type":"osm"}},{"type":"Feature","geometry":{"type":"Polygon","coordinates":[[[50.3543281,53.525563],[50.3541575,53.5255489],[50.3541739,53.5254795],[50.3541322,53.525476],[50.3541565,53.5253729],[50.3543687,53.5253905],[50.3543281,53.525563]]]},"properties":{"id":"0f142638-229c-478a-8e1a-31593e916623","source_type":"osm"}},{"type":"Feature","geometry":{"type":"Polygon","coordinates":[[[50.3541845,53.5247698],[50.3541442,53.5248023],[50.3541104,53.5247875],[50.3541506,53.524755],[50.3541845,53.5247698]]]},"properties":{"id":"d607b168-40d1-4be9-8d8d-09ab45c5e9c9","source_type":"ml"}},{"type":"Feature","geometry":{"type":"Polygon","coordinates":[[[50.3533046,53.525329],[50.3533086,53.5252099],[50.353404,53.525211],[50.3534035,53.5252271],[50.3534695,53.5252279],[50.3534661,53.5253309],[50.3533046,53.525329]]]},"properties":{"id":"ba631415-33d8-4465-b7c6-7540ed9f1fab","source_type":"osm"}},{"type":"Feature","geometry":{"type":"Polygon","coordinates":[[[50.3528762,53.5259163],[50.3527775,53.5258926],[50.3528486,53.5257882],[50.3529472,53.5258119],[50.3528762,53.5259163]]]},"properties":{"id":"3342f178-3727-4f84-8bf1-d53025cebbed","source_type":"osm"}},{"type":"Feature","geometry":{"type":"Polygon","coordinates":[[[50.3527627,53.5250288],[50.3526444,53.5249843],[50.3527089,53.5249236],[50.3528273,53.524968],[50.3527627,53.5250288]]]},"properties":{"id":"de8718dc-d65c-481c-adff-f2c8c9da76ac","source_type":"osm"}},{"type":"Feature","geometry":{"type":"Polygon","coordinates":[[[50.3543131,53.5289833],[50.3541938,53.5289541],[50.3542425,53.5288839],[50.3543618,53.5289131],[50.3543131,53.5289833]]]},"properties":{"id":"9e3c5cb1-a482-4e39-b99a-892d003f5691","source_type":"ml"}},{"type":"Feature","geometry":{"type":"Polygon","coordinates":[[[50.3361523,53.5144009],[50.3360285,53.514307],[50.3361181,53.5142653],[50.3362418,53.5143591],[50.3361523,53.5144009]]]},"properties":{"id":"way/1480587230","source_type":"my"}},{"type":"Feature","geometry":{"type":"Polygon","coordinates":[[[50.3356428,53.5153102],[50.3355197,53.5152156],[50.3356093,53.5151744],[50.3357323,53.5152691],[50.3356428,53.5153102]]]},"properties":{"id":"way/1493993305","source_type":"my"}},{"type":"Feature","geometry":{"type":"Polygon","coordinates":[[[50.3358939,53.515194],[50.3357973,53.5151197],[50.3358733,53.5150847],[50.33597,53.515159],[50.3358939,53.515194]]]},"properties":{"id":"way/1493993307","source_type":"my"}},{"type":"Feature","geometry":{"type":"Polygon","coordinates":[[[50.3361163,53.5150894],[50.335994,53.5149948],[50.3360846,53.5149534],[50.3362069,53.515048],[50.3361163,53.5150894]]]},"properties":{"id":"way/1493993308","source_type":"my"}},{"type":"Feature","geometry":{"type":"Polygon","coordinates":[[[50.3354057,53.5154207],[50.3352829,53.515326],[50.3353718,53.5152852],[50.3354947,53.5153799],[50.3354057,53.5154207]]]},"properties":{"id":"way/1493993309","source_type":"my"}},{"type":"Feature","geometry":{"type":"Polygon","coordinates":[[[50.3351678,53.5155317],[50.335045,53.5154375],[50.3351347,53.5153962],[50.3352575,53.5154904],[50.3351678,53.5155317]]]},"properties":{"id":"way/1493993310","source_type":"my"}},{"type":"Feature","geometry":{"type":"Polygon","coordinates":[[[50.3351603,53.5152319],[50.335036,53.5151384],[50.3351249,53.5150966],[50.3352492,53.5151901],[50.3351603,53.5152319]]]},"properties":{"id":"way/1493993311","source_type":"my"}},{"type":"Feature","geometry":{"type":"Polygon","coordinates":[[[50.3347981,53.5152486],[50.3348876,53.5152071],[50.3349836,53.5152801],[50.3348941,53.5153217],[50.3347981,53.5152486]]]},"properties":{"id":"way/1493993312","source_type":"my"}},{"type":"Feature","geometry":{"type":"Polygon","coordinates":[[[50.3347731,53.5154108],[50.3346851,53.5154522],[50.3345612,53.5153593],[50.3346493,53.5153178],[50.3347731,53.5154108]]]},"properties":{"id":"way/1493993313","source_type":"my"}},{"type":"Feature","geometry":{"type":"Polygon","coordinates":[[[50.3345865,53.5149787],[50.33471,53.5150719],[50.3346208,53.5151136],[50.3344973,53.5150205],[50.3345865,53.5149787]]]},"properties":{"id":"way/1493993314","source_type":"my"}},{"type":"Feature","geometry":{"type":"Polygon","coordinates":[[[50.3348721,53.514997],[50.3347745,53.5149236],[50.3348502,53.5148881],[50.3349477,53.5149615],[50.3348721,53.514997]]]},"properties":{"id":"way/1493993315","source_type":"my"}},{"type":"Feature","geometry":{"type":"Polygon","coordinates":[[[50.3343494,53.515089],[50.3344722,53.5151822],[50.3343828,53.5152237],[50.3342601,53.5151306],[50.3343494,53.515089]]]},"properties":{"id":"way/1493993316","source_type":"my"}},{"type":"Feature","geometry":{"type":"Polygon","coordinates":[[[50.3341458,53.5153341],[50.3340231,53.515241],[50.3341124,53.5151994],[50.3342351,53.5152926],[50.3341458,53.5153341]]]},"properties":{"id":"way/1493993317","source_type":"my"}}]}
